01:07:45 | WARNING  | config:95 - Could not load system_config: [WinError 10013] An attempt was made to access a socket in a way forbidden by its access permissions — using defaults
01:07:45 | INFO     | config:187 - TradeOS v6 config loaded | Capital=₹200,000 | DRY_RUN=False | Phase=0
01:09:12 | INFO     | config:187 - TradeOS v6 config loaded | Capital=₹200,000 | DRY_RUN=False | Phase=2
01:09:12 | INFO     | __main__:1846 - =================================================================
01:09:12 | INFO     | __main__:1847 - STEP: Compute MSL v2.0 | 2026-04-12 | mode=SHADOW
01:09:12 | INFO     | __main__:1849 - =================================================================
01:09:12 | INFO     | __main__:1851 - Pass 1: loading data...
01:09:12 | ERROR    | __main__:157 - No current MSL source: today's msl_computed and master_shortlist are both empty
01:09:12 | ERROR    | __main__:1854 - No data loaded — aborting
01:11:30 | INFO     | config:187 - TradeOS v6 config loaded | Capital=₹200,000 | DRY_RUN=False | Phase=2
01:11:30 | INFO     | __main__:1864 - =================================================================
01:11:30 | INFO     | __main__:1865 - STEP: Compute MSL v2.0 | 2026-04-12 | mode=SHADOW
01:11:30 | INFO     | __main__:1867 - =================================================================
01:11:30 | INFO     | __main__:1869 - Pass 1: loading data...
01:11:30 | WARNING  | __main__:148 - master_shortlist: no rows for 2026-04-12; using latest loaded 2026-04-10
01:11:30 | WARNING  | __main__:170 -   Effective symbol source: master_shortlist[2026-04-10]; msl_computed is empty, so screen_stocks may not have run.
01:11:30 | WARNING  | __main__:190 - stock_data_daily: falling back to 2026-04-10
01:11:31 | INFO     | __main__:220 -   Loaded: 13 symbols | 13 stock_data | 208 history | 23 sectors | regime=RISK OFF | 0 open positions
01:11:31 | INFO     | __main__:1875 - Pass 2: computing all fields...
01:11:31 | INFO     | __main__:1656 -   Regime context: RISK OFF | RSI extended @62 | regime_boost=-12 | VIX=18.85 | breadth=44%
01:11:31 | INFO     | __main__:1797 -   Computed: 13 | skipped: 0
01:11:31 | INFO     | __main__:1885 -   Results: 13 symbols
01:11:31 | INFO     | __main__:1886 -   Avg final_score:         36.7
01:11:31 | INFO     | __main__:1887 -   Avg momentum_score:      65.5
01:11:31 | INFO     | __main__:1888 -   Avg institutional_score: 31.1
01:11:31 | INFO     | __main__:1889 -   Avg breakout_readiness:  23.8
01:11:31 | INFO     | __main__:1890 -   Avg risk_score:          40.3
01:11:31 | INFO     | __main__:1891 -   Avg holding_score:       26.3
01:11:31 | INFO     | __main__:1892 -   Avg ma_alignment:        5.1/6
01:11:31 | INFO     | __main__:1894 -   Momentum state:    {'HOT': 2, 'BUILDING': 10, 'STABLE': 1}
01:11:31 | INFO     | __main__:1895 -   Momentum phase:    {'EXTENDED': 3, 'FLAT': 6, 'EARLY': 4}
01:11:31 | INFO     | __main__:1896 -   Lifecycle:         {'HOLD': 13}
01:11:31 | INFO     | __main__:1897 -   Weekly structure:  {'STRONG': 12, 'CAUTION': 1}
01:11:31 | INFO     | __main__:1898 -   BB context:        {'RIDING_UPPER': 12, 'MIDDLE': 1}
01:11:31 | INFO     | __main__:1899 -   VWAP alignment:    {'ABOVE_ALL_EXTENDED': 4, 'ABOVE_ALL': 8, 'MIXED': 1}
01:11:31 | INFO     | __main__:1900 -   Volume trend:      {'CONTRACTING': 4, 'STABLE': 6, 'EXPANDING': 3}
01:11:31 | INFO     | __main__:1901 -   Fund quality:      {'STABLE': 13}
01:11:31 | INFO     | __main__:1905 -   Top 5 by final_score:
01:11:31 | INFO     | __main__:1908 -      GPIL         final= 42.7  hold= 27.9  mom=BUILDING phase=EXTENDED   MA=6/6  BB=RIDING_UPPER         risk=40.8
01:11:31 | INFO     | __main__:1908 -      NATIONALUM   final= 41.9  hold= 28.0  mom=BUILDING phase=FLAT       MA=6/6  BB=RIDING_UPPER         risk=39.6
01:11:31 | INFO     | __main__:1908 -      TATASTEEL    final= 41.9  hold= 30.0  mom=BUILDING phase=EARLY      MA=4/6  BB=RIDING_UPPER         risk=15.6
01:11:31 | INFO     | __main__:1908 -      NTPC         final= 41.3  hold= 17.5  mom=STABLE   phase=FLAT       MA=5/6  BB=MIDDLE               risk=16.8
01:11:31 | INFO     | __main__:1908 -      NMDC         final= 38.9  hold= 28.8  mom=BUILDING phase=FLAT       MA=5/6  BB=RIDING_UPPER         risk=30.0
01:11:31 | INFO     | __main__:1927 -   Sheet vs computed divergences (10 symbols):
01:11:31 | INFO     | __main__:1928 -     ABB: mom BUILDING→HOT  score 49→36.2
01:11:31 | INFO     | __main__:1928 -     VEDL: mom HOT→BUILDING  score 73→36.0
01:11:31 | INFO     | __main__:1928 -     BHARATFORG: mom WEAK→BUILDING  score 62→32.6
01:11:31 | INFO     | __main__:1928 -     NATIONALUM: mom HOT→BUILDING  score 103→41.9
01:11:31 | INFO     | __main__:1928 -     GPIL: mom STABLE→BUILDING  score 50→42.7
01:11:31 | INFO     | __main__:1928 -     ADANIPOWER: mom HOT→BUILDING  score 54→22.9
01:11:31 | INFO     | __main__:1928 -     POWERINDIA: mom HOT→HOT  score 81→30.1
01:11:31 | INFO     | __main__:1928 -     TATASTEEL: mom HOT→BUILDING  score 50→41.9
01:11:31 | INFO     | __main__:1937 - Pass 3: writing results...
01:11:31 | SUCCESS  | __main__:1825 - ✓ shadow: 13 → msl_computed
01:21:46 | INFO     | config:187 - TradeOS v6 config loaded | Capital=₹200,000 | DRY_RUN=False | Phase=2
01:21:46 | INFO     | __main__:1816 - =================================================================
01:21:46 | INFO     | __main__:1817 - STEP: Compute MSL v2.0 | 2026-04-12 | mode=SHADOW
01:21:46 | INFO     | __main__:1819 - =================================================================
01:21:46 | INFO     | __main__:1821 - Pass 1: loading data...
01:21:47 | INFO     | __main__:120 -   Source table: msl_computed (0 symbols)
01:21:47 | INFO     | __main__:137 -   Symbol source: master_shortlist only (0 symbols) — shadow mode or screener not yet run
01:21:47 | ERROR    | __main__:141 - No MSL symbols
01:21:47 | ERROR    | __main__:1824 - No data loaded — aborting
01:24:19 | INFO     | config:187 - TradeOS v6 config loaded | Capital=₹200,000 | DRY_RUN=False | Phase=2
01:24:19 | INFO     | __main__:1811 - =================================================================
01:24:19 | INFO     | __main__:1812 - STEP: Compute MSL v2.0 | 2026-04-12 | mode=SHADOW
01:24:19 | INFO     | __main__:1814 - =================================================================
01:24:19 | INFO     | __main__:1816 - Pass 1: loading data...
01:24:19 | WARNING  | __main__:116 - MSL: falling back to 2026-04-10
01:24:19 | INFO     | __main__:133 -   Symbol source: master_shortlist only (13 symbols) — shadow mode or screener not yet run
01:24:19 | WARNING  | __main__:147 - stock_data_daily: falling back to 2026-04-10
01:24:20 | INFO     | __main__:177 -   Loaded: 13 symbols | 13 stock_data | 208 history | 23 sectors | regime=RISK OFF | 0 open positions
01:24:20 | INFO     | __main__:1822 - Pass 2: computing all fields...
01:24:20 | INFO     | __main__:1602 -   Regime context: RISK OFF | RSI extended @62 | regime_boost=-12 | VIX=18.85 | breadth=44%
01:24:20 | INFO     | __main__:1745 -   Computed: 13 | skipped: 0
01:24:20 | INFO     | __main__:1832 -   Results: 13 symbols
01:24:20 | INFO     | __main__:1833 -   Avg final_score:         36.7
01:24:20 | INFO     | __main__:1834 -   Avg momentum_score:      65.5
01:24:20 | INFO     | __main__:1835 -   Avg institutional_score: 31.1
01:24:20 | INFO     | __main__:1836 -   Avg breakout_readiness:  23.8
01:24:20 | INFO     | __main__:1837 -   Avg risk_score:          40.3
01:24:20 | INFO     | __main__:1838 -   Avg holding_score:       26.3
01:24:20 | INFO     | __main__:1839 -   Avg ma_alignment:        5.1/6
01:24:20 | INFO     | __main__:1841 -   Momentum state:    {'HOT': 2, 'BUILDING': 10, 'STABLE': 1}
01:24:20 | INFO     | __main__:1842 -   Momentum phase:    {'EXTENDED': 3, 'FLAT': 6, 'EARLY': 4}
01:24:20 | INFO     | __main__:1843 -   Lifecycle:         {'HOLD': 13}
01:24:20 | INFO     | __main__:1844 -   Weekly structure:  {'STRONG': 12, 'CAUTION': 1}
01:24:20 | INFO     | __main__:1845 -   BB context:        {'RIDING_UPPER': 12, 'MIDDLE': 1}
01:24:20 | INFO     | __main__:1846 -   VWAP alignment:    {'ABOVE_ALL_EXTENDED': 4, 'ABOVE_ALL': 8, 'MIXED': 1}
01:24:20 | INFO     | __main__:1847 -   Volume trend:      {'CONTRACTING': 4, 'STABLE': 6, 'EXPANDING': 3}
01:24:20 | INFO     | __main__:1848 -   Fund quality:      {'STABLE': 13}
01:24:20 | INFO     | __main__:1852 -   Top 5 by final_score:
01:24:20 | INFO     | __main__:1855 -      GPIL         final= 42.7  hold= 27.9  mom=BUILDING phase=EXTENDED   MA=6/6  BB=RIDING_UPPER         risk=40.8
01:24:20 | INFO     | __main__:1855 -      NATIONALUM   final= 41.9  hold= 28.0  mom=BUILDING phase=FLAT       MA=6/6  BB=RIDING_UPPER         risk=39.6
01:24:20 | INFO     | __main__:1855 -      TATASTEEL    final= 41.9  hold= 30.0  mom=BUILDING phase=EARLY      MA=4/6  BB=RIDING_UPPER         risk=15.6
01:24:20 | INFO     | __main__:1855 -      NTPC         final= 41.3  hold= 17.5  mom=STABLE   phase=FLAT       MA=5/6  BB=MIDDLE               risk=16.8
01:24:20 | INFO     | __main__:1855 -      NMDC         final= 38.9  hold= 28.8  mom=BUILDING phase=FLAT       MA=5/6  BB=RIDING_UPPER         risk=30.0
01:24:20 | INFO     | __main__:1874 -   Sheet vs computed divergences (10 symbols):
01:24:20 | INFO     | __main__:1875 -     ABB: mom BUILDING→HOT  score 49→36.2
01:24:20 | INFO     | __main__:1875 -     VEDL: mom HOT→BUILDING  score 73→36.0
01:24:20 | INFO     | __main__:1875 -     BHARATFORG: mom WEAK→BUILDING  score 62→32.6
01:24:20 | INFO     | __main__:1875 -     NATIONALUM: mom HOT→BUILDING  score 103→41.9
01:24:20 | INFO     | __main__:1875 -     GPIL: mom STABLE→BUILDING  score 50→42.7
01:24:20 | INFO     | __main__:1875 -     ADANIPOWER: mom HOT→BUILDING  score 54→22.9
01:24:20 | INFO     | __main__:1875 -     POWERINDIA: mom HOT→HOT  score 81→30.1
01:24:20 | INFO     | __main__:1875 -     TATASTEEL: mom HOT→BUILDING  score 50→41.9
01:24:20 | INFO     | __main__:1879 - Pass 3: writing results...
01:24:21 | SUCCESS  | __main__:1772 - ✓ shadow: 13 → msl_computed
01:29:19 | INFO     | config:187 - TradeOS v6 config loaded | Capital=₹200,000 | DRY_RUN=False | Phase=2
01:29:19 | INFO     | __main__:1825 - =================================================================
01:29:19 | INFO     | __main__:1826 - STEP: Compute MSL v2.0 | 2026-04-12 | mode=SHADOW
01:29:19 | INFO     | __main__:1828 - =================================================================
01:29:19 | INFO     | __main__:1830 - Pass 1: loading data...
01:29:19 | INFO     | __main__:119 -   Source table: msl_computed (13 symbols)
01:29:19 | INFO     | __main__:146 -   Symbol source: master_shortlist only (13 symbols) — shadow mode or screener not yet run
01:29:19 | WARNING  | __main__:160 - stock_data_daily: falling back to 2026-04-10
01:29:20 | INFO     | __main__:190 -   Loaded: 13 symbols | 13 stock_data | 208 history | 23 sectors | regime=RISK OFF | 0 open positions
01:29:20 | INFO     | __main__:1836 - Pass 2: computing all fields...
01:29:20 | INFO     | __main__:1615 -   Regime context: RISK OFF | RSI extended @62 | regime_boost=-12 | VIX=18.85 | breadth=44%
01:29:20 | INFO     | __main__:1758 -   Computed: 13 | skipped: 0
01:29:20 | INFO     | __main__:1846 -   Results: 13 symbols
01:29:20 | INFO     | __main__:1847 -   Avg final_score:         36.7
01:29:20 | INFO     | __main__:1848 -   Avg momentum_score:      65.5
01:29:20 | INFO     | __main__:1849 -   Avg institutional_score: 31.1
01:29:20 | INFO     | __main__:1850 -   Avg breakout_readiness:  23.8
01:29:20 | INFO     | __main__:1851 -   Avg risk_score:          40.3
01:29:20 | INFO     | __main__:1852 -   Avg holding_score:       26.3
01:29:20 | INFO     | __main__:1853 -   Avg ma_alignment:        5.1/6
01:29:20 | INFO     | __main__:1855 -   Momentum state:    {'HOT': 2, 'BUILDING': 10, 'STABLE': 1}
01:29:20 | INFO     | __main__:1856 -   Momentum phase:    {'EXTENDED': 3, 'EARLY': 4, 'FLAT': 6}
01:29:20 | INFO     | __main__:1857 -   Lifecycle:         {'HOLD': 13}
01:29:20 | INFO     | __main__:1858 -   Weekly structure:  {'STRONG': 12, 'CAUTION': 1}
01:29:20 | INFO     | __main__:1859 -   BB context:        {'RIDING_UPPER': 12, 'MIDDLE': 1}
01:29:20 | INFO     | __main__:1860 -   VWAP alignment:    {'ABOVE_ALL_EXTENDED': 4, 'MIXED': 1, 'ABOVE_ALL': 8}
01:29:20 | INFO     | __main__:1861 -   Volume trend:      {'CONTRACTING': 4, 'EXPANDING': 3, 'STABLE': 6}
01:29:20 | INFO     | __main__:1862 -   Fund quality:      {'STABLE': 13}
01:29:20 | INFO     | __main__:1866 -   Top 5 by final_score:
01:29:20 | INFO     | __main__:1869 -      GPIL         final= 42.7  hold= 27.9  mom=BUILDING phase=EXTENDED   MA=6/6  BB=RIDING_UPPER         risk=40.8
01:29:20 | INFO     | __main__:1869 -      NATIONALUM   final= 41.9  hold= 28.0  mom=BUILDING phase=FLAT       MA=6/6  BB=RIDING_UPPER         risk=39.6
01:29:20 | INFO     | __main__:1869 -      NTPC         final= 41.3  hold= 17.5  mom=STABLE   phase=FLAT       MA=5/6  BB=MIDDLE               risk=16.8
01:29:20 | INFO     | __main__:1869 -      TATASTEEL    final= 41.1  hold= 30.0  mom=BUILDING phase=EARLY      MA=4/6  BB=RIDING_UPPER         risk=15.6
01:29:20 | INFO     | __main__:1869 -      JINDALSTEL   final= 39.1  hold= 23.5  mom=BUILDING phase=FLAT       MA=4/6  BB=RIDING_UPPER         risk=21.6
01:29:20 | INFO     | __main__:1891 -   ✅ Computed values closely match Sheet
01:29:20 | INFO     | __main__:1898 - Pass 3: writing results...
01:29:20 | SUCCESS  | __main__:1786 - ✓ shadow: 13 → msl_computed
01:30:56 | INFO     | config:187 - TradeOS v6 config loaded | Capital=₹200,000 | DRY_RUN=False | Phase=2
01:30:56 | INFO     | __main__:1825 - =================================================================
01:30:56 | INFO     | __main__:1826 - STEP: Compute MSL v2.0 | 2026-04-12 | mode=SHADOW
01:30:56 | INFO     | __main__:1828 - =================================================================
01:30:56 | INFO     | __main__:1830 - Pass 1: loading data...
01:30:56 | INFO     | __main__:119 -   Source table: msl_computed (0 symbols)
01:30:56 | INFO     | __main__:146 -   Symbol source: master_shortlist only (0 symbols) — shadow mode or screener not yet run
01:30:56 | ERROR    | __main__:150 - No MSL symbols
01:30:56 | ERROR    | __main__:1833 - No data loaded — aborting
01:35:18 | INFO     | config:187 - TradeOS v6 config loaded | Capital=₹200,000 | DRY_RUN=False | Phase=2
01:35:18 | INFO     | __main__:1823 - =================================================================
01:35:18 | INFO     | __main__:1824 - STEP: Compute MSL v2.0 | 2026-04-12 | mode=SHADOW
01:35:18 | INFO     | __main__:1826 - =================================================================
01:35:18 | INFO     | __main__:1828 - Pass 1: loading data...
01:35:18 | WARNING  | __main__:116 - MSL: falling back to 2026-04-10
01:35:18 | INFO     | __main__:145 -   Symbol source: master_shortlist only (13 symbols) — shadow mode or screener not yet run
01:35:19 | WARNING  | __main__:159 - stock_data_daily: falling back to 2026-04-10
01:35:19 | INFO     | __main__:189 -   Loaded: 13 symbols | 13 stock_data | 208 history | 23 sectors | regime=RISK OFF | 0 open positions
01:35:19 | INFO     | __main__:1834 - Pass 2: computing all fields...
01:35:19 | INFO     | __main__:1614 -   Regime context: RISK OFF | RSI extended @62 | regime_boost=-12 | VIX=18.85 | breadth=44%
01:35:19 | INFO     | __main__:1757 -   Computed: 13 | skipped: 0
01:35:19 | INFO     | __main__:1844 -   Results: 13 symbols
01:35:19 | INFO     | __main__:1845 -   Avg final_score:         36.7
01:35:19 | INFO     | __main__:1846 -   Avg momentum_score:      65.5
01:35:19 | INFO     | __main__:1847 -   Avg institutional_score: 31.1
01:35:19 | INFO     | __main__:1848 -   Avg breakout_readiness:  23.8
01:35:19 | INFO     | __main__:1849 -   Avg risk_score:          40.3
01:35:19 | INFO     | __main__:1850 -   Avg holding_score:       26.3
01:35:19 | INFO     | __main__:1851 -   Avg ma_alignment:        5.1/6
01:35:19 | INFO     | __main__:1853 -   Momentum state:    {'HOT': 2, 'BUILDING': 10, 'STABLE': 1}
01:35:19 | INFO     | __main__:1854 -   Momentum phase:    {'EXTENDED': 3, 'FLAT': 6, 'EARLY': 4}
01:35:19 | INFO     | __main__:1855 -   Lifecycle:         {'HOLD': 13}
01:35:19 | INFO     | __main__:1856 -   Weekly structure:  {'STRONG': 12, 'CAUTION': 1}
01:35:19 | INFO     | __main__:1857 -   BB context:        {'RIDING_UPPER': 12, 'MIDDLE': 1}
01:35:19 | INFO     | __main__:1858 -   VWAP alignment:    {'ABOVE_ALL_EXTENDED': 4, 'ABOVE_ALL': 8, 'MIXED': 1}
01:35:19 | INFO     | __main__:1859 -   Volume trend:      {'CONTRACTING': 4, 'STABLE': 6, 'EXPANDING': 3}
01:35:19 | INFO     | __main__:1860 -   Fund quality:      {'STABLE': 13}
01:35:19 | INFO     | __main__:1864 -   Top 5 by final_score:
01:35:19 | INFO     | __main__:1867 -      GPIL         final= 42.7  hold= 27.9  mom=BUILDING phase=EXTENDED   MA=6/6  BB=RIDING_UPPER         risk=40.8
01:35:19 | INFO     | __main__:1867 -      NATIONALUM   final= 41.9  hold= 28.0  mom=BUILDING phase=FLAT       MA=6/6  BB=RIDING_UPPER         risk=39.6
01:35:19 | INFO     | __main__:1867 -      TATASTEEL    final= 41.9  hold= 30.0  mom=BUILDING phase=EARLY      MA=4/6  BB=RIDING_UPPER         risk=15.6
01:35:19 | INFO     | __main__:1867 -      NTPC         final= 41.3  hold= 17.5  mom=STABLE   phase=FLAT       MA=5/6  BB=MIDDLE               risk=16.8
01:35:19 | INFO     | __main__:1867 -      NMDC         final= 38.9  hold= 28.8  mom=BUILDING phase=FLAT       MA=5/6  BB=RIDING_UPPER         risk=30.0
01:35:19 | INFO     | __main__:1886 -   Sheet vs computed divergences (10 symbols):
01:35:19 | INFO     | __main__:1887 -     ABB: mom BUILDING→HOT  score 49→36.2
01:35:19 | INFO     | __main__:1887 -     VEDL: mom HOT→BUILDING  score 73→36.0
01:35:19 | INFO     | __main__:1887 -     BHARATFORG: mom WEAK→BUILDING  score 62→32.6
01:35:19 | INFO     | __main__:1887 -     NATIONALUM: mom HOT→BUILDING  score 103→41.9
01:35:19 | INFO     | __main__:1887 -     GPIL: mom STABLE→BUILDING  score 50→42.7
01:35:19 | INFO     | __main__:1887 -     ADANIPOWER: mom HOT→BUILDING  score 54→22.9
01:35:19 | INFO     | __main__:1887 -     POWERINDIA: mom HOT→HOT  score 81→30.1
01:35:19 | INFO     | __main__:1887 -     TATASTEEL: mom HOT→BUILDING  score 50→41.9
01:35:19 | INFO     | __main__:1896 - Pass 3: writing results...
01:37:14 | INFO     | config:187 - TradeOS v6 config loaded | Capital=₹200,000 | DRY_RUN=False | Phase=2
01:37:14 | INFO     | __main__:1824 - =================================================================
01:37:14 | INFO     | __main__:1825 - STEP: Compute MSL v2.0 | 2026-04-12 | mode=SHADOW
01:37:14 | INFO     | __main__:1827 - =================================================================
01:37:14 | INFO     | __main__:1829 - Pass 1: loading data...
01:37:14 | WARNING  | __main__:116 - MSL: falling back to 2026-04-10
01:37:14 | INFO     | __main__:145 -   Symbol source: master_shortlist only (13 symbols) — shadow mode or screener not yet run
01:37:14 | WARNING  | __main__:159 - stock_data_daily: falling back to 2026-04-10
01:37:14 | INFO     | __main__:189 -   Loaded: 13 symbols | 13 stock_data | 208 history | 23 sectors | regime=RISK OFF | 0 open positions
01:37:14 | INFO     | __main__:1835 - Pass 2: computing all fields...
01:37:14 | INFO     | __main__:1614 -   Regime context: RISK OFF | RSI extended @62 | regime_boost=-12 | VIX=18.85 | breadth=44%
01:37:14 | INFO     | __main__:1757 -   Computed: 13 | skipped: 0
01:37:14 | INFO     | __main__:1845 -   Results: 13 symbols
01:37:14 | INFO     | __main__:1846 -   Avg final_score:         36.7
01:37:14 | INFO     | __main__:1847 -   Avg momentum_score:      65.5
01:37:14 | INFO     | __main__:1848 -   Avg institutional_score: 31.1
01:37:14 | INFO     | __main__:1849 -   Avg breakout_readiness:  23.8
01:37:14 | INFO     | __main__:1850 -   Avg risk_score:          40.3
01:37:14 | INFO     | __main__:1851 -   Avg holding_score:       26.3
01:37:14 | INFO     | __main__:1852 -   Avg ma_alignment:        5.1/6
01:37:14 | INFO     | __main__:1854 -   Momentum state:    {'HOT': 2, 'BUILDING': 10, 'STABLE': 1}
01:37:14 | INFO     | __main__:1855 -   Momentum phase:    {'EXTENDED': 3, 'FLAT': 6, 'EARLY': 4}
01:37:14 | INFO     | __main__:1856 -   Lifecycle:         {'HOLD': 13}
01:37:14 | INFO     | __main__:1857 -   Weekly structure:  {'STRONG': 12, 'CAUTION': 1}
01:37:14 | INFO     | __main__:1858 -   BB context:        {'RIDING_UPPER': 12, 'MIDDLE': 1}
01:37:14 | INFO     | __main__:1859 -   VWAP alignment:    {'ABOVE_ALL_EXTENDED': 4, 'ABOVE_ALL': 8, 'MIXED': 1}
01:37:14 | INFO     | __main__:1860 -   Volume trend:      {'CONTRACTING': 4, 'STABLE': 6, 'EXPANDING': 3}
01:37:14 | INFO     | __main__:1861 -   Fund quality:      {'STABLE': 13}
01:37:14 | INFO     | __main__:1865 -   Top 5 by final_score:
01:37:14 | INFO     | __main__:1868 -      GPIL         final= 42.7  hold= 27.9  mom=BUILDING phase=EXTENDED   MA=6/6  BB=RIDING_UPPER         risk=40.8
01:37:14 | INFO     | __main__:1868 -      NATIONALUM   final= 41.9  hold= 28.0  mom=BUILDING phase=FLAT       MA=6/6  BB=RIDING_UPPER         risk=39.6
01:37:14 | INFO     | __main__:1868 -      TATASTEEL    final= 41.9  hold= 30.0  mom=BUILDING phase=EARLY      MA=4/6  BB=RIDING_UPPER         risk=15.6
01:37:14 | INFO     | __main__:1868 -      NTPC         final= 41.3  hold= 17.5  mom=STABLE   phase=FLAT       MA=5/6  BB=MIDDLE               risk=16.8
01:37:14 | INFO     | __main__:1868 -      NMDC         final= 38.9  hold= 28.8  mom=BUILDING phase=FLAT       MA=5/6  BB=RIDING_UPPER         risk=30.0
01:37:14 | INFO     | __main__:1887 -   Sheet vs computed divergences (10 symbols):
01:37:14 | INFO     | __main__:1888 -     ABB: mom BUILDING→HOT  score 49→36.2
01:37:14 | INFO     | __main__:1888 -     VEDL: mom HOT→BUILDING  score 73→36.0
01:37:14 | INFO     | __main__:1888 -     BHARATFORG: mom WEAK→BUILDING  score 62→32.6
01:37:14 | INFO     | __main__:1888 -     NATIONALUM: mom HOT→BUILDING  score 103→41.9
01:37:14 | INFO     | __main__:1888 -     GPIL: mom STABLE→BUILDING  score 50→42.7
01:37:14 | INFO     | __main__:1888 -     ADANIPOWER: mom HOT→BUILDING  score 54→22.9
01:37:14 | INFO     | __main__:1888 -     POWERINDIA: mom HOT→HOT  score 81→30.1
01:37:14 | INFO     | __main__:1888 -     TATASTEEL: mom HOT→BUILDING  score 50→41.9
01:37:14 | INFO     | __main__:1897 - Pass 3: writing results...
01:37:14 | SUCCESS  | __main__:1785 - ✓ shadow: 13 → msl_computed
01:41:45 | INFO     | config:187 - TradeOS v6 config loaded | Capital=₹200,000 | DRY_RUN=False | Phase=2
01:41:45 | INFO     | __main__:1816 - =================================================================
01:41:45 | INFO     | __main__:1817 - STEP: Compute MSL v2.0 | 2026-04-12 | mode=SHADOW
01:41:45 | INFO     | __main__:1819 - =================================================================
01:41:45 | INFO     | __main__:1821 - Pass 1: loading data...
01:41:45 | INFO     | __main__:120 -   Source table: msl_computed (0 symbols)
01:41:45 | INFO     | __main__:137 -   Symbol source: master_shortlist only (0 symbols) — shadow mode or screener not yet run
01:41:45 | ERROR    | __main__:141 - No MSL symbols
01:41:45 | ERROR    | __main__:1824 - No data loaded — aborting
01:42:03 | INFO     | config:187 - TradeOS v6 config loaded | Capital=₹200,000 | DRY_RUN=False | Phase=2
01:42:03 | INFO     | __main__:1072 - =================================================================
01:42:03 | INFO     | __main__:1073 - STEP: Screen Stocks v1.0 | 2026-04-12 | mode=SHADOW
01:42:03 | INFO     | __main__:1075 - =================================================================
01:42:03 | INFO     | __main__:1078 - Pass 1: loading data...
01:42:04 | WARNING  | __main__:73 - stock_data_daily: falling back to 2026-04-10
01:42:04 | INFO     | __main__:106 -   Loaded: 501 stocks | 23 sectors | regime=RISK OFF | asm=0 | fii=CAUTION | forced=0
01:42:04 | INFO     | __main__:1111 - Pass 2: running engines (regime=RISK OFF)...
01:42:04 | INFO     | __main__:241 -   CTL: 9 candidates
01:42:04 | INFO     | __main__:338 -   SBS: 0 candidates
01:42:04 | INFO     | __main__:413 -   TPO: 0 candidates
01:42:04 | INFO     | __main__:507 -   VBD: 2 candidates
01:42:05 | INFO     | __main__:572 -   IAD: 0 candidates
01:42:05 | INFO     | __main__:635 -   RSB: 0 candidates
01:42:05 | INFO     | __main__:712 -   MOM: 11 candidates
01:42:05 | INFO     | __main__:726 -   RVS: skipped (RISK OFF regime)
01:42:05 | INFO     | __main__:847 -   SEC: 37 candidates
01:42:05 | INFO     | __main__:1140 -   Engine totals: CTL=9 SBS=0 TPO=0 VBD=2 IAD=0 RSB=0 MOM=11 RVS=0 SEC=37 | Total unique=48
01:42:05 | INFO     | __main__:1148 - Pass 3: aggregating and ranking...
01:42:05 | WARNING  | __main__:886 -   RISK OFF regime detected — screener_allow_risk_off=True, proceeding with reduced universe
01:42:05 | INFO     | __main__:970 -   Aggregated: 48 total unique | 48 after hard filters | 30 final
01:42:05 | INFO     | __main__:1162 - 
  ═══ TOP 30 SCREENED SYMBOLS ═══
01:42:05 | INFO     | __main__:1165 -      # 1 GPIL         score= 95.0  engines=CTL,MOM,SEC                  sector=metals & mining      rank=1
01:42:05 | INFO     | __main__:1165 -      # 2 ABB          score= 88.3  engines=CTL,MOM,SEC                  sector=industrials          rank=2
01:42:05 | INFO     | __main__:1165 -      # 3 GVT&D        score= 86.5  engines=MOM,SEC                      sector=industrials          rank=2
01:42:05 | INFO     | __main__:1165 -      # 4 AXISBANK     score= 79.0  engines=MOM                          sector=bank                 rank=6
01:42:05 | INFO     | __main__:1165 -      # 5 TATASTEEL    score= 76.0  engines=CTL,SEC                      sector=metals & mining      rank=1
01:42:05 | INFO     | __main__:1165 -      # 6 HINDALCO     score= 75.0  engines=CTL,SEC                      sector=metals & mining      rank=1
01:42:05 | INFO     | __main__:1165 -      # 7 POWERINDIA   score= 75.0  engines=CTL,MOM,VBD                  sector=industrials          rank=2
01:42:05 | INFO     | __main__:1165 -      # 8 POLYCAB      score= 73.0  engines=MOM,SEC                      sector=industrials          rank=2
01:42:05 | INFO     | __main__:1165 -      # 9 CUMMINSIND   score= 72.0  engines=CTL                          sector=industrials          rank=2
01:42:05 | INFO     | __main__:1165 -      #10 JSWSTEEL     score= 72.0  engines=SEC                          sector=metals & mining      rank=1
01:42:05 | INFO     | __main__:1165 -      #11 BHARATFORG   score= 68.0  engines=CTL                          sector=industrials          rank=2
01:42:05 | INFO     | __main__:1165 -      #12 HEG          score= 68.0  engines=SEC                          sector=industrials          rank=2
01:42:05 | INFO     | __main__:1165 -      #13 EMMVEE       score= 68.0  engines=SEC                          sector=industrials          rank=2
01:42:05 | INFO     | __main__:1165 -      #14 FEDERALBNK   score= 67.0  engines=MOM                          sector=bank                 rank=6
01:42:05 | INFO     | __main__:1165 -      #15 SAIL         score= 67.0  engines=SEC                          sector=metals & mining      rank=1
01:42:05 | INFO     | __main__:1165 -      #16 GRAVITA      score= 67.0  engines=SEC                          sector=metals & mining      rank=1
01:42:05 | INFO     | __main__:1165 -      #17 NATIONALUM   score= 66.5  engines=CTL,SEC                      sector=metals & mining      rank=1
01:42:05 | INFO     | __main__:1165 -      #18 APARINDS     score= 66.0  engines=SEC                          sector=industrials          rank=2
01:42:05 | INFO     | __main__:1165 -      #19 CARBORUNIV   score= 66.0  engines=SEC                          sector=industrials          rank=2
01:42:05 | INFO     | __main__:1165 -      #20 USHAMART     score= 65.0  engines=SEC                          sector=metals & mining      rank=1
01:42:05 | INFO     | __main__:1165 -      #21 JINDALSTEL   score= 65.0  engines=SEC                          sector=metals & mining      rank=1
01:42:05 | INFO     | __main__:1165 -      #22 MOTHERSON    score= 62.0  engines=MOM                          sector=auto                 rank=8
01:42:05 | INFO     | __main__:1165 -      #23 BAJAJ-AUTO   score= 62.0  engines=MOM                          sector=auto                 rank=8
01:42:05 | INFO     | __main__:1165 -      #24 AUBANK       score= 62.0  engines=MOM                          sector=bank                 rank=6
01:42:05 | INFO     | __main__:1165 -      #25 NTPCGREEN    score= 62.0  engines=SEC                          sector=power & utilities    rank=4
01:42:05 | INFO     | __main__:1165 -      #26 NATCOPHARM   score= 61.0  engines=MOM                          sector=healthcare           rank=9
01:42:05 | INFO     | __main__:1165 -      #27 ADANIPOWER   score= 60.0  engines=CTL                          sector=power & utilities    rank=4
01:42:05 | INFO     | __main__:1165 -      #28 TORNTPOWER   score= 57.0  engines=SEC                          sector=power & utilities    rank=4
01:42:05 | INFO     | __main__:1165 -      #29 HAL          score= 57.0  engines=SEC                          sector=aerospace & defence  rank=3
01:42:05 | INFO     | __main__:1165 -      #30 POWERGRID    score= 55.0  engines=SEC                          sector=power & utilities    rank=4
01:42:05 | INFO     | __main__:1181 -   Multi-engine confirmed: 8/30
01:42:05 | INFO     | __main__:1182 -   Sector distribution: {'metals & mining': 9, 'industrials': 10, 'bank': 3, 'auto': 2, 'power & utilities': 4, 'healthcare': 1, 'aerospace & defence': 1}
01:42:05 | INFO     | __main__:1183 -   Engine hits: {'CTL': 9, 'MOM': 11, 'SEC': 20, 'VBD': 1}
01:42:05 | INFO     | __main__:1186 - Pass 4: writing (shadow mode)...
01:42:05 | SUCCESS  | __main__:1021 - ✓ 30 symbols → msl_computed
01:42:31 | INFO     | config:187 - TradeOS v6 config loaded | Capital=₹200,000 | DRY_RUN=False | Phase=2
01:42:31 | INFO     | __main__:1816 - =================================================================
01:42:31 | INFO     | __main__:1817 - STEP: Compute MSL v2.0 | 2026-04-12 | mode=SHADOW
01:42:31 | INFO     | __main__:1819 - =================================================================
01:42:31 | INFO     | __main__:1821 - Pass 1: loading data...
01:42:31 | INFO     | __main__:120 -   Source table: msl_computed (30 symbols)
01:42:31 | INFO     | __main__:137 -   Symbol source: master_shortlist only (30 symbols) — shadow mode or screener not yet run
01:42:31 | WARNING  | __main__:151 - stock_data_daily: falling back to 2026-04-10
01:42:31 | INFO     | __main__:181 -   Loaded: 30 symbols | 30 stock_data | 276 history | 23 sectors | regime=RISK OFF | 0 open positions
01:42:31 | INFO     | __main__:1827 - Pass 2: computing all fields...
01:42:31 | INFO     | __main__:1606 -   Regime context: RISK OFF | RSI extended @62 | regime_boost=-12 | VIX=18.85 | breadth=44%
01:42:31 | INFO     | __main__:1749 -   Computed: 30 | skipped: 0
01:42:31 | INFO     | __main__:1837 -   Results: 30 symbols
01:42:31 | INFO     | __main__:1838 -   Avg final_score:         37.8
01:42:31 | INFO     | __main__:1839 -   Avg momentum_score:      66.8
01:42:31 | INFO     | __main__:1840 -   Avg institutional_score: 33.3
01:42:31 | INFO     | __main__:1841 -   Avg breakout_readiness:  23.6
01:42:31 | INFO     | __main__:1842 -   Avg risk_score:          29.4
01:42:31 | INFO     | __main__:1843 -   Avg holding_score:       27.2
01:42:31 | INFO     | __main__:1844 -   Avg ma_alignment:        4.3/6
01:42:32 | INFO     | __main__:1846 -   Momentum state:    {'BUILDING': 18, 'HOT': 11, 'STABLE': 1}
01:42:32 | INFO     | __main__:1847 -   Momentum phase:    {'EXTENDED': 7, 'EXPANSION': 10, 'EARLY': 7, 'FLAT': 6}
01:42:32 | INFO     | __main__:1848 -   Lifecycle:         {'HOLD': 30}
01:42:32 | INFO     | __main__:1849 -   Weekly structure:  {'STRONG': 26, 'CONSOLIDATING': 3, 'CAUTION': 1}
01:42:32 | INFO     | __main__:1850 -   BB context:        {'RIDING_UPPER': 25, 'UPPER_HALF': 3, 'MIDDLE': 1, 'SQUEEZE_BULLISH': 1}
01:42:32 | INFO     | __main__:1851 -   VWAP alignment:    {'ABOVE_ALL': 18, 'ABOVE_ALL_EXTENDED': 6, 'MIXED': 2, 'ABOVE_20D': 4}
01:42:32 | INFO     | __main__:1852 -   Volume trend:      {'EXPANDING': 8, 'CONTRACTING': 6, 'STABLE': 14, 'DECLINING': 2}
01:42:32 | INFO     | __main__:1853 -   Fund quality:      {'STABLE': 30}
01:42:32 | INFO     | __main__:1857 -   Top 5 by final_score:
01:42:32 | INFO     | __main__:1860 -      POWERGRID    final= 48.9  hold= 24.1  mom=STABLE   phase=FLAT       MA=6/6  BB=SQUEEZE_BULLISH      risk= 8.4
01:42:32 | INFO     | __main__:1860 -      GPIL         final= 43.9  hold= 27.9  mom=BUILDING phase=EXTENDED   MA=6/6  BB=RIDING_UPPER         risk=40.8
01:42:32 | INFO     | __main__:1860 -      GVT&D        final= 43.1  hold= 30.9  mom=HOT      phase=EXTENDED   MA=5/6  BB=RIDING_UPPER         risk=38.4
01:42:32 | INFO     | __main__:1860 -      EMMVEE       final= 43.1  hold= 28.4  mom=BUILDING phase=EARLY      MA=6/6  BB=UPPER_HALF           risk=34.8
01:42:32 | INFO     | __main__:1860 -      TATASTEEL    final= 42.6  hold= 30.0  mom=BUILDING phase=EARLY      MA=4/6  BB=RIDING_UPPER         risk=15.6
01:42:32 | INFO     | __main__:1879 -   Sheet vs computed divergences (30 symbols):
01:42:32 | INFO     | __main__:1880 -     GPIL: mom None→BUILDING  score 0→43.9
01:42:32 | INFO     | __main__:1880 -     ABB: mom None→HOT  score 0→37.1
01:42:32 | INFO     | __main__:1880 -     GVT&D: mom None→HOT  score 0→43.1
01:42:32 | INFO     | __main__:1880 -     AXISBANK: mom None→HOT  score 0→41.5
01:42:32 | INFO     | __main__:1880 -     TATASTEEL: mom None→BUILDING  score 0→42.6
01:42:32 | INFO     | __main__:1880 -     HINDALCO: mom None→BUILDING  score 0→38.3
01:42:32 | INFO     | __main__:1880 -     POWERINDIA: mom None→HOT  score 0→29.2
01:42:32 | INFO     | __main__:1880 -     POLYCAB: mom None→BUILDING  score 0→35.4
01:42:32 | INFO     | __main__:1889 - Pass 3: writing results...
01:42:32 | SUCCESS  | __main__:1777 - ✓ shadow: 30 → msl_computed
01:42:32 | INFO     | __main__:1899 -   ★ HOT + in zone (new opportunities): ['GVT&D', 'AXISBANK', 'BAJAJ-AUTO', 'MOTHERSON']
01:54:26 | INFO     | config:187 - TradeOS v6 config loaded | Capital=₹200,000 | DRY_RUN=False | Phase=2
01:54:26 | INFO     | __main__:1816 - =================================================================
01:54:26 | INFO     | __main__:1817 - STEP: Compute MSL v2.0 | 2026-04-12 | mode=SHADOW
01:54:26 | INFO     | __main__:1819 - =================================================================
01:54:26 | INFO     | __main__:1821 - Pass 1: loading data...
01:54:26 | INFO     | __main__:120 -   Source table: msl_computed (30 symbols)
01:54:26 | INFO     | __main__:137 -   Symbol source: master_shortlist only (30 symbols) — shadow mode or screener not yet run
01:54:27 | WARNING  | __main__:151 - stock_data_daily: falling back to 2026-04-10
01:54:27 | INFO     | __main__:181 -   Loaded: 30 symbols | 30 stock_data | 276 history | 23 sectors | regime=RISK OFF | 0 open positions
01:54:27 | INFO     | __main__:1827 - Pass 2: computing all fields...
01:54:27 | INFO     | __main__:1606 -   Regime context: RISK OFF | RSI extended @62 | regime_boost=-12 | VIX=18.85 | breadth=44%
01:54:27 | INFO     | __main__:1749 -   Computed: 30 | skipped: 0
01:54:27 | INFO     | __main__:1837 -   Results: 30 symbols
01:54:27 | INFO     | __main__:1838 -   Avg final_score:         37.8
01:54:27 | INFO     | __main__:1839 -   Avg momentum_score:      66.8
01:54:27 | INFO     | __main__:1840 -   Avg institutional_score: 33.3
01:54:27 | INFO     | __main__:1841 -   Avg breakout_readiness:  23.6
01:54:27 | INFO     | __main__:1842 -   Avg risk_score:          29.4
01:54:27 | INFO     | __main__:1843 -   Avg holding_score:       27.2
01:54:27 | INFO     | __main__:1844 -   Avg ma_alignment:        4.3/6
01:54:27 | INFO     | __main__:1846 -   Momentum state:    {'BUILDING': 18, 'HOT': 11, 'STABLE': 1}
01:54:27 | INFO     | __main__:1847 -   Momentum phase:    {'EXPANSION': 10, 'EXTENDED': 7, 'EARLY': 7, 'FLAT': 6}
01:54:27 | INFO     | __main__:1848 -   Lifecycle:         {'HOLD': 30}
01:54:27 | INFO     | __main__:1849 -   Weekly structure:  {'STRONG': 26, 'CAUTION': 1, 'CONSOLIDATING': 3}
01:54:27 | INFO     | __main__:1850 -   BB context:        {'RIDING_UPPER': 25, 'UPPER_HALF': 3, 'SQUEEZE_BULLISH': 1, 'MIDDLE': 1}
01:54:27 | INFO     | __main__:1851 -   VWAP alignment:    {'MIXED': 2, 'ABOVE_ALL': 18, 'ABOVE_ALL_EXTENDED': 6, 'ABOVE_20D': 4}
01:54:27 | INFO     | __main__:1852 -   Volume trend:      {'STABLE': 14, 'CONTRACTING': 6, 'EXPANDING': 8, 'DECLINING': 2}
01:54:27 | INFO     | __main__:1853 -   Fund quality:      {'STABLE': 30}
01:54:27 | INFO     | __main__:1857 -   Top 5 by final_score:
01:54:27 | INFO     | __main__:1860 -      POWERGRID    final= 48.9  hold= 24.1  mom=STABLE   phase=FLAT       MA=6/6  BB=SQUEEZE_BULLISH      risk= 8.4
01:54:27 | INFO     | __main__:1860 -      GPIL         final= 43.9  hold= 27.9  mom=BUILDING phase=EXTENDED   MA=6/6  BB=RIDING_UPPER         risk=40.8
01:54:27 | INFO     | __main__:1860 -      GVT&D        final= 43.1  hold= 30.9  mom=HOT      phase=EXTENDED   MA=5/6  BB=RIDING_UPPER         risk=38.4
01:54:27 | INFO     | __main__:1860 -      EMMVEE       final= 43.1  hold= 28.4  mom=BUILDING phase=EARLY      MA=6/6  BB=UPPER_HALF           risk=34.8
01:54:27 | INFO     | __main__:1860 -      TATASTEEL    final= 42.6  hold= 30.0  mom=BUILDING phase=EARLY      MA=4/6  BB=RIDING_UPPER         risk=15.6
01:54:27 | INFO     | __main__:1885 -   ✅ Computed values closely match Sheet
01:54:27 | INFO     | __main__:1891 - Pass 3: writing results...
01:54:27 | SUCCESS  | __main__:1777 - ✓ shadow: 30 → msl_computed
01:54:27 | INFO     | __main__:1901 -   ★ HOT + in zone (new opportunities): ['GVT&D', 'AXISBANK', 'BAJAJ-AUTO', 'MOTHERSON']
02:01:49 | INFO     | config:187 - TradeOS v6 config loaded | Capital=₹200,000 | DRY_RUN=False | Phase=2
02:01:49 | INFO     | __main__:1816 - =================================================================
02:01:49 | INFO     | __main__:1817 - STEP: Compute MSL v2.0 | 2026-04-12 | mode=SHADOW
02:01:49 | INFO     | __main__:1819 - =================================================================
02:01:49 | INFO     | __main__:1821 - Pass 1: loading data...
02:01:49 | INFO     | __main__:120 -   Source table: msl_computed (30 symbols)
02:01:49 | INFO     | __main__:137 -   Symbol source: master_shortlist only (30 symbols) — shadow mode or screener not yet run
02:01:49 | WARNING  | __main__:151 - stock_data_daily: falling back to 2026-04-10
02:01:50 | INFO     | __main__:181 -   Loaded: 30 symbols | 30 stock_data | 276 history | 23 sectors | regime=RISK OFF | 0 open positions
02:01:50 | INFO     | __main__:1827 - Pass 2: computing all fields...
02:01:50 | INFO     | __main__:1606 -   Regime context: RISK OFF | RSI extended @62 | regime_boost=-12 | VIX=18.85 | breadth=44%
02:01:50 | INFO     | __main__:1749 -   Computed: 30 | skipped: 0
02:01:50 | INFO     | __main__:1837 -   Results: 30 symbols
02:01:50 | INFO     | __main__:1838 -   Avg final_score:         37.8
02:01:50 | INFO     | __main__:1839 -   Avg momentum_score:      66.8
02:01:50 | INFO     | __main__:1840 -   Avg institutional_score: 33.3
02:01:50 | INFO     | __main__:1841 -   Avg breakout_readiness:  23.6
02:01:50 | INFO     | __main__:1842 -   Avg risk_score:          29.4
02:01:50 | INFO     | __main__:1843 -   Avg holding_score:       27.2
02:01:50 | INFO     | __main__:1844 -   Avg ma_alignment:        4.3/6
02:01:50 | INFO     | __main__:1846 -   Momentum state:    {'BUILDING': 18, 'HOT': 11, 'STABLE': 1}
02:01:50 | INFO     | __main__:1847 -   Momentum phase:    {'EXPANSION': 10, 'EXTENDED': 7, 'EARLY': 7, 'FLAT': 6}
02:01:50 | INFO     | __main__:1848 -   Lifecycle:         {'HOLD': 30}
02:01:50 | INFO     | __main__:1849 -   Weekly structure:  {'STRONG': 26, 'CAUTION': 1, 'CONSOLIDATING': 3}
02:01:50 | INFO     | __main__:1850 -   BB context:        {'RIDING_UPPER': 25, 'UPPER_HALF': 3, 'SQUEEZE_BULLISH': 1, 'MIDDLE': 1}
02:01:50 | INFO     | __main__:1851 -   VWAP alignment:    {'MIXED': 2, 'ABOVE_ALL': 18, 'ABOVE_ALL_EXTENDED': 6, 'ABOVE_20D': 4}
02:01:50 | INFO     | __main__:1852 -   Volume trend:      {'STABLE': 14, 'CONTRACTING': 6, 'EXPANDING': 8, 'DECLINING': 2}
02:01:50 | INFO     | __main__:1853 -   Fund quality:      {'STABLE': 30}
02:01:50 | INFO     | __main__:1857 -   Top 5 by final_score:
02:01:50 | INFO     | __main__:1860 -      POWERGRID    final= 48.9  hold= 24.1  mom=STABLE   phase=FLAT       MA=6/6  BB=SQUEEZE_BULLISH      risk= 8.4
02:01:50 | INFO     | __main__:1860 -      GPIL         final= 43.9  hold= 27.9  mom=BUILDING phase=EXTENDED   MA=6/6  BB=RIDING_UPPER         risk=40.8
02:01:50 | INFO     | __main__:1860 -      GVT&D        final= 43.1  hold= 30.9  mom=HOT      phase=EXTENDED   MA=5/6  BB=RIDING_UPPER         risk=38.4
02:01:50 | INFO     | __main__:1860 -      EMMVEE       final= 43.1  hold= 28.4  mom=BUILDING phase=EARLY      MA=6/6  BB=UPPER_HALF           risk=34.8
02:01:50 | INFO     | __main__:1860 -      TATASTEEL    final= 42.6  hold= 30.0  mom=BUILDING phase=EARLY      MA=4/6  BB=RIDING_UPPER         risk=15.6
02:04:26 | INFO     | config:187 - TradeOS v6 config loaded | Capital=₹200,000 | DRY_RUN=False | Phase=2
02:04:26 | INFO     | __main__:1816 - =================================================================
02:04:26 | INFO     | __main__:1817 - STEP: Compute MSL v2.0 | 2026-04-12 | mode=SHADOW
02:04:26 | INFO     | __main__:1819 - =================================================================
02:04:26 | INFO     | __main__:1821 - Pass 1: loading data...
02:04:26 | INFO     | __main__:120 -   Source table: msl_computed (30 symbols)
02:04:26 | INFO     | __main__:137 -   Symbol source: master_shortlist only (30 symbols) — shadow mode or screener not yet run
02:04:26 | WARNING  | __main__:151 - stock_data_daily: falling back to 2026-04-10
02:04:27 | INFO     | __main__:181 -   Loaded: 30 symbols | 30 stock_data | 276 history | 23 sectors | regime=RISK OFF | 0 open positions
02:04:27 | INFO     | __main__:1827 - Pass 2: computing all fields...
02:04:27 | INFO     | __main__:1606 -   Regime context: RISK OFF | RSI extended @62 | regime_boost=-12 | VIX=18.85 | breadth=44%
02:04:27 | INFO     | __main__:1749 -   Computed: 30 | skipped: 0
02:04:27 | INFO     | __main__:1837 -   Results: 30 symbols
02:04:27 | INFO     | __main__:1838 -   Avg final_score:         37.8
02:04:27 | INFO     | __main__:1839 -   Avg momentum_score:      66.8
02:04:27 | INFO     | __main__:1840 -   Avg institutional_score: 33.3
02:04:27 | INFO     | __main__:1841 -   Avg breakout_readiness:  23.6
02:04:27 | INFO     | __main__:1842 -   Avg risk_score:          29.4
02:04:27 | INFO     | __main__:1843 -   Avg holding_score:       27.2
02:04:27 | INFO     | __main__:1844 -   Avg ma_alignment:        4.3/6
02:04:27 | INFO     | __main__:1846 -   Momentum state:    {'BUILDING': 18, 'HOT': 11, 'STABLE': 1}
02:04:27 | INFO     | __main__:1847 -   Momentum phase:    {'EXPANSION': 10, 'EXTENDED': 7, 'EARLY': 7, 'FLAT': 6}
02:04:27 | INFO     | __main__:1848 -   Lifecycle:         {'HOLD': 30}
02:04:27 | INFO     | __main__:1849 -   Weekly structure:  {'STRONG': 26, 'CAUTION': 1, 'CONSOLIDATING': 3}
02:04:27 | INFO     | __main__:1850 -   BB context:        {'RIDING_UPPER': 25, 'UPPER_HALF': 3, 'SQUEEZE_BULLISH': 1, 'MIDDLE': 1}
02:04:27 | INFO     | __main__:1851 -   VWAP alignment:    {'MIXED': 2, 'ABOVE_ALL': 18, 'ABOVE_ALL_EXTENDED': 6, 'ABOVE_20D': 4}
02:04:27 | INFO     | __main__:1852 -   Volume trend:      {'STABLE': 14, 'CONTRACTING': 6, 'EXPANDING': 8, 'DECLINING': 2}
02:04:27 | INFO     | __main__:1853 -   Fund quality:      {'STABLE': 30}
02:04:27 | INFO     | __main__:1857 -   Top 5 by final_score:
02:04:27 | INFO     | __main__:1860 -      POWERGRID    final= 48.9  hold= 24.1  mom=STABLE   phase=FLAT       MA=6/6  BB=SQUEEZE_BULLISH      risk= 8.4
02:04:27 | INFO     | __main__:1860 -      GPIL         final= 43.9  hold= 27.9  mom=BUILDING phase=EXTENDED   MA=6/6  BB=RIDING_UPPER         risk=40.8
02:04:27 | INFO     | __main__:1860 -      GVT&D        final= 43.1  hold= 30.9  mom=HOT      phase=EXTENDED   MA=5/6  BB=RIDING_UPPER         risk=38.4
02:04:27 | INFO     | __main__:1860 -      EMMVEE       final= 43.1  hold= 28.4  mom=BUILDING phase=EARLY      MA=6/6  BB=UPPER_HALF           risk=34.8
02:04:27 | INFO     | __main__:1860 -      TATASTEEL    final= 42.6  hold= 30.0  mom=BUILDING phase=EARLY      MA=4/6  BB=RIDING_UPPER         risk=15.6
02:04:27 | WARNING  | __main__:1879 -   Sheet comparison: falling back to 2026-04-10
02:04:27 | INFO     | __main__:1903 -   Sheet vs computed divergences (9 symbols), top 10 by rank:
02:04:27 | INFO     | __main__:1905 -     #1 NATIONALUM: mom HOT→BUILDING  score 103→40.3
02:04:27 | INFO     | __main__:1905 -     #2 POWERINDIA: mom HOT→HOT  score 81→29.2
02:04:27 | INFO     | __main__:1905 -     #4 BHARATFORG: mom WEAK→BUILDING  score 62→32.8
02:04:27 | INFO     | __main__:1905 -     #5 CUMMINSIND: mom HOT→BUILDING  score 61→37.2
02:04:27 | INFO     | __main__:1905 -     #6 HINDALCO: mom HOT→BUILDING  score 58→38.3
02:04:27 | INFO     | __main__:1905 -     #7 ADANIPOWER: mom HOT→BUILDING  score 54→23.1
02:04:27 | INFO     | __main__:1905 -     #8 GPIL: mom STABLE→BUILDING  score 50→43.9
02:04:27 | INFO     | __main__:1905 -     #9 TATASTEEL: mom HOT→BUILDING  score 50→42.6
02:04:27 | INFO     | __main__:1905 -     #10 ABB: mom BUILDING→HOT  score 49→37.1
02:04:27 | INFO     | __main__:1916 - Pass 3: writing results...
02:04:27 | SUCCESS  | __main__:1777 - ✓ shadow: 30 → msl_computed
02:04:27 | INFO     | __main__:1926 -   ★ HOT + in zone (new opportunities): ['GVT&D', 'AXISBANK', 'BAJAJ-AUTO', 'MOTHERSON']
02:08:56 | INFO     | config:187 - TradeOS v6 config loaded | Capital=₹200,000 | DRY_RUN=False | Phase=2
02:08:56 | INFO     | __main__:1816 - =================================================================
02:08:56 | INFO     | __main__:1817 - STEP: Compute MSL v2.0 | 2026-04-12 | mode=SHADOW
02:08:56 | INFO     | __main__:1819 - =================================================================
02:08:56 | INFO     | __main__:1821 - Pass 1: loading data...
02:08:57 | INFO     | __main__:120 -   Source table: msl_computed (30 symbols)
02:08:57 | INFO     | __main__:137 -   Symbol source: master_shortlist only (30 symbols) — shadow mode or screener not yet run
02:08:57 | WARNING  | __main__:151 - stock_data_daily: falling back to 2026-04-10
02:08:58 | INFO     | __main__:181 -   Loaded: 30 symbols | 30 stock_data | 276 history | 23 sectors | regime=RISK OFF | 0 open positions
02:08:58 | INFO     | __main__:1827 - Pass 2: computing all fields...
02:08:58 | INFO     | __main__:1606 -   Regime context: RISK OFF | RSI extended @62 | regime_boost=-12 | VIX=18.85 | breadth=44%
02:08:58 | INFO     | __main__:1749 -   Computed: 30 | skipped: 0
02:08:58 | INFO     | __main__:1837 -   Results: 30 symbols
02:08:58 | INFO     | __main__:1838 -   Avg final_score:         37.8
02:08:58 | INFO     | __main__:1839 -   Avg momentum_score:      66.8
02:08:58 | INFO     | __main__:1840 -   Avg institutional_score: 33.3
02:08:58 | INFO     | __main__:1841 -   Avg breakout_readiness:  23.6
02:08:58 | INFO     | __main__:1842 -   Avg risk_score:          29.4
02:08:58 | INFO     | __main__:1843 -   Avg holding_score:       27.2
02:08:58 | INFO     | __main__:1844 -   Avg ma_alignment:        4.3/6
02:08:58 | INFO     | __main__:1846 -   Momentum state:    {'BUILDING': 18, 'HOT': 11, 'STABLE': 1}
02:08:58 | INFO     | __main__:1847 -   Momentum phase:    {'EARLY': 7, 'FLAT': 6, 'EXTENDED': 7, 'EXPANSION': 10}
02:08:58 | INFO     | __main__:1848 -   Lifecycle:         {'HOLD': 30}
02:08:58 | INFO     | __main__:1849 -   Weekly structure:  {'STRONG': 26, 'CAUTION': 1, 'CONSOLIDATING': 3}
02:08:58 | INFO     | __main__:1850 -   BB context:        {'RIDING_UPPER': 25, 'UPPER_HALF': 3, 'SQUEEZE_BULLISH': 1, 'MIDDLE': 1}
02:08:58 | INFO     | __main__:1851 -   VWAP alignment:    {'ABOVE_ALL': 18, 'ABOVE_ALL_EXTENDED': 6, 'MIXED': 2, 'ABOVE_20D': 4}
02:08:58 | INFO     | __main__:1852 -   Volume trend:      {'STABLE': 14, 'EXPANDING': 8, 'CONTRACTING': 6, 'DECLINING': 2}
02:08:58 | INFO     | __main__:1853 -   Fund quality:      {'STABLE': 30}
02:08:58 | INFO     | __main__:1857 -   Top 5 by final_score:
02:08:58 | INFO     | __main__:1860 -      POWERGRID    final= 48.9  hold= 24.1  mom=STABLE   phase=FLAT       MA=6/6  BB=SQUEEZE_BULLISH      risk= 8.4
02:08:58 | INFO     | __main__:1860 -      GPIL         final= 43.9  hold= 27.9  mom=BUILDING phase=EXTENDED   MA=6/6  BB=RIDING_UPPER         risk=40.8
02:08:58 | INFO     | __main__:1860 -      GVT&D        final= 43.1  hold= 30.9  mom=HOT      phase=EXTENDED   MA=5/6  BB=RIDING_UPPER         risk=38.4
02:08:58 | INFO     | __main__:1860 -      EMMVEE       final= 43.1  hold= 28.4  mom=BUILDING phase=EARLY      MA=6/6  BB=UPPER_HALF           risk=34.8
02:08:58 | INFO     | __main__:1860 -      TATASTEEL    final= 42.6  hold= 30.0  mom=BUILDING phase=EARLY      MA=4/6  BB=RIDING_UPPER         risk=15.6
02:09:16 | INFO     | config:187 - TradeOS v6 config loaded | Capital=₹200,000 | DRY_RUN=False | Phase=2
02:09:16 | INFO     | __main__:1816 - =================================================================
02:09:16 | INFO     | __main__:1817 - STEP: Compute MSL v2.0 | 2026-04-12 | mode=SHADOW
02:09:16 | INFO     | __main__:1819 - =================================================================
02:09:16 | INFO     | __main__:1821 - Pass 1: loading data...
02:09:16 | INFO     | __main__:120 -   Source table: msl_computed (30 symbols)
02:09:16 | INFO     | __main__:137 -   Symbol source: master_shortlist only (30 symbols) — shadow mode or screener not yet run
02:09:16 | WARNING  | __main__:151 - stock_data_daily: falling back to 2026-04-10
02:09:16 | INFO     | __main__:181 -   Loaded: 30 symbols | 30 stock_data | 276 history | 23 sectors | regime=RISK OFF | 0 open positions
02:09:16 | INFO     | __main__:1827 - Pass 2: computing all fields...
02:09:16 | INFO     | __main__:1606 -   Regime context: RISK OFF | RSI extended @62 | regime_boost=-12 | VIX=18.85 | breadth=44%
02:09:16 | INFO     | __main__:1749 -   Computed: 30 | skipped: 0
02:09:16 | INFO     | __main__:1837 -   Results: 30 symbols
02:09:16 | INFO     | __main__:1838 -   Avg final_score:         37.8
02:09:16 | INFO     | __main__:1839 -   Avg momentum_score:      66.8
02:09:16 | INFO     | __main__:1840 -   Avg institutional_score: 33.3
02:09:16 | INFO     | __main__:1841 -   Avg breakout_readiness:  23.6
02:09:16 | INFO     | __main__:1842 -   Avg risk_score:          29.4
02:09:16 | INFO     | __main__:1843 -   Avg holding_score:       27.2
02:09:16 | INFO     | __main__:1844 -   Avg ma_alignment:        4.3/6
02:09:16 | INFO     | __main__:1846 -   Momentum state:    {'BUILDING': 18, 'HOT': 11, 'STABLE': 1}
02:09:16 | INFO     | __main__:1847 -   Momentum phase:    {'EARLY': 7, 'FLAT': 6, 'EXTENDED': 7, 'EXPANSION': 10}
02:09:16 | INFO     | __main__:1848 -   Lifecycle:         {'HOLD': 30}
02:09:16 | INFO     | __main__:1849 -   Weekly structure:  {'STRONG': 26, 'CAUTION': 1, 'CONSOLIDATING': 3}
02:09:16 | INFO     | __main__:1850 -   BB context:        {'RIDING_UPPER': 25, 'UPPER_HALF': 3, 'SQUEEZE_BULLISH': 1, 'MIDDLE': 1}
02:09:16 | INFO     | __main__:1851 -   VWAP alignment:    {'ABOVE_ALL': 18, 'ABOVE_ALL_EXTENDED': 6, 'MIXED': 2, 'ABOVE_20D': 4}
02:09:16 | INFO     | __main__:1852 -   Volume trend:      {'STABLE': 14, 'EXPANDING': 8, 'CONTRACTING': 6, 'DECLINING': 2}
02:09:16 | INFO     | __main__:1853 -   Fund quality:      {'STABLE': 30}
02:09:16 | INFO     | __main__:1857 -   Top 5 by final_score:
02:09:16 | INFO     | __main__:1860 -      POWERGRID    final= 48.9  hold= 24.1  mom=STABLE   phase=FLAT       MA=6/6  BB=SQUEEZE_BULLISH      risk= 8.4
02:09:16 | INFO     | __main__:1860 -      GPIL         final= 43.9  hold= 27.9  mom=BUILDING phase=EXTENDED   MA=6/6  BB=RIDING_UPPER         risk=40.8
02:09:16 | INFO     | __main__:1860 -      GVT&D        final= 43.1  hold= 30.9  mom=HOT      phase=EXTENDED   MA=5/6  BB=RIDING_UPPER         risk=38.4
02:09:16 | INFO     | __main__:1860 -      EMMVEE       final= 43.1  hold= 28.4  mom=BUILDING phase=EARLY      MA=6/6  BB=UPPER_HALF           risk=34.8
02:09:16 | INFO     | __main__:1860 -      TATASTEEL    final= 42.6  hold= 30.0  mom=BUILDING phase=EARLY      MA=4/6  BB=RIDING_UPPER         risk=15.6
02:09:16 | WARNING  | __main__:1880 -   Sheet comparison: falling back to 2026-04-10
02:09:16 | INFO     | __main__:1917 -   Sheet vs computed divergences (12 symbols), top 10 by rank:
02:09:16 | INFO     | __main__:1919 -     #1 NATIONALUM: mom HOT→BUILDING  score 103→40.3
02:09:16 | INFO     | __main__:1919 -     #2 POWERINDIA: mom HOT→HOT  score 81→29.2
02:09:16 | INFO     | __main__:1919 -     #3 VEDL: NOT COMPUTED — sheet has mom=HOT  score=73
02:09:16 | INFO     | __main__:1919 -     #4 BHARATFORG: mom WEAK→BUILDING  score 62→32.8
02:09:16 | INFO     | __main__:1919 -     #5 CUMMINSIND: mom HOT→BUILDING  score 61→37.2
02:09:16 | INFO     | __main__:1919 -     #6 HINDALCO: mom HOT→BUILDING  score 58→38.3
02:09:16 | INFO     | __main__:1919 -     #7 ADANIPOWER: mom HOT→BUILDING  score 54→23.1
02:09:16 | INFO     | __main__:1919 -     #8 GPIL: mom STABLE→BUILDING  score 50→43.9
02:09:16 | INFO     | __main__:1919 -     #9 TATASTEEL: mom HOT→BUILDING  score 50→42.6
02:09:16 | INFO     | __main__:1919 -     #10 ABB: mom BUILDING→HOT  score 49→37.1
02:09:16 | INFO     | __main__:1930 - Pass 3: writing results...
02:09:16 | SUCCESS  | __main__:1777 - ✓ shadow: 30 → msl_computed
02:09:16 | INFO     | __main__:1940 -   ★ HOT + in zone (new opportunities): ['GVT&D', 'AXISBANK', 'BAJAJ-AUTO', 'MOTHERSON']
12:03:25 | INFO     | config:187 - TradeOS v6 config loaded | Capital=₹200,000 | DRY_RUN=False | Phase=2
12:03:25 | INFO     | __main__:1816 - =================================================================
12:03:25 | INFO     | __main__:1817 - STEP: Compute MSL v2.0 | 2026-04-12 | mode=SHADOW
12:03:25 | INFO     | __main__:1819 - =================================================================
12:03:25 | INFO     | __main__:1821 - Pass 1: loading data...
12:03:25 | INFO     | __main__:120 -   Source table: msl_computed (30 symbols)
12:03:25 | INFO     | __main__:137 -   Symbol source: master_shortlist only (30 symbols) — shadow mode or screener not yet run
12:03:26 | WARNING  | __main__:151 - stock_data_daily: falling back to 2026-04-10
12:03:26 | INFO     | __main__:181 -   Loaded: 30 symbols | 30 stock_data | 276 history | 23 sectors | regime=RISK OFF | 0 open positions
12:03:26 | INFO     | __main__:1827 - Pass 2: computing all fields...
12:03:26 | INFO     | __main__:1606 -   Regime context: RISK OFF | RSI extended @62 | regime_boost=-12 | VIX=18.85 | breadth=44%
12:03:26 | INFO     | __main__:1749 -   Computed: 30 | skipped: 0
12:03:26 | INFO     | __main__:1837 -   Results: 30 symbols
12:03:26 | INFO     | __main__:1838 -   Avg final_score:         37.8
12:03:26 | INFO     | __main__:1839 -   Avg momentum_score:      66.8
12:03:26 | INFO     | __main__:1840 -   Avg institutional_score: 33.3
12:03:26 | INFO     | __main__:1841 -   Avg breakout_readiness:  23.6
12:03:26 | INFO     | __main__:1842 -   Avg risk_score:          29.4
12:03:26 | INFO     | __main__:1843 -   Avg holding_score:       27.2
12:03:26 | INFO     | __main__:1844 -   Avg ma_alignment:        4.3/6
12:03:26 | INFO     | __main__:1846 -   Momentum state:    {'BUILDING': 18, 'HOT': 11, 'STABLE': 1}
12:03:26 | INFO     | __main__:1847 -   Momentum phase:    {'EARLY': 7, 'FLAT': 6, 'EXTENDED': 7, 'EXPANSION': 10}
12:03:26 | INFO     | __main__:1848 -   Lifecycle:         {'HOLD': 30}
12:03:26 | INFO     | __main__:1849 -   Weekly structure:  {'STRONG': 26, 'CAUTION': 1, 'CONSOLIDATING': 3}
12:03:26 | INFO     | __main__:1850 -   BB context:        {'RIDING_UPPER': 25, 'SQUEEZE_BULLISH': 1, 'UPPER_HALF': 3, 'MIDDLE': 1}
12:03:26 | INFO     | __main__:1851 -   VWAP alignment:    {'ABOVE_ALL': 18, 'ABOVE_ALL_EXTENDED': 6, 'MIXED': 2, 'ABOVE_20D': 4}
12:03:26 | INFO     | __main__:1852 -   Volume trend:      {'STABLE': 14, 'EXPANDING': 8, 'CONTRACTING': 6, 'DECLINING': 2}
12:03:26 | INFO     | __main__:1853 -   Fund quality:      {'STABLE': 30}
12:03:26 | INFO     | __main__:1857 -   Top 5 by final_score:
12:03:26 | INFO     | __main__:1860 -      POWERGRID    final= 48.9  hold= 24.1  mom=STABLE   phase=FLAT       MA=6/6  BB=SQUEEZE_BULLISH      risk= 8.4
12:03:26 | INFO     | __main__:1860 -      GPIL         final= 43.9  hold= 27.9  mom=BUILDING phase=EXTENDED   MA=6/6  BB=RIDING_UPPER         risk=40.8
12:03:26 | INFO     | __main__:1860 -      GVT&D        final= 43.1  hold= 30.9  mom=HOT      phase=EXTENDED   MA=5/6  BB=RIDING_UPPER         risk=38.4
12:03:26 | INFO     | __main__:1860 -      EMMVEE       final= 43.1  hold= 28.4  mom=BUILDING phase=EARLY      MA=6/6  BB=UPPER_HALF           risk=34.8
12:03:26 | INFO     | __main__:1860 -      TATASTEEL    final= 42.6  hold= 30.0  mom=BUILDING phase=EARLY      MA=4/6  BB=RIDING_UPPER         risk=15.6
12:03:26 | WARNING  | __main__:1880 -   Sheet comparison: falling back to 2026-04-10
12:03:26 | INFO     | __main__:1917 -   Sheet vs computed divergences (12 symbols), top 10 by rank:
12:03:26 | INFO     | __main__:1919 -     #1 NATIONALUM: mom HOT→BUILDING  score 103→40.3
12:03:26 | INFO     | __main__:1919 -     #2 POWERINDIA: mom HOT→HOT  score 81→29.2
12:03:26 | INFO     | __main__:1919 -     #3 VEDL: NOT COMPUTED — sheet has mom=HOT  score=73
12:03:26 | INFO     | __main__:1919 -     #4 BHARATFORG: mom WEAK→BUILDING  score 62→32.8
12:03:26 | INFO     | __main__:1919 -     #5 CUMMINSIND: mom HOT→BUILDING  score 61→37.2
12:03:26 | INFO     | __main__:1919 -     #6 HINDALCO: mom HOT→BUILDING  score 58→38.3
12:03:26 | INFO     | __main__:1919 -     #7 ADANIPOWER: mom HOT→BUILDING  score 54→23.1
12:03:26 | INFO     | __main__:1919 -     #8 GPIL: mom STABLE→BUILDING  score 50→43.9
12:03:26 | INFO     | __main__:1919 -     #9 TATASTEEL: mom HOT→BUILDING  score 50→42.6
12:03:26 | INFO     | __main__:1919 -     #10 ABB: mom BUILDING→HOT  score 49→37.1
12:03:26 | INFO     | __main__:1930 - Pass 3: writing results...
12:03:26 | SUCCESS  | __main__:1777 - ✓ shadow: 30 → msl_computed
12:03:26 | INFO     | __main__:1940 -   ★ HOT + in zone (new opportunities): ['GVT&D', 'AXISBANK', 'BAJAJ-AUTO', 'MOTHERSON']
13:47:11 | INFO     | config:187 - TradeOS v6 config loaded | Capital=₹200,000 | DRY_RUN=False | Phase=2
13:47:11 | INFO     | __main__:1960 - =================================================================
13:47:11 | INFO     | __main__:1961 - STEP: Compute MSL v2.0 | 2026-04-12 | mode=SHADOW
13:47:11 | INFO     | __main__:1963 - =================================================================
13:47:11 | INFO     | __main__:1965 - Pass 1: loading data...
13:47:12 | INFO     | __main__:120 -   Source table: msl_computed (30 symbols)
13:47:12 | INFO     | __main__:137 -   Symbol source: master_shortlist only (30 symbols) — shadow mode or screener not yet run
13:47:12 | WARNING  | __main__:151 - stock_data_daily: falling back to 2026-04-10
13:47:12 | INFO     | __main__:181 -   Loaded: 30 symbols | 30 stock_data | 276 history | 23 sectors | regime=RISK OFF | 0 open positions
13:47:12 | INFO     | __main__:1971 - Pass 2: computing all fields...
13:47:12 | INFO     | __main__:1750 -   Regime context: RISK OFF | RSI extended @62 | regime_boost=-12 | VIX=18.85 | breadth=44%
13:47:12 | WARNING  | __main__:1888 -   HINDALCO: compute failed — compute_lifecycle() missing 1 required positional argument: 'regime_ctx'
13:47:12 | WARNING  | __main__:1888 -   CUMMINSIND: compute failed — compute_lifecycle() missing 1 required positional argument: 'regime_ctx'
13:47:12 | WARNING  | __main__:1888 -   ABB: compute failed — compute_lifecycle() missing 1 required positional argument: 'regime_ctx'
13:47:12 | WARNING  | __main__:1888 -   GRAVITA: compute failed — compute_lifecycle() missing 1 required positional argument: 'regime_ctx'
13:47:12 | WARNING  | __main__:1888 -   POLYCAB: compute failed — compute_lifecycle() missing 1 required positional argument: 'regime_ctx'
13:47:12 | WARNING  | __main__:1888 -   CARBORUNIV: compute failed — compute_lifecycle() missing 1 required positional argument: 'regime_ctx'
13:47:12 | WARNING  | __main__:1888 -   BHARATFORG: compute failed — compute_lifecycle() missing 1 required positional argument: 'regime_ctx'
13:47:12 | WARNING  | __main__:1888 -   APARINDS: compute failed — compute_lifecycle() missing 1 required positional argument: 'regime_ctx'
13:47:12 | WARNING  | __main__:1888 -   POWERGRID: compute failed — compute_lifecycle() missing 1 required positional argument: 'regime_ctx'
13:47:12 | WARNING  | __main__:1888 -   GPIL: compute failed — compute_lifecycle() missing 1 required positional argument: 'regime_ctx'
13:47:12 | WARNING  | __main__:1888 -   GVT&D: compute failed — compute_lifecycle() missing 1 required positional argument: 'regime_ctx'
13:47:12 | WARNING  | __main__:1888 -   EMMVEE: compute failed — compute_lifecycle() missing 1 required positional argument: 'regime_ctx'
13:47:12 | WARNING  | __main__:1888 -   TATASTEEL: compute failed — compute_lifecycle() missing 1 required positional argument: 'regime_ctx'
13:47:12 | WARNING  | __main__:1888 -   FEDERALBNK: compute failed — compute_lifecycle() missing 1 required positional argument: 'regime_ctx'
13:47:12 | WARNING  | __main__:1888 -   AXISBANK: compute failed — compute_lifecycle() missing 1 required positional argument: 'regime_ctx'
13:47:12 | WARNING  | __main__:1888 -   JSWSTEEL: compute failed — compute_lifecycle() missing 1 required positional argument: 'regime_ctx'
13:47:12 | WARNING  | __main__:1888 -   NTPCGREEN: compute failed — compute_lifecycle() missing 1 required positional argument: 'regime_ctx'
13:47:12 | WARNING  | __main__:1888 -   USHAMART: compute failed — compute_lifecycle() missing 1 required positional argument: 'regime_ctx'
13:47:12 | WARNING  | __main__:1888 -   NATIONALUM: compute failed — compute_lifecycle() missing 1 required positional argument: 'regime_ctx'
13:47:12 | WARNING  | __main__:1888 -   MOTHERSON: compute failed — compute_lifecycle() missing 1 required positional argument: 'regime_ctx'
13:47:12 | WARNING  | __main__:1888 -   TORNTPOWER: compute failed — compute_lifecycle() missing 1 required positional argument: 'regime_ctx'
13:47:12 | WARNING  | __main__:1888 -   POWERINDIA: compute failed — compute_lifecycle() missing 1 required positional argument: 'regime_ctx'
13:47:12 | WARNING  | __main__:1888 -   NATCOPHARM: compute failed — compute_lifecycle() missing 1 required positional argument: 'regime_ctx'
13:47:12 | WARNING  | __main__:1888 -   BAJAJ-AUTO: compute failed — compute_lifecycle() missing 1 required positional argument: 'regime_ctx'
13:47:12 | WARNING  | __main__:1888 -   ADANIPOWER: compute failed — compute_lifecycle() missing 1 required positional argument: 'regime_ctx'
13:47:12 | WARNING  | __main__:1888 -   AUBANK: compute failed — compute_lifecycle() missing 1 required positional argument: 'regime_ctx'
13:47:12 | WARNING  | __main__:1888 -   HAL: compute failed — compute_lifecycle() missing 1 required positional argument: 'regime_ctx'
13:47:12 | WARNING  | __main__:1888 -   HEG: compute failed — compute_lifecycle() missing 1 required positional argument: 'regime_ctx'
13:47:12 | WARNING  | __main__:1888 -   JINDALSTEL: compute failed — compute_lifecycle() missing 1 required positional argument: 'regime_ctx'
13:47:12 | WARNING  | __main__:1888 -   SAIL: compute failed — compute_lifecycle() missing 1 required positional argument: 'regime_ctx'
13:47:12 | INFO     | __main__:1893 -   Computed: 0 | skipped: 30
13:47:12 | ERROR    | __main__:1974 - No results computed
13:52:18 | INFO     | config:187 - TradeOS v6 config loaded | Capital=₹200,000 | DRY_RUN=False | Phase=2
13:52:18 | INFO     | __main__:1977 - =================================================================
13:52:18 | INFO     | __main__:1978 - STEP: Compute MSL v2.0 | 2026-04-12 | mode=SHADOW
13:52:18 | INFO     | __main__:1980 - =================================================================
13:52:18 | INFO     | __main__:1982 - Pass 1: loading data...
13:52:18 | INFO     | __main__:120 -   Source table: msl_computed (30 symbols)
13:52:18 | INFO     | __main__:137 -   Symbol source: master_shortlist only (30 symbols) — shadow mode or screener not yet run
13:52:19 | WARNING  | __main__:151 - stock_data_daily: falling back to 2026-04-10
13:52:19 | INFO     | __main__:181 -   Loaded: 30 symbols | 30 stock_data | 276 history | 23 sectors | regime=RISK OFF | 0 open positions
13:52:19 | INFO     | __main__:1988 - Pass 2: computing all fields...
13:52:19 | INFO     | __main__:1750 -   Regime context: RISK OFF | RSI extended @62 | regime_boost=-12 | VIX=18.85 | breadth=44%
13:52:19 | INFO     | __main__:1910 -   Computed: 30 | skipped: 0
13:52:19 | INFO     | __main__:1998 -   Results: 30 symbols
13:52:19 | INFO     | __main__:1999 -   Avg final_score:         37.8
13:52:19 | INFO     | __main__:2000 -   Avg momentum_score:      66.8
13:52:19 | INFO     | __main__:2001 -   Avg institutional_score: 33.3
13:52:19 | INFO     | __main__:2002 -   Avg breakout_readiness:  23.6
13:52:19 | INFO     | __main__:2003 -   Avg risk_score:          29.4
13:52:19 | INFO     | __main__:2004 -   Avg holding_score:       25.3
13:52:19 | INFO     | __main__:2005 -   Avg ma_alignment:        4.3/6
13:52:19 | INFO     | __main__:2007 -   Momentum state:    {'BUILDING': 18, 'HOT': 11, 'STABLE': 1}
13:52:19 | INFO     | __main__:2008 -   Momentum phase:    {'EARLY': 7, 'FLAT': 6, 'EXTENDED': 7, 'EXPANSION': 10}
13:52:19 | INFO     | __main__:2009 -   Lifecycle:         {'HOLD': 26, 'EXIT': 1, 'ADD': 3}
13:52:19 | INFO     | __main__:2010 -   Weekly structure:  {'STRONG': 26, 'CAUTION': 1, 'CONSOLIDATING': 3}
13:52:19 | INFO     | __main__:2011 -   BB context:        {'RIDING_UPPER': 25, 'SQUEEZE_BULLISH': 1, 'UPPER_HALF': 3, 'MIDDLE': 1}
13:52:19 | INFO     | __main__:2012 -   VWAP alignment:    {'ABOVE_ALL': 18, 'ABOVE_ALL_EXTENDED': 6, 'MIXED': 2, 'ABOVE_20D': 4}
13:52:19 | INFO     | __main__:2013 -   Volume trend:      {'STABLE': 14, 'EXPANDING': 8, 'CONTRACTING': 6, 'DECLINING': 2}
13:52:19 | INFO     | __main__:2014 -   Fund quality:      {'STABLE': 30}
13:52:19 | INFO     | __main__:2018 -   Top 5 by final_score:
13:52:19 | INFO     | __main__:2021 -      POWERGRID    final= 48.9  hold= 24.1  mom=STABLE   phase=FLAT       MA=6/6  BB=SQUEEZE_BULLISH      risk= 8.4
13:52:19 | INFO     | __main__:2021 -      GPIL         final= 43.9  hold= 27.9  mom=BUILDING phase=EXTENDED   MA=6/6  BB=RIDING_UPPER         risk=40.8
13:52:19 | INFO     | __main__:2021 -      GVT&D        final= 43.1  hold= 30.9  mom=HOT      phase=EXTENDED   MA=5/6  BB=RIDING_UPPER         risk=38.4
13:52:19 | INFO     | __main__:2021 -      EMMVEE       final= 43.1  hold= 28.4  mom=BUILDING phase=EARLY      MA=6/6  BB=UPPER_HALF           risk=34.8
13:52:19 | INFO     | __main__:2021 -      TATASTEEL    final= 42.6  hold= 30.0  mom=BUILDING phase=EARLY      MA=4/6  BB=RIDING_UPPER         risk=15.6
13:52:19 | WARNING  | __main__:2041 -   Sheet comparison: falling back to 2026-04-10
13:52:19 | INFO     | __main__:2078 -   Sheet vs computed divergences (12 symbols), top 10 by rank:
13:52:19 | INFO     | __main__:2080 -     #1 NATIONALUM: mom HOT→BUILDING  score 103→40.3
13:52:19 | INFO     | __main__:2080 -     #2 POWERINDIA: mom HOT→HOT  score 81→29.2
13:52:19 | INFO     | __main__:2080 -     #3 VEDL: NOT COMPUTED — sheet has mom=HOT  score=73
13:52:19 | INFO     | __main__:2080 -     #4 BHARATFORG: mom WEAK→BUILDING  score 62→32.8
13:52:19 | INFO     | __main__:2080 -     #5 CUMMINSIND: mom HOT→BUILDING  score 61→37.2
13:52:19 | INFO     | __main__:2080 -     #6 HINDALCO: mom HOT→BUILDING  score 58→38.3
13:52:19 | INFO     | __main__:2080 -     #7 ADANIPOWER: mom HOT→BUILDING  score 54→23.1
13:52:19 | INFO     | __main__:2080 -     #8 GPIL: mom STABLE→BUILDING  score 50→43.9
13:52:19 | INFO     | __main__:2080 -     #9 TATASTEEL: mom HOT→BUILDING  score 50→42.6
13:52:19 | INFO     | __main__:2080 -     #10 ABB: mom BUILDING→HOT  score 49→37.1
13:52:19 | INFO     | __main__:2091 - Pass 3: writing results...
13:52:19 | SUCCESS  | __main__:1938 - ✓ shadow: 30 → msl_computed
13:52:19 | INFO     | __main__:2101 -   ★ HOT + in zone (new opportunities): ['GVT&D', 'FEDERALBNK', 'AXISBANK', 'BAJAJ-AUTO', 'CARBORUNIV', 'APARINDS', 'MOTHERSON', 'NATCOPHARM']
13:58:36 | INFO     | config:187 - TradeOS v6 config loaded | Capital=₹200,000 | DRY_RUN=False | Phase=2
13:58:36 | INFO     | __main__:1977 - =================================================================
13:58:36 | INFO     | __main__:1978 - STEP: Compute MSL v2.0 | 2026-04-12 | mode=SHADOW
13:58:36 | INFO     | __main__:1980 - =================================================================
13:58:36 | INFO     | __main__:1982 - Pass 1: loading data...
13:58:36 | INFO     | __main__:120 -   Source table: msl_computed (30 symbols)
13:58:36 | INFO     | __main__:137 -   Symbol source: master_shortlist only (30 symbols) — shadow mode or screener not yet run
13:58:37 | WARNING  | __main__:151 - stock_data_daily: falling back to 2026-04-10
13:58:37 | INFO     | __main__:181 -   Loaded: 30 symbols | 30 stock_data | 276 history | 23 sectors | regime=RISK OFF | 0 open positions
13:58:37 | INFO     | __main__:1988 - Pass 2: computing all fields...
13:58:37 | INFO     | __main__:1750 -   Regime context: RISK OFF | RSI extended @62 | regime_boost=-12 | VIX=18.85 | breadth=44%
13:58:37 | INFO     | __main__:1910 -   Computed: 30 | skipped: 0
13:58:37 | INFO     | __main__:1998 -   Results: 30 symbols
13:58:37 | INFO     | __main__:1999 -   Avg final_score:         37.8
13:58:37 | INFO     | __main__:2000 -   Avg momentum_score:      66.8
13:58:37 | INFO     | __main__:2001 -   Avg institutional_score: 33.3
13:58:37 | INFO     | __main__:2002 -   Avg breakout_readiness:  23.6
13:58:37 | INFO     | __main__:2003 -   Avg risk_score:          29.4
13:58:37 | INFO     | __main__:2004 -   Avg holding_score:       25.3
13:58:37 | INFO     | __main__:2005 -   Avg ma_alignment:        4.3/6
13:58:37 | INFO     | __main__:2007 -   Momentum state:    {'BUILDING': 18, 'HOT': 11, 'STABLE': 1}
13:58:37 | INFO     | __main__:2008 -   Momentum phase:    {'FLAT': 6, 'EXTENDED': 7, 'EXPANSION': 10, 'EARLY': 7}
13:58:37 | INFO     | __main__:2009 -   Lifecycle:         {'HOLD': 26, 'EXIT': 1, 'ADD': 3}
13:58:37 | INFO     | __main__:2010 -   Weekly structure:  {'STRONG': 26, 'CAUTION': 1, 'CONSOLIDATING': 3}
13:58:37 | INFO     | __main__:2011 -   BB context:        {'RIDING_UPPER': 25, 'UPPER_HALF': 3, 'SQUEEZE_BULLISH': 1, 'MIDDLE': 1}
13:58:37 | INFO     | __main__:2012 -   VWAP alignment:    {'ABOVE_ALL_EXTENDED': 6, 'ABOVE_ALL': 18, 'MIXED': 2, 'ABOVE_20D': 4}
13:58:37 | INFO     | __main__:2013 -   Volume trend:      {'EXPANDING': 8, 'CONTRACTING': 6, 'STABLE': 14, 'DECLINING': 2}
13:58:37 | INFO     | __main__:2014 -   Fund quality:      {'STABLE': 30}
13:58:37 | INFO     | __main__:2018 -   Top 5 by final_score:
13:58:37 | INFO     | __main__:2021 -      POWERGRID    final= 48.9  hold= 24.1  mom=STABLE   phase=FLAT       MA=6/6  BB=SQUEEZE_BULLISH      risk= 8.4
13:58:37 | INFO     | __main__:2021 -      GPIL         final= 43.9  hold= 27.9  mom=BUILDING phase=EXTENDED   MA=6/6  BB=RIDING_UPPER         risk=40.8
13:58:37 | INFO     | __main__:2021 -      GVT&D        final= 43.1  hold= 30.9  mom=HOT      phase=EXTENDED   MA=5/6  BB=RIDING_UPPER         risk=38.4
13:58:37 | INFO     | __main__:2021 -      EMMVEE       final= 43.1  hold= 28.4  mom=BUILDING phase=EARLY      MA=6/6  BB=UPPER_HALF           risk=34.8
13:58:37 | INFO     | __main__:2021 -      TATASTEEL    final= 42.6  hold= 30.0  mom=BUILDING phase=EARLY      MA=4/6  BB=RIDING_UPPER         risk=15.6
13:58:37 | WARNING  | __main__:2041 -   Sheet comparison: falling back to 2026-04-10
13:58:37 | INFO     | __main__:2078 -   Sheet vs computed divergences (12 symbols), top 40 by rank:
13:58:37 | INFO     | __main__:2080 -     #1 NATIONALUM: mom HOT→BUILDING  score 103→40.3
13:58:37 | INFO     | __main__:2080 -     #2 POWERINDIA: mom HOT→HOT  score 81→29.2
13:58:37 | INFO     | __main__:2080 -     #3 VEDL: NOT COMPUTED — sheet has mom=HOT  score=73
13:58:37 | INFO     | __main__:2080 -     #4 BHARATFORG: mom WEAK→BUILDING  score 62→32.8
13:58:37 | INFO     | __main__:2080 -     #5 CUMMINSIND: mom HOT→BUILDING  score 61→37.2
13:58:37 | INFO     | __main__:2080 -     #6 HINDALCO: mom HOT→BUILDING  score 58→38.3
13:58:37 | INFO     | __main__:2080 -     #7 ADANIPOWER: mom HOT→BUILDING  score 54→23.1
13:58:37 | INFO     | __main__:2080 -     #8 GPIL: mom STABLE→BUILDING  score 50→43.9
13:58:37 | INFO     | __main__:2080 -     #9 TATASTEEL: mom HOT→BUILDING  score 50→42.6
13:58:37 | INFO     | __main__:2080 -     #10 ABB: mom BUILDING→HOT  score 49→37.1
13:58:37 | INFO     | __main__:2080 -     #12 NMDC: NOT COMPUTED — sheet has mom=BUILDING  score=42
13:58:37 | INFO     | __main__:2080 -     #13 NTPC: NOT COMPUTED — sheet has mom=STABLE  score=36
13:58:37 | INFO     | __main__:2091 - Pass 3: writing results...
13:58:37 | SUCCESS  | __main__:1938 - ✓ shadow: 30 → msl_computed
13:58:37 | INFO     | __main__:2101 -   ★ HOT + in zone (new opportunities): ['GVT&D', 'FEDERALBNK', 'AXISBANK', 'BAJAJ-AUTO', 'CARBORUNIV', 'APARINDS', 'MOTHERSON', 'NATCOPHARM']
14:06:49 | INFO     | config:187 - TradeOS v6 config loaded | Capital=₹200,000 | DRY_RUN=False | Phase=2
14:06:49 | INFO     | __main__:1979 - =================================================================
14:06:49 | INFO     | __main__:1980 - STEP: Compute MSL v2.0 | 2026-04-12 | mode=SHADOW
14:06:49 | INFO     | __main__:1982 - =================================================================
14:06:49 | INFO     | __main__:1984 - Pass 1: loading data...
14:06:49 | INFO     | __main__:120 -   Source table: msl_computed (30 symbols)
14:06:49 | INFO     | __main__:137 -   Symbol source: master_shortlist only (30 symbols) — shadow mode or screener not yet run
14:06:50 | WARNING  | __main__:151 - stock_data_daily: falling back to 2026-04-10
14:06:50 | INFO     | __main__:181 -   Loaded: 30 symbols | 30 stock_data | 276 history | 23 sectors | regime=RISK OFF | 0 open positions
14:06:50 | INFO     | __main__:1990 - Pass 2: computing all fields...
14:06:50 | INFO     | __main__:1752 -   Regime context: RISK OFF | RSI extended @62 | regime_boost=-12 | VIX=18.85 | breadth=44%
14:06:50 | INFO     | __main__:1912 -   Computed: 30 | skipped: 0
14:06:50 | INFO     | __main__:2000 -   Results: 30 symbols
14:06:50 | INFO     | __main__:2001 -   Avg final_score:         37.8
14:06:50 | INFO     | __main__:2002 -   Avg momentum_score:      66.8
14:06:50 | INFO     | __main__:2003 -   Avg institutional_score: 33.3
14:06:50 | INFO     | __main__:2004 -   Avg breakout_readiness:  23.6
14:06:50 | INFO     | __main__:2005 -   Avg risk_score:          29.4
14:06:50 | INFO     | __main__:2006 -   Avg holding_score:       60.5
14:06:50 | INFO     | __main__:2007 -   Avg ma_alignment:        4.3/6
14:06:50 | INFO     | __main__:2009 -   Momentum state:    {'BUILDING': 18, 'HOT': 11, 'STABLE': 1}
14:06:50 | INFO     | __main__:2010 -   Momentum phase:    {'FLAT': 6, 'EXTENDED': 7, 'EXPANSION': 14, 'EARLY': 3}
14:06:50 | INFO     | __main__:2011 -   Lifecycle:         {'HOLD': 26, 'EXIT': 1, 'ADD': 3}
14:06:50 | INFO     | __main__:2012 -   Weekly structure:  {'STRONG': 26, 'CAUTION': 1, 'CONSOLIDATING': 3}
14:06:50 | INFO     | __main__:2013 -   BB context:        {'RIDING_UPPER': 25, 'UPPER_HALF': 3, 'SQUEEZE_BULLISH': 1, 'MIDDLE': 1}
14:06:50 | INFO     | __main__:2014 -   VWAP alignment:    {'ABOVE_ALL_EXTENDED': 6, 'ABOVE_ALL': 18, 'MIXED': 2, 'ABOVE_20D': 4}
14:06:50 | INFO     | __main__:2015 -   Volume trend:      {'EXPANDING': 8, 'CONTRACTING': 6, 'STABLE': 14, 'DECLINING': 2}
14:06:50 | INFO     | __main__:2016 -   Fund quality:      {'STABLE': 30}
14:06:50 | INFO     | __main__:2020 -   Top 5 by final_score:
14:06:50 | INFO     | __main__:2023 -      POWERGRID    final= 48.9  hold= 58.2  mom=STABLE   phase=FLAT       MA=6/6  BB=SQUEEZE_BULLISH      risk= 8.4
14:06:50 | INFO     | __main__:2023 -      GPIL         final= 43.9  hold= 66.0  mom=BUILDING phase=EXTENDED   MA=6/6  BB=RIDING_UPPER         risk=40.8
14:06:50 | INFO     | __main__:2023 -      GVT&D        final= 43.1  hold= 72.1  mom=HOT      phase=EXTENDED   MA=5/6  BB=RIDING_UPPER         risk=38.4
14:06:50 | INFO     | __main__:2023 -      EMMVEE       final= 43.1  hold= 67.0  mom=BUILDING phase=EXPANSION  MA=6/6  BB=UPPER_HALF           risk=34.8
14:06:50 | INFO     | __main__:2023 -      TATASTEEL    final= 42.6  hold= 70.1  mom=BUILDING phase=EARLY      MA=4/6  BB=RIDING_UPPER         risk=15.6
14:06:50 | WARNING  | __main__:2043 -   Sheet comparison: falling back to 2026-04-10
14:06:50 | INFO     | __main__:2080 -   Sheet vs computed divergences (12 symbols), top 40 by rank:
14:06:50 | INFO     | __main__:2082 -     #1 NATIONALUM: mom HOT→BUILDING  score 103→40.3
14:06:50 | INFO     | __main__:2082 -     #2 POWERINDIA: mom HOT→HOT  score 81→29.2
14:06:50 | INFO     | __main__:2082 -     #3 VEDL: NOT COMPUTED — sheet has mom=HOT  score=73
14:06:50 | INFO     | __main__:2082 -     #4 BHARATFORG: mom WEAK→BUILDING  score 62→32.8
14:06:50 | INFO     | __main__:2082 -     #5 CUMMINSIND: mom HOT→BUILDING  score 61→37.2
14:06:50 | INFO     | __main__:2082 -     #6 HINDALCO: mom HOT→BUILDING  score 58→38.3
14:06:50 | INFO     | __main__:2082 -     #7 ADANIPOWER: mom HOT→BUILDING  score 54→23.1
14:06:50 | INFO     | __main__:2082 -     #8 GPIL: mom STABLE→BUILDING  score 50→43.9
14:06:50 | INFO     | __main__:2082 -     #9 TATASTEEL: mom HOT→BUILDING  score 50→42.6
14:06:50 | INFO     | __main__:2082 -     #10 ABB: mom BUILDING→HOT  score 49→37.1
14:06:50 | INFO     | __main__:2082 -     #12 NMDC: NOT COMPUTED — sheet has mom=BUILDING  score=42
14:06:50 | INFO     | __main__:2082 -     #13 NTPC: NOT COMPUTED — sheet has mom=STABLE  score=36
14:06:50 | INFO     | __main__:2093 - Pass 3: writing results...
14:06:51 | SUCCESS  | __main__:1940 - ✓ shadow: 30 → msl_computed
14:06:51 | INFO     | __main__:2103 -   ★ HOT + in zone (new opportunities): ['GVT&D', 'FEDERALBNK', 'AXISBANK', 'BAJAJ-AUTO', 'CARBORUNIV', 'APARINDS', 'MOTHERSON', 'NATCOPHARM']
15:40:27 | INFO     | config:187 - TradeOS v6 config loaded | Capital=₹200,000 | DRY_RUN=False | Phase=2
15:40:27 | INFO     | __main__:1136 - =================================================================
15:40:27 | INFO     | __main__:1137 - STEP: Screen Stocks v1.0 | 2026-04-12 | mode=SHADOW
15:40:27 | INFO     | __main__:1139 - =================================================================
15:40:27 | INFO     | __main__:1142 - Pass 1: loading data...
15:40:28 | WARNING  | __main__:73 - stock_data_daily: falling back to 2026-04-10
15:40:28 | INFO     | __main__:106 -   Loaded: 501 stocks | 23 sectors | regime=RISK OFF | asm=0 | fii=CAUTION | forced=0
15:40:29 | INFO     | __main__:1175 - Pass 2: running engines (regime=RISK OFF)...
15:40:29 | INFO     | __main__:254 -   CTL: 15 candidates
15:40:29 | INFO     | __main__:351 -   SBS: 0 candidates
15:40:29 | INFO     | __main__:426 -   TPO: 0 candidates
15:40:29 | INFO     | __main__:520 -   VBD: 2 candidates
15:40:29 | INFO     | __main__:598 -   IAD: 0 candidates
15:40:29 | INFO     | __main__:661 -   RSB: 0 candidates
15:40:29 | INFO     | __main__:753 -   MOM: 19 candidates
15:40:29 | INFO     | __main__:770 -   RVS: running with RISK OFF strict mode
15:40:29 | INFO     | __main__:847 -   RVS: 9 candidates
15:40:29 | INFO     | __main__:911 -   SEC: 37 candidates
15:40:29 | INFO     | __main__:1204 -   Engine totals: CTL=15 SBS=0 TPO=0 VBD=2 IAD=0 RSB=0 MOM=19 RVS=9 SEC=37 | Total unique=67
15:40:29 | INFO     | __main__:1212 - Pass 3: aggregating and ranking...
15:40:29 | WARNING  | __main__:950 -   RISK OFF regime detected — screener_allow_risk_off=True, proceeding with reduced universe
15:40:29 | INFO     | __main__:1034 -   Aggregated: 67 total unique | 67 after hard filters | 30 final
15:40:29 | INFO     | __main__:1226 - 
  ═══ TOP 30 SCREENED SYMBOLS ═══
15:40:29 | INFO     | __main__:1229 -      # 1 GPIL         score=110.7  engines=CTL,MOM,SEC                  sector=metals & mining      rank=1
15:40:29 | INFO     | __main__:1229 -      # 2 ABB          score=104.0  engines=CTL,MOM,SEC                  sector=industrials          rank=2
15:40:29 | INFO     | __main__:1229 -      # 3 CUMMINSIND   score=101.0  engines=CTL                          sector=industrials          rank=2
15:40:29 | INFO     | __main__:1229 -      # 4 AXISBANK     score= 99.0  engines=MOM                          sector=bank                 rank=6
15:40:29 | INFO     | __main__:1229 -      # 5 BHARATFORG   score= 97.0  engines=CTL                          sector=industrials          rank=2
15:40:29 | INFO     | __main__:1229 -      # 6 GVT&D        score= 96.5  engines=MOM,SEC                      sector=industrials          rank=2
15:40:29 | INFO     | __main__:1229 -      # 7 RRKABEL      score= 95.0  engines=RVS                          sector=industrials          rank=2
15:40:29 | INFO     | __main__:1229 -      # 8 LLOYDSME     score= 92.0  engines=CTL                          sector=metals & mining      rank=1
15:40:29 | INFO     | __main__:1229 -      # 9 TATASTEEL    score= 90.5  engines=CTL,SEC                      sector=metals & mining      rank=1
15:40:29 | INFO     | __main__:1229 -      #10 HINDALCO     score= 89.5  engines=CTL,SEC                      sector=metals & mining      rank=1
15:40:29 | INFO     | __main__:1229 -      #11 JINDALSTEL   score= 89.5  engines=CTL,SEC                      sector=metals & mining      rank=1
15:40:29 | INFO     | __main__:1229 -      #12 ADANIPOWER   score= 89.0  engines=CTL                          sector=power & utilities    rank=4
15:40:29 | INFO     | __main__:1229 -      #13 INDUSTOWER   score= 88.0  engines=RVS                          sector=telecom              rank=5
15:40:29 | INFO     | __main__:1229 -      #14 FEDERALBNK   score= 87.0  engines=MOM                          sector=bank                 rank=6
15:40:29 | INFO     | __main__:1229 -      #15 MOTHERSON    score= 82.0  engines=MOM                          sector=auto                 rank=8
15:40:29 | INFO     | __main__:1229 -      #16 BAJAJ-AUTO   score= 82.0  engines=MOM                          sector=auto                 rank=8
15:40:29 | INFO     | __main__:1229 -      #17 AUBANK       score= 82.0  engines=MOM                          sector=bank                 rank=6
15:40:29 | INFO     | __main__:1229 -      #18 SBIN         score= 82.0  engines=RVS                          sector=bank                 rank=6
15:40:29 | INFO     | __main__:1229 -      #19 NATCOPHARM   score= 81.0  engines=MOM                          sector=healthcare           rank=9
15:40:29 | INFO     | __main__:1229 -      #20 TVSMOTOR     score= 81.0  engines=MOM                          sector=auto                 rank=8
15:40:29 | INFO     | __main__:1229 -      #21 INDIANB      score= 77.0  engines=MOM                          sector=bank                 rank=6
15:40:29 | INFO     | __main__:1229 -      #22 BELRISE      score= 74.0  engines=MOM                          sector=auto                 rank=8
15:40:29 | INFO     | __main__:1229 -      #23 TORNTPHARM   score= 70.0  engines=RVS                          sector=healthcare           rank=9
15:40:29 | INFO     | __main__:1229 -      #24 JBCHEPHARM   score= 70.0  engines=RVS                          sector=healthcare           rank=9
15:40:29 | INFO     | __main__:1229 -      #25 NTPC         score= 65.0  engines=CTL                          sector=power & utilities    rank=4
15:40:29 | INFO     | __main__:1229 -      #26 AJANTPHARM   score= 64.0  engines=RVS                          sector=healthcare           rank=9
15:40:29 | INFO     | __main__:1229 -      #27 NTPCGREEN    score= 62.0  engines=SEC                          sector=power & utilities    rank=4
15:40:29 | INFO     | __main__:1229 -      #28 EICHERMOT    score= 60.0  engines=MOM                          sector=auto                 rank=8
15:40:29 | INFO     | __main__:1229 -      #29 TORNTPOWER   score= 57.0  engines=SEC                          sector=power & utilities    rank=4
15:40:29 | INFO     | __main__:1229 -      #30 HAL          score= 57.0  engines=SEC                          sector=aerospace & defence  rank=3
15:40:29 | INFO     | __main__:1245 -   Multi-engine confirmed: 6/30
15:40:29 | INFO     | __main__:1246 -   Sector distribution: {'metals & mining': 5, 'industrials': 5, 'bank': 5, 'power & utilities': 4, 'telecom': 1, 'auto': 5, 'healthcare': 4, 'aerospace & defence': 1}
15:40:29 | INFO     | __main__:1247 -   Engine hits: {'CTL': 10, 'MOM': 13, 'SEC': 9, 'RVS': 6}
15:40:29 | INFO     | __main__:1250 - Pass 4: writing (shadow mode)...
15:40:29 | SUCCESS  | __main__:1085 - ✓ 30 symbols → msl_computed
15:40:54 | INFO     | config:187 - TradeOS v6 config loaded | Capital=₹200,000 | DRY_RUN=False | Phase=2
15:40:54 | INFO     | __main__:1140 - =================================================================
15:40:54 | INFO     | __main__:1141 - STEP: Screen Stocks v1.0 | 2026-04-12 | mode=SHADOW
15:40:54 | INFO     | __main__:1143 - =================================================================
15:40:54 | INFO     | __main__:1146 - Pass 1: loading data...
15:40:55 | WARNING  | __main__:73 - stock_data_daily: falling back to 2026-04-10
15:40:55 | INFO     | __main__:106 -   Loaded: 501 stocks | 23 sectors | regime=RISK OFF | asm=0 | fii=CAUTION | forced=0
15:40:55 | INFO     | __main__:1179 - Pass 2: running engines (regime=RISK OFF)...
15:40:55 | INFO     | __main__:254 -   CTL: 15 candidates
15:40:55 | INFO     | __main__:355 -   SBS: 0 candidates
15:40:55 | INFO     | __main__:430 -   TPO: 0 candidates
15:40:55 | INFO     | __main__:524 -   VBD: 2 candidates
15:40:55 | INFO     | __main__:602 -   IAD: 0 candidates
15:40:55 | INFO     | __main__:665 -   RSB: 0 candidates
15:40:55 | INFO     | __main__:757 -   MOM: 19 candidates
15:40:55 | INFO     | __main__:774 -   RVS: running with RISK OFF strict mode
15:40:55 | INFO     | __main__:851 -   RVS: 9 candidates
15:40:55 | INFO     | __main__:915 -   SEC: 37 candidates
15:40:55 | INFO     | __main__:1208 -   Engine totals: CTL=15 SBS=0 TPO=0 VBD=2 IAD=0 RSB=0 MOM=19 RVS=9 SEC=37 | Total unique=67
15:40:55 | INFO     | __main__:1216 - Pass 3: aggregating and ranking...
15:40:55 | WARNING  | __main__:954 -   RISK OFF regime detected — screener_allow_risk_off=True, proceeding with reduced universe
15:40:55 | INFO     | __main__:1038 -   Aggregated: 67 total unique | 67 after hard filters | 30 final
15:40:55 | INFO     | __main__:1230 - 
  ═══ TOP 30 SCREENED SYMBOLS ═══
15:40:55 | INFO     | __main__:1233 -      # 1 GPIL         score=110.7  engines=CTL,MOM,SEC                  sector=metals & mining      rank=1
15:40:55 | INFO     | __main__:1233 -      # 2 ABB          score=104.0  engines=CTL,MOM,SEC                  sector=industrials          rank=2
15:40:55 | INFO     | __main__:1233 -      # 3 CUMMINSIND   score=101.0  engines=CTL                          sector=industrials          rank=2
15:40:55 | INFO     | __main__:1233 -      # 4 AXISBANK     score= 99.0  engines=MOM                          sector=bank                 rank=6
15:40:55 | INFO     | __main__:1233 -      # 5 BHARATFORG   score= 97.0  engines=CTL                          sector=industrials          rank=2
15:40:55 | INFO     | __main__:1233 -      # 6 GVT&D        score= 96.5  engines=MOM,SEC                      sector=industrials          rank=2
15:40:55 | INFO     | __main__:1233 -      # 7 RRKABEL      score= 95.0  engines=RVS                          sector=industrials          rank=2
15:40:55 | INFO     | __main__:1233 -      # 8 LLOYDSME     score= 92.0  engines=CTL                          sector=metals & mining      rank=1
15:40:55 | INFO     | __main__:1233 -      # 9 TATASTEEL    score= 90.5  engines=CTL,SEC                      sector=metals & mining      rank=1
15:40:55 | INFO     | __main__:1233 -      #10 HINDALCO     score= 89.5  engines=CTL,SEC                      sector=metals & mining      rank=1
15:40:55 | INFO     | __main__:1233 -      #11 JINDALSTEL   score= 89.5  engines=CTL,SEC                      sector=metals & mining      rank=1
15:40:55 | INFO     | __main__:1233 -      #12 ADANIPOWER   score= 89.0  engines=CTL                          sector=power & utilities    rank=4
15:40:55 | INFO     | __main__:1233 -      #13 INDUSTOWER   score= 88.0  engines=RVS                          sector=telecom              rank=5
15:40:55 | INFO     | __main__:1233 -      #14 FEDERALBNK   score= 87.0  engines=MOM                          sector=bank                 rank=6
15:40:55 | INFO     | __main__:1233 -      #15 MOTHERSON    score= 82.0  engines=MOM                          sector=auto                 rank=8
15:40:55 | INFO     | __main__:1233 -      #16 BAJAJ-AUTO   score= 82.0  engines=MOM                          sector=auto                 rank=8
15:40:55 | INFO     | __main__:1233 -      #17 AUBANK       score= 82.0  engines=MOM                          sector=bank                 rank=6
15:40:55 | INFO     | __main__:1233 -      #18 SBIN         score= 82.0  engines=RVS                          sector=bank                 rank=6
15:40:55 | INFO     | __main__:1233 -      #19 NATCOPHARM   score= 81.0  engines=MOM                          sector=healthcare           rank=9
15:40:55 | INFO     | __main__:1233 -      #20 TVSMOTOR     score= 81.0  engines=MOM                          sector=auto                 rank=8
15:40:55 | INFO     | __main__:1233 -      #21 INDIANB      score= 77.0  engines=MOM                          sector=bank                 rank=6
15:40:55 | INFO     | __main__:1233 -      #22 BELRISE      score= 74.0  engines=MOM                          sector=auto                 rank=8
15:40:55 | INFO     | __main__:1233 -      #23 TORNTPHARM   score= 70.0  engines=RVS                          sector=healthcare           rank=9
15:40:55 | INFO     | __main__:1233 -      #24 JBCHEPHARM   score= 70.0  engines=RVS                          sector=healthcare           rank=9
15:40:55 | INFO     | __main__:1233 -      #25 NTPC         score= 65.0  engines=CTL                          sector=power & utilities    rank=4
15:40:55 | INFO     | __main__:1233 -      #26 AJANTPHARM   score= 64.0  engines=RVS                          sector=healthcare           rank=9
15:40:55 | INFO     | __main__:1233 -      #27 NTPCGREEN    score= 62.0  engines=SEC                          sector=power & utilities    rank=4
15:40:55 | INFO     | __main__:1233 -      #28 EICHERMOT    score= 60.0  engines=MOM                          sector=auto                 rank=8
15:40:55 | INFO     | __main__:1233 -      #29 TORNTPOWER   score= 57.0  engines=SEC                          sector=power & utilities    rank=4
15:40:55 | INFO     | __main__:1233 -      #30 HAL          score= 57.0  engines=SEC                          sector=aerospace & defence  rank=3
15:40:55 | INFO     | __main__:1249 -   Multi-engine confirmed: 6/30
15:40:55 | INFO     | __main__:1250 -   Sector distribution: {'metals & mining': 5, 'industrials': 5, 'bank': 5, 'power & utilities': 4, 'telecom': 1, 'auto': 5, 'healthcare': 4, 'aerospace & defence': 1}
15:40:55 | INFO     | __main__:1251 -   Engine hits: {'CTL': 10, 'MOM': 13, 'SEC': 9, 'RVS': 6}
15:40:55 | INFO     | __main__:1254 - Pass 4: writing (shadow mode)...
15:40:55 | SUCCESS  | __main__:1089 - ✓ 30 symbols → msl_computed
16:27:02 | INFO     | config:187 - TradeOS v6 config loaded | Capital=₹200,000 | DRY_RUN=False | Phase=2
16:27:02 | INFO     | __main__:1337 - =================================================================
16:27:02 | INFO     | __main__:1338 - STEP: Screen Stocks v1.0 | 2026-04-12 | mode=SHADOW
16:27:02 | INFO     | __main__:1340 - =================================================================
16:27:02 | INFO     | __main__:1343 - Pass 1: loading data...
16:27:02 | WARNING  | __main__:73 - stock_data_daily: falling back to 2026-04-10
16:27:03 | INFO     | __main__:106 -   Loaded: 501 stocks | 23 sectors | regime=RISK OFF | asm=0 | fii=CAUTION | forced=0
16:27:03 | INFO     | __main__:1376 - Pass 2: running engines (regime=RISK OFF)...
16:27:03 | INFO     | __main__:254 -   CTL: 15 candidates
16:27:03 | INFO     | __main__:355 -   SBS: 0 candidates
16:27:03 | INFO     | __main__:430 -   TPO: 0 candidates
16:27:03 | INFO     | __main__:524 -   VBD: 2 candidates
16:27:03 | INFO     | __main__:602 -   IAD: 0 candidates
16:27:03 | INFO     | __main__:665 -   RSB: 0 candidates
16:27:03 | INFO     | __main__:757 -   MOM: 19 candidates
16:27:03 | INFO     | __main__:774 -   RVS: running with RISK OFF strict mode
16:27:03 | INFO     | __main__:851 -   RVS: 9 candidates
16:27:03 | INFO     | __main__:915 -   SEC: 37 candidates
16:27:03 | INFO     | __main__:1405 -   Engine totals: CTL=15 SBS=0 TPO=0 VBD=2 IAD=0 RSB=0 MOM=19 RVS=9 SEC=37 | Total unique=67
16:27:03 | INFO     | __main__:1413 - Pass 3: aggregating and ranking...
16:27:03 | WARNING  | __main__:954 -   RISK OFF regime detected — screener_allow_risk_off=True, proceeding with reduced universe
16:27:03 | INFO     | __main__:1054 -   Aggregated: 67 total unique | 67 after hard filters | 30 final
16:27:03 | INFO     | __main__:1427 - 
  ═══ TOP 30 SCREENED SYMBOLS ═══
16:27:03 | INFO     | __main__:1430 -      # 1 GPIL         score=126.1  engines=CTL,MOM,SEC                  sector=metals & mining      rank=1
16:27:03 | INFO     | __main__:1430 -      # 2 ABB          score=124.1  engines=CTL,MOM,SEC                  sector=industrials          rank=2
16:27:03 | INFO     | __main__:1430 -      # 3 TATASTEEL    score=105.8  engines=CTL,SEC                      sector=metals & mining      rank=1
16:27:03 | INFO     | __main__:1430 -      # 4 HINDALCO     score=105.3  engines=CTL,SEC                      sector=metals & mining      rank=1
16:27:03 | INFO     | __main__:1430 -      # 5 POWERINDIA   score=105.0  engines=CTL,MOM,VBD                  sector=industrials          rank=2
16:27:03 | INFO     | __main__:1430 -      # 6 JINDALSTEL   score=102.3  engines=CTL,SEC                      sector=metals & mining      rank=1
16:27:03 | INFO     | __main__:1430 -      # 7 GVT&D        score=101.8  engines=MOM,SEC                      sector=industrials          rank=2
16:27:03 | INFO     | __main__:1430 -      # 8 CUMMINSIND   score=101.0  engines=CTL                          sector=industrials          rank=2
16:27:03 | INFO     | __main__:1430 -      # 9 AXISBANK     score= 99.0  engines=MOM                          sector=bank                 rank=6
16:27:03 | INFO     | __main__:1430 -      #10 BHARATFORG   score= 97.0  engines=CTL                          sector=industrials          rank=2
16:27:03 | INFO     | __main__:1430 -      #11 NMDC         score= 94.9  engines=CTL,SEC                      sector=metals & mining      rank=1
16:27:03 | INFO     | __main__:1430 -      #12 ADANIPOWER   score= 89.0  engines=CTL                          sector=power & utilities    rank=4
16:27:03 | INFO     | __main__:1430 -      #13 INDUSTOWER   score= 88.0  engines=RVS                          sector=telecom              rank=5
16:27:03 | INFO     | __main__:1430 -      #14 FEDERALBNK   score= 87.0  engines=MOM                          sector=bank                 rank=6
16:27:03 | INFO     | __main__:1430 -      #15 MOTHERSON    score= 82.0  engines=MOM                          sector=auto                 rank=8
16:27:03 | INFO     | __main__:1430 -      #16 BAJAJ-AUTO   score= 82.0  engines=MOM                          sector=auto                 rank=8
16:27:03 | INFO     | __main__:1430 -      #17 AUBANK       score= 82.0  engines=MOM                          sector=bank                 rank=6
16:27:03 | INFO     | __main__:1430 -      #18 SBIN         score= 82.0  engines=RVS                          sector=bank                 rank=6
16:27:03 | INFO     | __main__:1430 -      #19 NATCOPHARM   score= 81.0  engines=MOM                          sector=healthcare           rank=9
16:27:03 | INFO     | __main__:1430 -      #20 TVSMOTOR     score= 81.0  engines=MOM                          sector=auto                 rank=8
16:27:03 | INFO     | __main__:1430 -      #21 INDIANB      score= 77.0  engines=MOM                          sector=bank                 rank=6
16:27:03 | INFO     | __main__:1430 -      #22 BELRISE      score= 74.0  engines=MOM                          sector=auto                 rank=8
16:27:03 | INFO     | __main__:1430 -      #23 TORNTPHARM   score= 70.0  engines=RVS                          sector=healthcare           rank=9
16:27:03 | INFO     | __main__:1430 -      #24 JBCHEPHARM   score= 70.0  engines=RVS                          sector=healthcare           rank=9
16:27:03 | INFO     | __main__:1430 -      #25 NTPC         score= 65.0  engines=CTL                          sector=power & utilities    rank=4
16:27:03 | INFO     | __main__:1430 -      #26 AJANTPHARM   score= 64.0  engines=RVS                          sector=healthcare           rank=9
16:27:03 | INFO     | __main__:1430 -      #27 NTPCGREEN    score= 62.0  engines=SEC                          sector=power & utilities    rank=4
16:27:03 | INFO     | __main__:1430 -      #28 EICHERMOT    score= 60.0  engines=MOM                          sector=auto                 rank=8
16:27:03 | INFO     | __main__:1430 -      #29 TORNTPOWER   score= 57.0  engines=SEC                          sector=power & utilities    rank=4
16:27:03 | INFO     | __main__:1430 -      #30 HAL          score= 57.0  engines=SEC                          sector=aerospace & defence  rank=3
16:27:03 | INFO     | __main__:1446 -   Multi-engine confirmed: 8/30
16:27:03 | INFO     | __main__:1447 -   Sector distribution: {'metals & mining': 5, 'industrials': 5, 'bank': 5, 'power & utilities': 4, 'telecom': 1, 'auto': 5, 'healthcare': 4, 'aerospace & defence': 1}
16:27:03 | INFO     | __main__:1448 -   Engine hits: {'CTL': 11, 'MOM': 14, 'SEC': 10, 'VBD': 1, 'RVS': 5}
16:27:03 | INFO     | __main__:1451 - Pass 4: writing (shadow mode)...
16:27:03 | SUCCESS  | __main__:1106 - ✓ 67 symbols → msl_computed
16:27:04 | INFO     | __main__:1162 -   EAP revival: no penalized stocks found yesterday — skipping
16:27:04 | INFO     | __main__:1241 -   Outcomes: no price data for today — skipping
16:33:07 | INFO     | config:187 - TradeOS v6 config loaded | Capital=₹200,000 | DRY_RUN=False | Phase=2
16:33:07 | INFO     | __main__:1337 - =================================================================
16:33:07 | INFO     | __main__:1338 - STEP: Screen Stocks v1.0 | 2026-04-12 | mode=SHADOW
16:33:07 | INFO     | __main__:1340 - =================================================================
16:33:07 | INFO     | __main__:1343 - Pass 1: loading data...
16:33:08 | WARNING  | __main__:73 - stock_data_daily: falling back to 2026-04-10
16:33:08 | INFO     | __main__:106 -   Loaded: 501 stocks | 23 sectors | regime=RISK OFF | asm=0 | fii=CAUTION | forced=0
16:33:08 | INFO     | __main__:1376 - Pass 2: running engines (regime=RISK OFF)...
16:33:08 | INFO     | __main__:254 -   CTL: 15 candidates
16:33:08 | INFO     | __main__:355 -   SBS: 0 candidates
16:33:08 | INFO     | __main__:430 -   TPO: 0 candidates
16:33:08 | INFO     | __main__:524 -   VBD: 2 candidates
16:33:08 | INFO     | __main__:602 -   IAD: 0 candidates
16:33:08 | INFO     | __main__:665 -   RSB: 0 candidates
16:33:08 | INFO     | __main__:757 -   MOM: 19 candidates
16:33:08 | INFO     | __main__:774 -   RVS: running with RISK OFF strict mode
16:33:08 | INFO     | __main__:851 -   RVS: 9 candidates
16:33:08 | INFO     | __main__:915 -   SEC: 37 candidates
16:33:08 | INFO     | __main__:1405 -   Engine totals: CTL=15 SBS=0 TPO=0 VBD=2 IAD=0 RSB=0 MOM=19 RVS=9 SEC=37 | Total unique=67
16:33:08 | INFO     | __main__:1413 - Pass 3: aggregating and ranking...
16:33:08 | WARNING  | __main__:954 -   RISK OFF regime detected — screener_allow_risk_off=True, proceeding with reduced universe
16:33:08 | INFO     | __main__:1054 -   Aggregated: 67 total unique | 67 after hard filters | 30 final
16:33:08 | INFO     | __main__:1427 - 
  ═══ TOP 30 SCREENED SYMBOLS ═══
16:33:08 | INFO     | __main__:1430 -      # 1 GPIL         score=126.1  engines=CTL,MOM,SEC                  sector=metals & mining      rank=1
16:33:08 | INFO     | __main__:1430 -      # 2 ABB          score=124.1  engines=CTL,MOM,SEC                  sector=industrials          rank=2
16:33:08 | INFO     | __main__:1430 -      # 3 TATASTEEL    score=105.8  engines=CTL,SEC                      sector=metals & mining      rank=1
16:33:08 | INFO     | __main__:1430 -      # 4 HINDALCO     score=105.3  engines=CTL,SEC                      sector=metals & mining      rank=1
16:33:08 | INFO     | __main__:1430 -      # 5 POWERINDIA   score=105.0  engines=CTL,MOM,VBD                  sector=industrials          rank=2
16:33:08 | INFO     | __main__:1430 -      # 6 JINDALSTEL   score=102.3  engines=CTL,SEC                      sector=metals & mining      rank=1
16:33:08 | INFO     | __main__:1430 -      # 7 GVT&D        score=101.8  engines=MOM,SEC                      sector=industrials          rank=2
16:33:08 | INFO     | __main__:1430 -      # 8 CUMMINSIND   score=101.0  engines=CTL                          sector=industrials          rank=2
16:33:08 | INFO     | __main__:1430 -      # 9 AXISBANK     score= 99.0  engines=MOM                          sector=bank                 rank=6
16:33:08 | INFO     | __main__:1430 -      #10 BHARATFORG   score= 97.0  engines=CTL                          sector=industrials          rank=2
16:33:08 | INFO     | __main__:1430 -      #11 NMDC         score= 94.9  engines=CTL,SEC                      sector=metals & mining      rank=1
16:33:08 | INFO     | __main__:1430 -      #12 ADANIPOWER   score= 89.0  engines=CTL                          sector=power & utilities    rank=4
16:33:08 | INFO     | __main__:1430 -      #13 INDUSTOWER   score= 88.0  engines=RVS                          sector=telecom              rank=5
16:33:08 | INFO     | __main__:1430 -      #14 FEDERALBNK   score= 87.0  engines=MOM                          sector=bank                 rank=6
16:33:08 | INFO     | __main__:1430 -      #15 MOTHERSON    score= 82.0  engines=MOM                          sector=auto                 rank=8
16:33:08 | INFO     | __main__:1430 -      #16 BAJAJ-AUTO   score= 82.0  engines=MOM                          sector=auto                 rank=8
16:33:08 | INFO     | __main__:1430 -      #17 AUBANK       score= 82.0  engines=MOM                          sector=bank                 rank=6
16:33:08 | INFO     | __main__:1430 -      #18 SBIN         score= 82.0  engines=RVS                          sector=bank                 rank=6
16:33:08 | INFO     | __main__:1430 -      #19 NATCOPHARM   score= 81.0  engines=MOM                          sector=healthcare           rank=9
16:33:08 | INFO     | __main__:1430 -      #20 TVSMOTOR     score= 81.0  engines=MOM                          sector=auto                 rank=8
16:33:08 | INFO     | __main__:1430 -      #21 INDIANB      score= 77.0  engines=MOM                          sector=bank                 rank=6
16:33:08 | INFO     | __main__:1430 -      #22 BELRISE      score= 74.0  engines=MOM                          sector=auto                 rank=8
16:33:08 | INFO     | __main__:1430 -      #23 TORNTPHARM   score= 70.0  engines=RVS                          sector=healthcare           rank=9
16:33:08 | INFO     | __main__:1430 -      #24 JBCHEPHARM   score= 70.0  engines=RVS                          sector=healthcare           rank=9
16:33:08 | INFO     | __main__:1430 -      #25 NTPC         score= 65.0  engines=CTL                          sector=power & utilities    rank=4
16:33:08 | INFO     | __main__:1430 -      #26 AJANTPHARM   score= 64.0  engines=RVS                          sector=healthcare           rank=9
16:33:08 | INFO     | __main__:1430 -      #27 NTPCGREEN    score= 62.0  engines=SEC                          sector=power & utilities    rank=4
16:33:08 | INFO     | __main__:1430 -      #28 EICHERMOT    score= 60.0  engines=MOM                          sector=auto                 rank=8
16:33:08 | INFO     | __main__:1430 -      #29 TORNTPOWER   score= 57.0  engines=SEC                          sector=power & utilities    rank=4
16:33:08 | INFO     | __main__:1430 -      #30 HAL          score= 57.0  engines=SEC                          sector=aerospace & defence  rank=3
16:33:08 | INFO     | __main__:1446 -   Multi-engine confirmed: 8/30
16:33:08 | INFO     | __main__:1447 -   Sector distribution: {'metals & mining': 5, 'industrials': 5, 'bank': 5, 'power & utilities': 4, 'telecom': 1, 'auto': 5, 'healthcare': 4, 'aerospace & defence': 1}
16:33:08 | INFO     | __main__:1448 -   Engine hits: {'CTL': 11, 'MOM': 14, 'SEC': 10, 'VBD': 1, 'RVS': 5}
16:33:08 | INFO     | __main__:1451 - Pass 4: writing (shadow mode)...
16:33:09 | SUCCESS  | __main__:1106 - ✓ 67 symbols → msl_computed
16:33:09 | INFO     | __main__:1162 -   EAP revival: no penalized stocks found yesterday — skipping
16:33:09 | INFO     | __main__:1241 -   Outcomes: no price data for today — skipping
16:37:14 | INFO     | config:187 - TradeOS v6 config loaded | Capital=₹200,000 | DRY_RUN=False | Phase=2
16:37:14 | INFO     | __main__:1979 - =================================================================
16:37:14 | INFO     | __main__:1980 - STEP: Compute MSL v2.0 | 2026-04-12 | mode=SHADOW
16:37:14 | INFO     | __main__:1982 - =================================================================
16:37:14 | INFO     | __main__:1984 - Pass 1: loading data...
16:37:15 | INFO     | __main__:120 -   Source table: msl_computed (67 symbols)
16:37:15 | INFO     | __main__:137 -   Symbol source: master_shortlist only (67 symbols) — shadow mode or screener not yet run
16:37:15 | WARNING  | __main__:151 - stock_data_daily: falling back to 2026-04-10
16:37:15 | INFO     | __main__:181 -   Loaded: 67 symbols | 67 stock_data | 441 history | 23 sectors | regime=RISK OFF | 0 open positions
16:37:15 | INFO     | __main__:1990 - Pass 2: computing all fields...
16:37:15 | INFO     | __main__:1752 -   Regime context: RISK OFF | RSI extended @62 | regime_boost=-12 | VIX=18.85 | breadth=44%
16:37:15 | INFO     | __main__:1912 -   Computed: 67 | skipped: 0
16:37:15 | INFO     | __main__:2000 -   Results: 67 symbols
16:37:15 | INFO     | __main__:2001 -   Avg final_score:         34.4
16:37:15 | INFO     | __main__:2002 -   Avg momentum_score:      60.3
16:37:15 | INFO     | __main__:2003 -   Avg institutional_score: 30.2
16:37:15 | INFO     | __main__:2004 -   Avg breakout_readiness:  20.6
16:37:15 | INFO     | __main__:2005 -   Avg risk_score:          30.8
16:37:15 | INFO     | __main__:2006 -   Avg holding_score:       53.1
16:37:15 | INFO     | __main__:2007 -   Avg ma_alignment:        4.1/6
16:37:15 | INFO     | __main__:2009 -   Momentum state:    {'BUILDING': 40, 'HOT': 16, 'STABLE': 3, 'WEAK': 8}
16:37:15 | INFO     | __main__:2010 -   Momentum phase:    {'EXTENDED': 11, 'EARLY': 4, 'FLAT': 30, 'EXPANSION': 22}
16:37:15 | INFO     | __main__:2011 -   Lifecycle:         {'HOLD': 54, 'ADD': 3, 'EXIT': 10}
16:37:15 | INFO     | __main__:2012 -   Weekly structure:  {'STRONG': 56, 'CONSOLIDATING': 5, 'CAUTION': 3, 'WEAK': 3}
16:37:15 | INFO     | __main__:2013 -   BB context:        {'RIDING_UPPER': 48, 'UPPER_HALF': 10, 'MIDDLE': 4, 'NEAR_LOWER': 1, 'LOWER_HALF': 3, 'SQUEEZE_BULLISH': 1}
16:37:15 | INFO     | __main__:2014 -   VWAP alignment:    {'ABOVE_ALL': 28, 'ABOVE_ALL_EXTENDED': 13, 'MIXED': 13, 'ABOVE_20D': 11, 'ABOVE_TODAY_ONLY': 1, 'BELOW_ALL': 1}
16:37:15 | INFO     | __main__:2015 -   Volume trend:      {'EXPANDING': 17, 'CONTRACTING': 11, 'STABLE': 33, 'DECLINING': 6}
16:37:15 | INFO     | __main__:2016 -   Fund quality:      {'STABLE': 65, 'LOSS_MAKING': 2}
16:37:15 | INFO     | __main__:2020 -   Top 5 by final_score:
16:37:15 | INFO     | __main__:2023 -      POWERGRID    final= 48.9  hold= 58.2  mom=STABLE   phase=FLAT       MA=6/6  BB=SQUEEZE_BULLISH      risk= 8.4
16:37:15 | INFO     | __main__:2023 -      GPIL         final= 44.7  hold= 66.0  mom=BUILDING phase=EXTENDED   MA=6/6  BB=RIDING_UPPER         risk=40.8
16:37:15 | INFO     | __main__:2023 -      TIMKEN       final= 44.5  hold= 55.2  mom=BUILDING phase=FLAT       MA=6/6  BB=UPPER_HALF           risk=31.2
16:37:15 | INFO     | __main__:2023 -      SARDAEN      final= 44.5  hold= 51.2  mom=BUILDING phase=FLAT       MA=6/6  BB=RIDING_UPPER         risk=15.6
16:37:15 | INFO     | __main__:2023 -      KIRLOSENG    final= 44.3  hold= 48.7  mom=BUILDING phase=FLAT       MA=6/6  BB=UPPER_HALF           risk=31.2
16:37:15 | WARNING  | __main__:2043 -   Sheet comparison: falling back to 2026-04-10
16:37:15 | INFO     | __main__:2080 -   Sheet vs computed divergences (10 symbols), top 40 by rank:
16:37:15 | INFO     | __main__:2082 -     #1 NATIONALUM: mom HOT→BUILDING  score 103→41.2
16:37:15 | INFO     | __main__:2082 -     #2 POWERINDIA: mom HOT→HOT  score 81→30.2
16:37:15 | INFO     | __main__:2082 -     #3 VEDL: mom HOT→BUILDING  score 73→36.5
16:37:15 | INFO     | __main__:2082 -     #4 BHARATFORG: mom WEAK→BUILDING  score 62→33.9
16:37:15 | INFO     | __main__:2082 -     #5 CUMMINSIND: mom HOT→BUILDING  score 61→38.3
16:37:15 | INFO     | __main__:2082 -     #6 HINDALCO: mom HOT→BUILDING  score 58→39.4
16:37:15 | INFO     | __main__:2082 -     #7 ADANIPOWER: mom HOT→BUILDING  score 54→24.3
16:37:15 | INFO     | __main__:2082 -     #8 GPIL: mom STABLE→BUILDING  score 50→44.7
16:37:15 | INFO     | __main__:2082 -     #9 TATASTEEL: mom HOT→BUILDING  score 50→43.7
16:37:15 | INFO     | __main__:2082 -     #10 ABB: mom BUILDING→HOT  score 49→38.2
16:37:15 | INFO     | __main__:2093 - Pass 3: writing results...
16:37:16 | SUCCESS  | __main__:1940 - ✓ shadow: 67 → msl_computed
16:37:16 | INFO     | __main__:2103 -   ★ HOT + in zone (new opportunities): ['GVT&D', 'FEDERALBNK', 'AXISBANK', 'BAJAJ-AUTO', 'CARBORUNIV', 'MOTHERSON', 'APARINDS', 'NATCOPHARM']
16:53:06 | INFO     | config:187 - TradeOS v6 config loaded | Capital=₹200,000 | DRY_RUN=False | Phase=2
16:53:06 | INFO     | __main__:1347 - =================================================================
16:53:06 | INFO     | __main__:1348 - STEP: Screen Stocks v1.0 | 2026-04-12 | mode=SHADOW
16:53:06 | INFO     | __main__:1350 - =================================================================
16:53:06 | INFO     | __main__:1353 - Pass 1: loading data...
16:53:07 | WARNING  | __main__:74 - stock_data_daily: falling back to 2026-04-10
16:53:07 | INFO     | __main__:107 -   Loaded: 501 stocks | 23 sectors | regime=RISK OFF | asm=0 | fii=CAUTION | forced=0
16:53:07 | INFO     | __main__:1386 - Pass 2: running engines (regime=RISK OFF)...
16:53:07 | INFO     | __main__:255 -   CTL: 15 candidates
16:53:07 | INFO     | __main__:356 -   SBS: 0 candidates
16:53:07 | INFO     | __main__:431 -   TPO: 0 candidates
16:53:07 | INFO     | __main__:525 -   VBD: 2 candidates
16:53:07 | INFO     | __main__:603 -   IAD: 0 candidates
16:53:07 | INFO     | __main__:666 -   RSB: 0 candidates
16:53:07 | INFO     | __main__:758 -   MOM: 19 candidates
16:53:07 | INFO     | __main__:775 -   RVS: running with RISK OFF strict mode
16:53:07 | INFO     | __main__:852 -   RVS: 9 candidates
16:53:07 | INFO     | __main__:916 -   SEC: 37 candidates
16:53:08 | INFO     | __main__:1415 -   Engine totals: CTL=15 SBS=0 TPO=0 VBD=2 IAD=0 RSB=0 MOM=19 RVS=9 SEC=37 | Total unique=67
16:53:08 | INFO     | __main__:1423 - Pass 3: aggregating and ranking...
16:53:08 | WARNING  | __main__:955 -   RISK OFF regime detected — screener_allow_risk_off=True, proceeding with reduced universe
16:53:08 | INFO     | __main__:1055 -   Aggregated: 67 total unique | 67 after hard filters | 30 final
16:53:08 | INFO     | __main__:1437 - 
  ═══ TOP 30 SCREENED SYMBOLS ═══
16:53:08 | INFO     | __main__:1440 -      # 1 GPIL         score=126.1  engines=CTL,MOM,SEC                  sector=metals & mining      rank=1
16:53:08 | INFO     | __main__:1440 -      # 2 ABB          score=124.1  engines=CTL,MOM,SEC                  sector=industrials          rank=2
16:53:08 | INFO     | __main__:1440 -      # 3 TATASTEEL    score=105.8  engines=CTL,SEC                      sector=metals & mining      rank=1
16:53:08 | INFO     | __main__:1440 -      # 4 HINDALCO     score=105.3  engines=CTL,SEC                      sector=metals & mining      rank=1
16:53:08 | INFO     | __main__:1440 -      # 5 POWERINDIA   score=105.0  engines=CTL,MOM,VBD                  sector=industrials          rank=2
16:53:08 | INFO     | __main__:1440 -      # 6 JINDALSTEL   score=102.3  engines=CTL,SEC                      sector=metals & mining      rank=1
16:53:08 | INFO     | __main__:1440 -      # 7 GVT&D        score=101.8  engines=MOM,SEC                      sector=industrials          rank=2
16:53:08 | INFO     | __main__:1440 -      # 8 CUMMINSIND   score=101.0  engines=CTL                          sector=industrials          rank=2
16:53:08 | INFO     | __main__:1440 -      # 9 AXISBANK     score= 99.0  engines=MOM                          sector=bank                 rank=6
16:53:08 | INFO     | __main__:1440 -      #10 BHARATFORG   score= 97.0  engines=CTL                          sector=industrials          rank=2
16:53:08 | INFO     | __main__:1440 -      #11 NMDC         score= 94.9  engines=CTL,SEC                      sector=metals & mining      rank=1
16:53:08 | INFO     | __main__:1440 -      #12 ADANIPOWER   score= 89.0  engines=CTL                          sector=power & utilities    rank=4
16:53:08 | INFO     | __main__:1440 -      #13 INDUSTOWER   score= 88.0  engines=RVS                          sector=telecom              rank=5
16:53:08 | INFO     | __main__:1440 -      #14 FEDERALBNK   score= 87.0  engines=MOM                          sector=bank                 rank=6
16:53:08 | INFO     | __main__:1440 -      #15 MOTHERSON    score= 82.0  engines=MOM                          sector=auto                 rank=8
16:53:08 | INFO     | __main__:1440 -      #16 BAJAJ-AUTO   score= 82.0  engines=MOM                          sector=auto                 rank=8
16:53:08 | INFO     | __main__:1440 -      #17 AUBANK       score= 82.0  engines=MOM                          sector=bank                 rank=6
16:53:08 | INFO     | __main__:1440 -      #18 SBIN         score= 82.0  engines=RVS                          sector=bank                 rank=6
16:53:08 | INFO     | __main__:1440 -      #19 NATCOPHARM   score= 81.0  engines=MOM                          sector=healthcare           rank=9
16:53:08 | INFO     | __main__:1440 -      #20 TVSMOTOR     score= 81.0  engines=MOM                          sector=auto                 rank=8
16:53:08 | INFO     | __main__:1440 -      #21 INDIANB      score= 77.0  engines=MOM                          sector=bank                 rank=6
16:53:08 | INFO     | __main__:1440 -      #22 BELRISE      score= 74.0  engines=MOM                          sector=auto                 rank=8
16:53:08 | INFO     | __main__:1440 -      #23 TORNTPHARM   score= 70.0  engines=RVS                          sector=healthcare           rank=9
16:53:08 | INFO     | __main__:1440 -      #24 JBCHEPHARM   score= 70.0  engines=RVS                          sector=healthcare           rank=9
16:53:08 | INFO     | __main__:1440 -      #25 NTPC         score= 65.0  engines=CTL                          sector=power & utilities    rank=4
16:53:08 | INFO     | __main__:1440 -      #26 AJANTPHARM   score= 64.0  engines=RVS                          sector=healthcare           rank=9
16:53:08 | INFO     | __main__:1440 -      #27 NTPCGREEN    score= 62.0  engines=SEC                          sector=power & utilities    rank=4
16:53:08 | INFO     | __main__:1440 -      #28 EICHERMOT    score= 60.0  engines=MOM                          sector=auto                 rank=8
16:53:08 | INFO     | __main__:1440 -      #29 TORNTPOWER   score= 57.0  engines=SEC                          sector=power & utilities    rank=4
16:53:08 | INFO     | __main__:1440 -      #30 HAL          score= 57.0  engines=SEC                          sector=aerospace & defence  rank=3
16:53:08 | INFO     | __main__:1456 -   Multi-engine confirmed: 8/30
16:53:08 | INFO     | __main__:1457 -   Sector distribution: {'metals & mining': 5, 'industrials': 5, 'bank': 5, 'power & utilities': 4, 'telecom': 1, 'auto': 5, 'healthcare': 4, 'aerospace & defence': 1}
16:53:08 | INFO     | __main__:1458 -   Engine hits: {'CTL': 11, 'MOM': 14, 'SEC': 10, 'VBD': 1, 'RVS': 5}
16:53:08 | INFO     | __main__:1461 - Pass 4: writing (shadow mode)...
16:53:08 | SUCCESS  | __main__:1115 - ✓ 67 symbols → msl_computed
16:53:08 | INFO     | __main__:1171 -   EAP revival: no penalized stocks found yesterday — skipping
16:53:08 | INFO     | __main__:1250 -   Outcomes: no price data for today — skipping
16:54:15 | INFO     | config:187 - TradeOS v6 config loaded | Capital=₹200,000 | DRY_RUN=False | Phase=2
16:54:15 | INFO     | __main__:1347 - =================================================================
16:54:15 | INFO     | __main__:1348 - STEP: Screen Stocks v1.0 | 2026-04-12 | mode=SHADOW
16:54:15 | INFO     | __main__:1350 - =================================================================
16:54:15 | INFO     | __main__:1353 - Pass 1: loading data...
16:54:15 | WARNING  | __main__:74 - stock_data_daily: falling back to 2026-04-10
16:54:16 | INFO     | __main__:107 -   Loaded: 501 stocks | 23 sectors | regime=RISK OFF | asm=0 | fii=CAUTION | forced=0
16:54:16 | INFO     | __main__:1386 - Pass 2: running engines (regime=RISK OFF)...
16:54:16 | INFO     | __main__:255 -   CTL: 15 candidates
16:54:16 | INFO     | __main__:356 -   SBS: 0 candidates
16:54:16 | INFO     | __main__:431 -   TPO: 0 candidates
16:54:16 | INFO     | __main__:525 -   VBD: 2 candidates
16:54:16 | INFO     | __main__:603 -   IAD: 0 candidates
16:54:16 | INFO     | __main__:666 -   RSB: 0 candidates
16:54:16 | INFO     | __main__:758 -   MOM: 19 candidates
16:54:16 | INFO     | __main__:775 -   RVS: running with RISK OFF strict mode
16:54:16 | INFO     | __main__:852 -   RVS: 9 candidates
16:54:16 | INFO     | __main__:916 -   SEC: 37 candidates
16:54:16 | INFO     | __main__:1415 -   Engine totals: CTL=15 SBS=0 TPO=0 VBD=2 IAD=0 RSB=0 MOM=19 RVS=9 SEC=37 | Total unique=67
16:54:16 | INFO     | __main__:1423 - Pass 3: aggregating and ranking...
16:54:16 | WARNING  | __main__:955 -   RISK OFF regime detected — screener_allow_risk_off=True, proceeding with reduced universe
16:54:16 | INFO     | __main__:1055 -   Aggregated: 67 total unique | 67 after hard filters | 30 final
16:54:16 | INFO     | __main__:1437 - 
  ═══ TOP 30 SCREENED SYMBOLS ═══
16:54:16 | INFO     | __main__:1440 -      # 1 GPIL         score=126.1  engines=CTL,MOM,SEC                  sector=metals & mining      rank=1
16:54:16 | INFO     | __main__:1440 -      # 2 ABB          score=124.1  engines=CTL,MOM,SEC                  sector=industrials          rank=2
16:54:16 | INFO     | __main__:1440 -      # 3 TATASTEEL    score=105.8  engines=CTL,SEC                      sector=metals & mining      rank=1
16:54:16 | INFO     | __main__:1440 -      # 4 HINDALCO     score=105.3  engines=CTL,SEC                      sector=metals & mining      rank=1
16:54:16 | INFO     | __main__:1440 -      # 5 POWERINDIA   score=105.0  engines=CTL,MOM,VBD                  sector=industrials          rank=2
16:54:16 | INFO     | __main__:1440 -      # 6 JINDALSTEL   score=102.3  engines=CTL,SEC                      sector=metals & mining      rank=1
16:54:16 | INFO     | __main__:1440 -      # 7 GVT&D        score=101.8  engines=MOM,SEC                      sector=industrials          rank=2
16:54:16 | INFO     | __main__:1440 -      # 8 CUMMINSIND   score=101.0  engines=CTL                          sector=industrials          rank=2
16:54:16 | INFO     | __main__:1440 -      # 9 AXISBANK     score= 99.0  engines=MOM                          sector=bank                 rank=6
16:54:16 | INFO     | __main__:1440 -      #10 BHARATFORG   score= 97.0  engines=CTL                          sector=industrials          rank=2
16:54:16 | INFO     | __main__:1440 -      #11 NMDC         score= 94.9  engines=CTL,SEC                      sector=metals & mining      rank=1
16:54:16 | INFO     | __main__:1440 -      #12 ADANIPOWER   score= 89.0  engines=CTL                          sector=power & utilities    rank=4
16:54:16 | INFO     | __main__:1440 -      #13 INDUSTOWER   score= 88.0  engines=RVS                          sector=telecom              rank=5
16:54:16 | INFO     | __main__:1440 -      #14 FEDERALBNK   score= 87.0  engines=MOM                          sector=bank                 rank=6
16:54:16 | INFO     | __main__:1440 -      #15 MOTHERSON    score= 82.0  engines=MOM                          sector=auto                 rank=8
16:54:16 | INFO     | __main__:1440 -      #16 BAJAJ-AUTO   score= 82.0  engines=MOM                          sector=auto                 rank=8
16:54:16 | INFO     | __main__:1440 -      #17 AUBANK       score= 82.0  engines=MOM                          sector=bank                 rank=6
16:54:16 | INFO     | __main__:1440 -      #18 SBIN         score= 82.0  engines=RVS                          sector=bank                 rank=6
16:54:16 | INFO     | __main__:1440 -      #19 NATCOPHARM   score= 81.0  engines=MOM                          sector=healthcare           rank=9
16:54:16 | INFO     | __main__:1440 -      #20 TVSMOTOR     score= 81.0  engines=MOM                          sector=auto                 rank=8
16:54:16 | INFO     | __main__:1440 -      #21 INDIANB      score= 77.0  engines=MOM                          sector=bank                 rank=6
16:54:16 | INFO     | __main__:1440 -      #22 BELRISE      score= 74.0  engines=MOM                          sector=auto                 rank=8
16:54:16 | INFO     | __main__:1440 -      #23 TORNTPHARM   score= 70.0  engines=RVS                          sector=healthcare           rank=9
16:54:16 | INFO     | __main__:1440 -      #24 JBCHEPHARM   score= 70.0  engines=RVS                          sector=healthcare           rank=9
16:54:16 | INFO     | __main__:1440 -      #25 NTPC         score= 65.0  engines=CTL                          sector=power & utilities    rank=4
16:54:16 | INFO     | __main__:1440 -      #26 AJANTPHARM   score= 64.0  engines=RVS                          sector=healthcare           rank=9
16:54:16 | INFO     | __main__:1440 -      #27 NTPCGREEN    score= 62.0  engines=SEC                          sector=power & utilities    rank=4
16:54:16 | INFO     | __main__:1440 -      #28 EICHERMOT    score= 60.0  engines=MOM                          sector=auto                 rank=8
16:54:16 | INFO     | __main__:1440 -      #29 TORNTPOWER   score= 57.0  engines=SEC                          sector=power & utilities    rank=4
16:54:16 | INFO     | __main__:1440 -      #30 HAL          score= 57.0  engines=SEC                          sector=aerospace & defence  rank=3
16:54:16 | INFO     | __main__:1456 -   Multi-engine confirmed: 8/30
16:54:16 | INFO     | __main__:1457 -   Sector distribution: {'metals & mining': 5, 'industrials': 5, 'bank': 5, 'power & utilities': 4, 'telecom': 1, 'auto': 5, 'healthcare': 4, 'aerospace & defence': 1}
16:54:16 | INFO     | __main__:1458 -   Engine hits: {'CTL': 11, 'MOM': 14, 'SEC': 10, 'VBD': 1, 'RVS': 5}
16:54:16 | INFO     | __main__:1461 - Pass 4: writing (shadow mode)...
16:54:16 | SUCCESS  | __main__:1115 - ✓ 67 symbols → msl_computed
16:54:16 | INFO     | __main__:1171 -   EAP revival: no penalized stocks found yesterday — skipping
16:54:16 | INFO     | __main__:1250 -   Outcomes: no price data for today — skipping
16:58:17 | INFO     | config:187 - TradeOS v6 config loaded | Capital=₹200,000 | DRY_RUN=False | Phase=2
16:58:17 | INFO     | __main__:1347 - =================================================================
16:58:17 | INFO     | __main__:1348 - STEP: Screen Stocks v1.0 | 2026-04-12 | mode=SHADOW
16:58:17 | INFO     | __main__:1350 - =================================================================
16:58:17 | INFO     | __main__:1353 - Pass 1: loading data...
16:58:17 | WARNING  | __main__:74 - stock_data_daily: falling back to 2026-04-10
16:58:18 | INFO     | __main__:107 -   Loaded: 501 stocks | 23 sectors | regime=RISK OFF | asm=0 | fii=CAUTION | forced=0
16:58:18 | INFO     | __main__:1386 - Pass 2: running engines (regime=RISK OFF)...
16:58:18 | INFO     | __main__:255 -   CTL: 15 candidates
16:58:18 | INFO     | __main__:356 -   SBS: 0 candidates
16:58:18 | INFO     | __main__:431 -   TPO: 0 candidates
16:58:18 | INFO     | __main__:525 -   VBD: 2 candidates
16:58:18 | INFO     | __main__:603 -   IAD: 0 candidates
16:58:18 | INFO     | __main__:666 -   RSB: 0 candidates
16:58:18 | INFO     | __main__:758 -   MOM: 19 candidates
16:58:18 | INFO     | __main__:775 -   RVS: running with RISK OFF strict mode
16:58:18 | INFO     | __main__:852 -   RVS: 9 candidates
16:58:18 | INFO     | __main__:916 -   SEC: 37 candidates
16:58:18 | INFO     | __main__:1415 -   Engine totals: CTL=15 SBS=0 TPO=0 VBD=2 IAD=0 RSB=0 MOM=19 RVS=9 SEC=37 | Total unique=67
16:58:18 | INFO     | __main__:1423 - Pass 3: aggregating and ranking...
16:58:18 | WARNING  | __main__:955 -   RISK OFF regime detected — screener_allow_risk_off=True, proceeding with reduced universe
16:58:18 | INFO     | __main__:1055 -   Aggregated: 67 total unique | 67 after hard filters | 30 final
16:58:18 | INFO     | __main__:1437 - 
  ═══ TOP 30 SCREENED SYMBOLS ═══
16:58:18 | INFO     | __main__:1440 -      # 1 GPIL         score=126.1  engines=CTL,MOM,SEC                  sector=metals & mining      rank=1
16:58:18 | INFO     | __main__:1440 -      # 2 ABB          score=124.1  engines=CTL,MOM,SEC                  sector=industrials          rank=2
16:58:18 | INFO     | __main__:1440 -      # 3 TATASTEEL    score=105.8  engines=CTL,SEC                      sector=metals & mining      rank=1
16:58:18 | INFO     | __main__:1440 -      # 4 HINDALCO     score=105.3  engines=CTL,SEC                      sector=metals & mining      rank=1
16:58:18 | INFO     | __main__:1440 -      # 5 POWERINDIA   score=105.0  engines=CTL,MOM,VBD                  sector=industrials          rank=2
16:58:18 | INFO     | __main__:1440 -      # 6 JINDALSTEL   score=102.3  engines=CTL,SEC                      sector=metals & mining      rank=1
16:58:18 | INFO     | __main__:1440 -      # 7 GVT&D        score=101.8  engines=MOM,SEC                      sector=industrials          rank=2
16:58:18 | INFO     | __main__:1440 -      # 8 CUMMINSIND   score=101.0  engines=CTL                          sector=industrials          rank=2
16:58:18 | INFO     | __main__:1440 -      # 9 AXISBANK     score= 99.0  engines=MOM                          sector=bank                 rank=6
16:58:18 | INFO     | __main__:1440 -      #10 BHARATFORG   score= 97.0  engines=CTL                          sector=industrials          rank=2
16:58:18 | INFO     | __main__:1440 -      #11 NMDC         score= 94.9  engines=CTL,SEC                      sector=metals & mining      rank=1
16:58:18 | INFO     | __main__:1440 -      #12 ADANIPOWER   score= 89.0  engines=CTL                          sector=power & utilities    rank=4
16:58:18 | INFO     | __main__:1440 -      #13 INDUSTOWER   score= 88.0  engines=RVS                          sector=telecom              rank=5
16:58:18 | INFO     | __main__:1440 -      #14 FEDERALBNK   score= 87.0  engines=MOM                          sector=bank                 rank=6
16:58:18 | INFO     | __main__:1440 -      #15 MOTHERSON    score= 82.0  engines=MOM                          sector=auto                 rank=8
16:58:18 | INFO     | __main__:1440 -      #16 BAJAJ-AUTO   score= 82.0  engines=MOM                          sector=auto                 rank=8
16:58:18 | INFO     | __main__:1440 -      #17 AUBANK       score= 82.0  engines=MOM                          sector=bank                 rank=6
16:58:18 | INFO     | __main__:1440 -      #18 SBIN         score= 82.0  engines=RVS                          sector=bank                 rank=6
16:58:18 | INFO     | __main__:1440 -      #19 NATCOPHARM   score= 81.0  engines=MOM                          sector=healthcare           rank=9
16:58:18 | INFO     | __main__:1440 -      #20 TVSMOTOR     score= 81.0  engines=MOM                          sector=auto                 rank=8
16:58:18 | INFO     | __main__:1440 -      #21 INDIANB      score= 77.0  engines=MOM                          sector=bank                 rank=6
16:58:18 | INFO     | __main__:1440 -      #22 BELRISE      score= 74.0  engines=MOM                          sector=auto                 rank=8
16:58:18 | INFO     | __main__:1440 -      #23 TORNTPHARM   score= 70.0  engines=RVS                          sector=healthcare           rank=9
16:58:18 | INFO     | __main__:1440 -      #24 JBCHEPHARM   score= 70.0  engines=RVS                          sector=healthcare           rank=9
16:58:18 | INFO     | __main__:1440 -      #25 NTPC         score= 65.0  engines=CTL                          sector=power & utilities    rank=4
16:58:18 | INFO     | __main__:1440 -      #26 AJANTPHARM   score= 64.0  engines=RVS                          sector=healthcare           rank=9
16:58:18 | INFO     | __main__:1440 -      #27 NTPCGREEN    score= 62.0  engines=SEC                          sector=power & utilities    rank=4
16:58:18 | INFO     | __main__:1440 -      #28 EICHERMOT    score= 60.0  engines=MOM                          sector=auto                 rank=8
16:58:18 | INFO     | __main__:1440 -      #29 TORNTPOWER   score= 57.0  engines=SEC                          sector=power & utilities    rank=4
16:58:18 | INFO     | __main__:1440 -      #30 HAL          score= 57.0  engines=SEC                          sector=aerospace & defence  rank=3
16:58:18 | INFO     | __main__:1456 -   Multi-engine confirmed: 8/30
16:58:18 | INFO     | __main__:1457 -   Sector distribution: {'metals & mining': 5, 'industrials': 5, 'bank': 5, 'power & utilities': 4, 'telecom': 1, 'auto': 5, 'healthcare': 4, 'aerospace & defence': 1}
16:58:18 | INFO     | __main__:1458 -   Engine hits: {'CTL': 11, 'MOM': 14, 'SEC': 10, 'VBD': 1, 'RVS': 5}
16:58:18 | INFO     | __main__:1461 - Pass 4: writing (shadow mode)...
16:58:18 | SUCCESS  | __main__:1115 - ✓ 30 symbols → msl_computed
16:58:18 | INFO     | __main__:1171 -   EAP revival: no penalized stocks found yesterday — skipping
16:58:18 | INFO     | __main__:1250 -   Outcomes: no price data for today — skipping
16:59:24 | INFO     | config:187 - TradeOS v6 config loaded | Capital=₹200,000 | DRY_RUN=False | Phase=2
16:59:24 | INFO     | __main__:1347 - =================================================================
16:59:24 | INFO     | __main__:1348 - STEP: Screen Stocks v1.0 | 2026-04-12 | mode=SHADOW
16:59:24 | INFO     | __main__:1350 - =================================================================
16:59:24 | INFO     | __main__:1353 - Pass 1: loading data...
16:59:25 | WARNING  | __main__:74 - stock_data_daily: falling back to 2026-04-10
16:59:25 | INFO     | __main__:107 -   Loaded: 501 stocks | 23 sectors | regime=RISK OFF | asm=0 | fii=CAUTION | forced=0
16:59:25 | INFO     | __main__:1386 - Pass 2: running engines (regime=RISK OFF)...
16:59:25 | INFO     | __main__:255 -   CTL: 15 candidates
16:59:25 | INFO     | __main__:356 -   SBS: 0 candidates
16:59:25 | INFO     | __main__:431 -   TPO: 0 candidates
16:59:25 | INFO     | __main__:525 -   VBD: 2 candidates
16:59:25 | INFO     | __main__:603 -   IAD: 0 candidates
16:59:25 | INFO     | __main__:666 -   RSB: 0 candidates
16:59:25 | INFO     | __main__:758 -   MOM: 19 candidates
16:59:25 | INFO     | __main__:775 -   RVS: running with RISK OFF strict mode
16:59:25 | INFO     | __main__:852 -   RVS: 9 candidates
16:59:25 | INFO     | __main__:916 -   SEC: 37 candidates
16:59:25 | INFO     | __main__:1415 -   Engine totals: CTL=15 SBS=0 TPO=0 VBD=2 IAD=0 RSB=0 MOM=19 RVS=9 SEC=37 | Total unique=67
16:59:25 | INFO     | __main__:1423 - Pass 3: aggregating and ranking...
16:59:25 | WARNING  | __main__:955 -   RISK OFF regime detected — screener_allow_risk_off=True, proceeding with reduced universe
16:59:25 | INFO     | __main__:1055 -   Aggregated: 67 total unique | 67 after hard filters | 30 final
16:59:25 | INFO     | __main__:1437 - 
  ═══ TOP 30 SCREENED SYMBOLS ═══
16:59:25 | INFO     | __main__:1440 -      # 1 GPIL         score=126.1  engines=CTL,MOM,SEC                  sector=metals & mining      rank=1
16:59:25 | INFO     | __main__:1440 -      # 2 ABB          score=124.1  engines=CTL,MOM,SEC                  sector=industrials          rank=2
16:59:25 | INFO     | __main__:1440 -      # 3 TATASTEEL    score=105.8  engines=CTL,SEC                      sector=metals & mining      rank=1
16:59:25 | INFO     | __main__:1440 -      # 4 HINDALCO     score=105.3  engines=CTL,SEC                      sector=metals & mining      rank=1
16:59:25 | INFO     | __main__:1440 -      # 5 POWERINDIA   score=105.0  engines=CTL,MOM,VBD                  sector=industrials          rank=2
16:59:25 | INFO     | __main__:1440 -      # 6 JINDALSTEL   score=102.3  engines=CTL,SEC                      sector=metals & mining      rank=1
16:59:25 | INFO     | __main__:1440 -      # 7 GVT&D        score=101.8  engines=MOM,SEC                      sector=industrials          rank=2
16:59:25 | INFO     | __main__:1440 -      # 8 CUMMINSIND   score=101.0  engines=CTL                          sector=industrials          rank=2
16:59:25 | INFO     | __main__:1440 -      # 9 AXISBANK     score= 99.0  engines=MOM                          sector=bank                 rank=6
16:59:25 | INFO     | __main__:1440 -      #10 BHARATFORG   score= 97.0  engines=CTL                          sector=industrials          rank=2
16:59:25 | INFO     | __main__:1440 -      #11 NMDC         score= 94.9  engines=CTL,SEC                      sector=metals & mining      rank=1
16:59:25 | INFO     | __main__:1440 -      #12 ADANIPOWER   score= 89.0  engines=CTL                          sector=power & utilities    rank=4
16:59:25 | INFO     | __main__:1440 -      #13 INDUSTOWER   score= 88.0  engines=RVS                          sector=telecom              rank=5
16:59:25 | INFO     | __main__:1440 -      #14 FEDERALBNK   score= 87.0  engines=MOM                          sector=bank                 rank=6
16:59:25 | INFO     | __main__:1440 -      #15 MOTHERSON    score= 82.0  engines=MOM                          sector=auto                 rank=8
16:59:25 | INFO     | __main__:1440 -      #16 BAJAJ-AUTO   score= 82.0  engines=MOM                          sector=auto                 rank=8
16:59:25 | INFO     | __main__:1440 -      #17 AUBANK       score= 82.0  engines=MOM                          sector=bank                 rank=6
16:59:25 | INFO     | __main__:1440 -      #18 SBIN         score= 82.0  engines=RVS                          sector=bank                 rank=6
16:59:25 | INFO     | __main__:1440 -      #19 NATCOPHARM   score= 81.0  engines=MOM                          sector=healthcare           rank=9
16:59:25 | INFO     | __main__:1440 -      #20 TVSMOTOR     score= 81.0  engines=MOM                          sector=auto                 rank=8
16:59:25 | INFO     | __main__:1440 -      #21 INDIANB      score= 77.0  engines=MOM                          sector=bank                 rank=6
16:59:25 | INFO     | __main__:1440 -      #22 BELRISE      score= 74.0  engines=MOM                          sector=auto                 rank=8
16:59:25 | INFO     | __main__:1440 -      #23 TORNTPHARM   score= 70.0  engines=RVS                          sector=healthcare           rank=9
16:59:25 | INFO     | __main__:1440 -      #24 JBCHEPHARM   score= 70.0  engines=RVS                          sector=healthcare           rank=9
16:59:25 | INFO     | __main__:1440 -      #25 NTPC         score= 65.0  engines=CTL                          sector=power & utilities    rank=4
16:59:25 | INFO     | __main__:1440 -      #26 AJANTPHARM   score= 64.0  engines=RVS                          sector=healthcare           rank=9
16:59:25 | INFO     | __main__:1440 -      #27 NTPCGREEN    score= 62.0  engines=SEC                          sector=power & utilities    rank=4
16:59:25 | INFO     | __main__:1440 -      #28 EICHERMOT    score= 60.0  engines=MOM                          sector=auto                 rank=8
16:59:25 | INFO     | __main__:1440 -      #29 TORNTPOWER   score= 57.0  engines=SEC                          sector=power & utilities    rank=4
16:59:25 | INFO     | __main__:1440 -      #30 HAL          score= 57.0  engines=SEC                          sector=aerospace & defence  rank=3
16:59:25 | INFO     | __main__:1456 -   Multi-engine confirmed: 8/30
16:59:25 | INFO     | __main__:1457 -   Sector distribution: {'metals & mining': 5, 'industrials': 5, 'bank': 5, 'power & utilities': 4, 'telecom': 1, 'auto': 5, 'healthcare': 4, 'aerospace & defence': 1}
16:59:25 | INFO     | __main__:1458 -   Engine hits: {'CTL': 11, 'MOM': 14, 'SEC': 10, 'VBD': 1, 'RVS': 5}
16:59:25 | INFO     | __main__:1461 - Pass 4: writing (shadow mode)...
16:59:26 | SUCCESS  | __main__:1115 - ✓ 30 symbols → msl_computed
16:59:26 | INFO     | __main__:1171 -   EAP revival: no penalized stocks found yesterday — skipping
16:59:26 | INFO     | __main__:1250 -   Outcomes: no price data for today — skipping
17:02:18 | INFO     | config:187 - TradeOS v6 config loaded | Capital=₹200,000 | DRY_RUN=False | Phase=2
17:02:18 | INFO     | __main__:1347 - =================================================================
17:02:18 | INFO     | __main__:1348 - STEP: Screen Stocks v1.0 | 2026-04-12 | mode=SHADOW
17:02:18 | INFO     | __main__:1350 - =================================================================
17:02:18 | INFO     | __main__:1353 - Pass 1: loading data...
17:02:19 | WARNING  | __main__:74 - stock_data_daily: falling back to 2026-04-10
17:02:20 | INFO     | __main__:107 -   Loaded: 501 stocks | 23 sectors | regime=RISK OFF | asm=0 | fii=CAUTION | forced=0
17:02:20 | INFO     | __main__:1386 - Pass 2: running engines (regime=RISK OFF)...
17:02:20 | INFO     | __main__:255 -   CTL: 15 candidates
17:02:20 | INFO     | __main__:356 -   SBS: 0 candidates
17:02:20 | INFO     | __main__:431 -   TPO: 0 candidates
17:02:20 | INFO     | __main__:525 -   VBD: 2 candidates
17:02:20 | INFO     | __main__:603 -   IAD: 0 candidates
17:02:20 | INFO     | __main__:666 -   RSB: 0 candidates
17:02:20 | INFO     | __main__:758 -   MOM: 19 candidates
17:02:20 | INFO     | __main__:775 -   RVS: running with RISK OFF strict mode
17:02:20 | INFO     | __main__:852 -   RVS: 9 candidates
17:02:20 | INFO     | __main__:916 -   SEC: 37 candidates
17:02:20 | INFO     | __main__:1415 -   Engine totals: CTL=15 SBS=0 TPO=0 VBD=2 IAD=0 RSB=0 MOM=19 RVS=9 SEC=37 | Total unique=67
17:02:20 | INFO     | __main__:1423 - Pass 3: aggregating and ranking...
17:02:20 | WARNING  | __main__:955 -   RISK OFF regime detected — screener_allow_risk_off=True, proceeding with reduced universe
17:02:20 | INFO     | __main__:1055 -   Aggregated: 67 total unique | 67 after hard filters | 30 final
17:02:20 | INFO     | __main__:1437 - 
  ═══ TOP 30 SCREENED SYMBOLS ═══
17:02:20 | INFO     | __main__:1440 -      # 1 GPIL         score=126.1  engines=CTL,MOM,SEC                  sector=metals & mining      rank=1
17:02:20 | INFO     | __main__:1440 -      # 2 ABB          score=124.1  engines=CTL,MOM,SEC                  sector=industrials          rank=2
17:02:20 | INFO     | __main__:1440 -      # 3 TATASTEEL    score=105.8  engines=CTL,SEC                      sector=metals & mining      rank=1
17:02:20 | INFO     | __main__:1440 -      # 4 HINDALCO     score=105.3  engines=CTL,SEC                      sector=metals & mining      rank=1
17:02:20 | INFO     | __main__:1440 -      # 5 POWERINDIA   score=105.0  engines=CTL,MOM,VBD                  sector=industrials          rank=2
17:02:20 | INFO     | __main__:1440 -      # 6 JINDALSTEL   score=102.3  engines=CTL,SEC                      sector=metals & mining      rank=1
17:02:20 | INFO     | __main__:1440 -      # 7 GVT&D        score=101.8  engines=MOM,SEC                      sector=industrials          rank=2
17:02:20 | INFO     | __main__:1440 -      # 8 CUMMINSIND   score=101.0  engines=CTL                          sector=industrials          rank=2
17:02:20 | INFO     | __main__:1440 -      # 9 AXISBANK     score= 99.0  engines=MOM                          sector=bank                 rank=6
17:02:20 | INFO     | __main__:1440 -      #10 BHARATFORG   score= 97.0  engines=CTL                          sector=industrials          rank=2
17:02:20 | INFO     | __main__:1440 -      #11 NMDC         score= 94.9  engines=CTL,SEC                      sector=metals & mining      rank=1
17:02:20 | INFO     | __main__:1440 -      #12 ADANIPOWER   score= 89.0  engines=CTL                          sector=power & utilities    rank=4
17:02:20 | INFO     | __main__:1440 -      #13 INDUSTOWER   score= 88.0  engines=RVS                          sector=telecom              rank=5
17:02:20 | INFO     | __main__:1440 -      #14 FEDERALBNK   score= 87.0  engines=MOM                          sector=bank                 rank=6
17:02:20 | INFO     | __main__:1440 -      #15 MOTHERSON    score= 82.0  engines=MOM                          sector=auto                 rank=8
17:02:20 | INFO     | __main__:1440 -      #16 BAJAJ-AUTO   score= 82.0  engines=MOM                          sector=auto                 rank=8
17:02:20 | INFO     | __main__:1440 -      #17 AUBANK       score= 82.0  engines=MOM                          sector=bank                 rank=6
17:02:20 | INFO     | __main__:1440 -      #18 SBIN         score= 82.0  engines=RVS                          sector=bank                 rank=6
17:02:20 | INFO     | __main__:1440 -      #19 NATCOPHARM   score= 81.0  engines=MOM                          sector=healthcare           rank=9
17:02:20 | INFO     | __main__:1440 -      #20 TVSMOTOR     score= 81.0  engines=MOM                          sector=auto                 rank=8
17:02:20 | INFO     | __main__:1440 -      #21 INDIANB      score= 77.0  engines=MOM                          sector=bank                 rank=6
17:02:20 | INFO     | __main__:1440 -      #22 BELRISE      score= 74.0  engines=MOM                          sector=auto                 rank=8
17:02:20 | INFO     | __main__:1440 -      #23 TORNTPHARM   score= 70.0  engines=RVS                          sector=healthcare           rank=9
17:02:20 | INFO     | __main__:1440 -      #24 JBCHEPHARM   score= 70.0  engines=RVS                          sector=healthcare           rank=9
17:02:20 | INFO     | __main__:1440 -      #25 NTPC         score= 65.0  engines=CTL                          sector=power & utilities    rank=4
17:02:20 | INFO     | __main__:1440 -      #26 AJANTPHARM   score= 64.0  engines=RVS                          sector=healthcare           rank=9
17:02:20 | INFO     | __main__:1440 -      #27 NTPCGREEN    score= 62.0  engines=SEC                          sector=power & utilities    rank=4
17:02:20 | INFO     | __main__:1440 -      #28 EICHERMOT    score= 60.0  engines=MOM                          sector=auto                 rank=8
17:02:20 | INFO     | __main__:1440 -      #29 TORNTPOWER   score= 57.0  engines=SEC                          sector=power & utilities    rank=4
17:02:20 | INFO     | __main__:1440 -      #30 HAL          score= 57.0  engines=SEC                          sector=aerospace & defence  rank=3
17:02:20 | INFO     | __main__:1456 -   Multi-engine confirmed: 8/30
17:02:20 | INFO     | __main__:1457 -   Sector distribution: {'metals & mining': 5, 'industrials': 5, 'bank': 5, 'power & utilities': 4, 'telecom': 1, 'auto': 5, 'healthcare': 4, 'aerospace & defence': 1}
17:02:20 | INFO     | __main__:1458 -   Engine hits: {'CTL': 11, 'MOM': 14, 'SEC': 10, 'VBD': 1, 'RVS': 5}
17:02:20 | INFO     | __main__:1461 - Pass 4: writing (shadow mode)...
17:02:20 | SUCCESS  | __main__:1115 - ✓ 67 symbols → msl_computed
17:02:20 | INFO     | __main__:1171 -   EAP revival: no penalized stocks found yesterday — skipping
17:02:20 | INFO     | __main__:1250 -   Outcomes: no price data for today — skipping
17:48:10 | INFO     | config:187 - TradeOS v6 config loaded | Capital=₹200,000 | DRY_RUN=False | Phase=2
17:48:10 | INFO     | __main__:701 - =================================================================
17:48:10 | INFO     | __main__:702 - STEP: Compute Regime v1.0 | 2026-04-12 | mode=SHADOW
17:48:10 | INFO     | __main__:704 - =================================================================
17:48:10 | INFO     | __main__:707 - Pass 1: loading data...
17:48:10 | INFO     | __main__:126 -   Loaded: regime_history=10 days | VIX=0.0 (market_regime(sheet)) | FII flag=CAUTION | today_row=missing
17:48:10 | INFO     | __main__:716 - Pass 2: scoring pillars...
17:48:10 | INFO     | __main__:737 -   Pillar scores:
17:48:10 | INFO     | __main__:738 -     Price structure:   0.0/25
17:48:10 | INFO     | __main__:739 -     Breadth:           0.0/25
17:48:10 | INFO     | __main__:740 -     Momentum:          0.0/20
17:48:10 | INFO     | __main__:741 -     Volatility/VIX:    7.5/15  (VIX=0.0)
17:48:10 | INFO     | __main__:742 -     FII flows:         0.0/15
17:48:10 | INFO     | __main__:743 -     ─────────────────────────────────
17:48:10 | INFO     | __main__:744 -     TOTAL:             7.5/100
17:48:10 | INFO     | __main__:752 - Pass 3: applying hysteresis...
17:48:10 | INFO     | __main__:759 -   Computed regime: RISK OFF | Score: 7.5/100 | ⚠ DIVERGE (Sheet=?)
17:48:10 | WARNING  | __main__:762 -   Regime divergence: Sheet says '?', compute_regime says 'RISK OFF'. SHADOW MODE: Sheet regime still active.
17:48:10 | INFO     | __main__:775 - Pass 4: writing (shadow mode)...
17:48:11 | SUCCESS  | __main__:679 - ✓ market_regime inserted | computed_regime=RISK OFF | score=7.5
17:54:44 | INFO     | config:187 - TradeOS v6 config loaded | Capital=₹200,000 | DRY_RUN=False | Phase=2
17:54:44 | INFO     | __main__:717 - =================================================================
17:54:44 | INFO     | __main__:718 - STEP: Compute Regime v1.0 | 2026-04-12 | mode=SHADOW
17:54:44 | INFO     | __main__:720 - =================================================================
17:54:44 | INFO     | __main__:723 - Pass 1: loading data...
17:54:44 | INFO     | __main__:137 -   Loaded: regime_history=10 days | VIX=0.0 (market_regime(sheet)) | FII flag=CAUTION | today_row=exists
17:54:44 | INFO     | __main__:732 - Pass 2: scoring pillars...
17:54:44 | INFO     | __main__:753 -   Pillar scores:
17:54:44 | INFO     | __main__:754 -     Price structure:   0.0/25
17:54:44 | INFO     | __main__:755 -     Breadth:           0.0/25
17:54:44 | INFO     | __main__:756 -     Momentum:          0.0/20
17:54:44 | INFO     | __main__:757 -     Volatility/VIX:    7.5/15  (VIX=0.0)
17:54:44 | INFO     | __main__:758 -     FII flows:         0.0/15
17:54:44 | INFO     | __main__:759 -     ─────────────────────────────────
17:54:44 | INFO     | __main__:760 -     TOTAL:             7.5/100
17:54:44 | INFO     | __main__:768 - Pass 3: applying hysteresis...
17:54:44 | INFO     | __main__:775 -   Computed regime: RISK OFF | Score: 7.5/100 | ⚠ DIVERGE (Sheet=None)
17:54:44 | WARNING  | __main__:778 -   Regime divergence: Sheet says 'None', compute_regime says 'RISK OFF'. SHADOW MODE: Sheet regime still active.
17:54:44 | INFO     | __main__:791 - Pass 4: writing (shadow mode)...
17:54:44 | SUCCESS  | __main__:690 - ✓ market_regime updated | computed_regime=RISK OFF | score=7.5
17:57:44 | INFO     | config:187 - TradeOS v6 config loaded | Capital=₹200,000 | DRY_RUN=False | Phase=2
17:57:44 | INFO     | __main__:280 - Macro Indicators Ingestion starting 
17:57:45 | INFO     | __main__:288 -   RBI DBIE: 5 indicators
17:57:51 | INFO     | __main__:296 -   MOSPI: 2 indicators
17:57:51 | INFO     | __main__:306 -   Yahoo US_10YR_YIELD: 4.317
17:57:51 | INFO     | __main__:306 -   Yahoo SILVER_PRICE: 76.48
17:57:51 | INFO     | __main__:314 -   India VIX: 18.85
17:57:53 | INFO     | __main__:322 -   ET RSS CPI/WPI: 2 indicators
17:57:54 | SUCCESS  | __main__:328 - Macro Indicators done: 12 fetched → 12 written
17:58:38 | INFO     | config:187 - TradeOS v6 config loaded | Capital=₹200,000 | DRY_RUN=False | Phase=2
17:58:38 | INFO     | __main__:717 - =================================================================
17:58:38 | INFO     | __main__:718 - STEP: Compute Regime v1.0 | 2026-04-12 | mode=SHADOW
17:58:38 | INFO     | __main__:720 - =================================================================
17:58:38 | INFO     | __main__:723 - Pass 1: loading data...
17:58:38 | INFO     | __main__:137 -   Loaded: regime_history=10 days | VIX=18.85 (macro_indicators) | FII flag=CAUTION | today_row=exists
17:58:38 | INFO     | __main__:732 - Pass 2: scoring pillars...
17:58:38 | INFO     | __main__:753 -   Pillar scores:
17:58:38 | INFO     | __main__:754 -     Price structure:   0.0/25
17:58:38 | INFO     | __main__:755 -     Breadth:           0.0/25
17:58:38 | INFO     | __main__:756 -     Momentum:          0.0/20
17:58:38 | INFO     | __main__:757 -     Volatility/VIX:    6.0/15  (VIX=18.85)
17:58:38 | INFO     | __main__:758 -     FII flows:         0.0/15
17:58:38 | INFO     | __main__:759 -     ─────────────────────────────────
17:58:38 | INFO     | __main__:760 -     TOTAL:             6.0/100
17:58:38 | INFO     | __main__:768 - Pass 3: applying hysteresis...
17:58:38 | INFO     | __main__:775 -   Computed regime: RISK OFF | Score: 6.0/100 | ⚠ DIVERGE (Sheet=None)
17:58:38 | WARNING  | __main__:778 -   Regime divergence: Sheet says 'None', compute_regime says 'RISK OFF'. SHADOW MODE: Sheet regime still active.
17:58:38 | INFO     | __main__:791 - Pass 4: writing (shadow mode)...
17:58:38 | SUCCESS  | __main__:690 - ✓ market_regime updated | computed_regime=RISK OFF | score=6.0
19:13:49 | INFO     | config:187 - TradeOS v6 config loaded | Capital=₹200,000 | DRY_RUN=False | Phase=2
19:13:49 | INFO     | __main__:863 - =================================================================
19:13:49 | INFO     | __main__:864 - STEP: Compute Regime v1.0 | 2026-04-12 | mode=SHADOW
19:13:49 | INFO     | __main__:866 - =================================================================
19:13:49 | INFO     | __main__:869 - Pass 1: loading data...
19:23:04 | INFO     | config:187 - TradeOS v6 config loaded | Capital=₹200,000 | DRY_RUN=False | Phase=2
19:23:04 | INFO     | __main__:724 - =================================================================
19:23:04 | INFO     | __main__:725 - STEP: Compute Regime v1.0 | 2026-04-12 | mode=SHADOW
19:23:04 | INFO     | __main__:727 - =================================================================
19:23:04 | INFO     | __main__:730 - Pass 1: loading data...
19:23:04 | INFO     | __main__:100 -   Using last populated trading day: 2026-04-10 (today's row missing or not yet populated by ingest_sheets)
19:23:05 | INFO     | __main__:144 -   Loaded: regime_history=10 days | VIX=18.85 (macro_indicators) | FII flag=CAUTION | today_row=exists
19:23:05 | INFO     | __main__:739 - Pass 2: scoring pillars...
19:23:05 | INFO     | __main__:760 -   Pillar scores:
19:23:05 | INFO     | __main__:761 -     Price structure:   1.0/25
19:23:05 | INFO     | __main__:762 -     Breadth:          14.0/25
19:23:05 | INFO     | __main__:763 -     Momentum:          8.0/20
19:23:05 | INFO     | __main__:764 -     Volatility/VIX:    6.0/15  (VIX=18.85)
19:23:05 | INFO     | __main__:765 -     FII flows:         0.0/15
19:23:05 | INFO     | __main__:766 -     ─────────────────────────────────
19:23:05 | INFO     | __main__:767 -     TOTAL:            29.0/100
19:23:05 | INFO     | __main__:772 -   RECOVERING conditions met — breadth improving, VIX declining, Nifty bouncing
19:23:05 | INFO     | __main__:775 - Pass 3: applying hysteresis...
19:23:05 | INFO     | __main__:588 -   Regime UPGRADE: RISK OFF → RECOVERING (score=29.0)
19:23:05 | INFO     | __main__:782 -   Computed regime: RECOVERING | Score: 29.0/100 | ⚠ DIVERGE (Sheet=RISK OFF)
19:23:05 | WARNING  | __main__:785 -   Regime divergence: Sheet says 'RISK OFF', compute_regime says 'RECOVERING'. SHADOW MODE: Sheet regime still active.
19:23:05 | INFO     | __main__:798 - Pass 4: writing (shadow mode)...
19:23:05 | SUCCESS  | __main__:697 - ✓ market_regime updated | computed_regime=RECOVERING | score=29.0
20:32:19 | INFO     | config:187 - TradeOS v6 config loaded | Capital=₹200,000 | DRY_RUN=False | Phase=2
20:32:19 | INFO     | __main__:133 - FII/DII Ingestion starting
20:32:21 | SUCCESS  | __main__:153 - FII/DII saved: net=+672Cr, flag=CAUTION
20:35:55 | INFO     | config:187 - TradeOS v6 config loaded | Capital=₹200,000 | DRY_RUN=False | Phase=2
20:35:55 | INFO     | __main__:735 - =================================================================
20:35:55 | INFO     | __main__:736 - STEP: Compute Regime v1.0 | 2026-04-12 | mode=SHADOW
20:35:55 | INFO     | __main__:738 - =================================================================
20:35:55 | INFO     | __main__:741 - Pass 1: loading data...
20:35:55 | INFO     | __main__:111 -   Using last populated trading day: 2026-04-10 (today's row missing or not yet populated by ingest_sheets)
20:35:56 | INFO     | __main__:155 -   Loaded: regime_history=10 days | VIX=18.85 (market_regime(sheet)) | FII flag=CAUTION | today_row=exists
20:35:56 | INFO     | __main__:751 -   2026-04-12 is a holiday/weekend — effective date is 2026-04-10. Skipping write to avoid phantom row.
20:35:56 | INFO     | __main__:761 - Pass 2: scoring pillars...
20:35:56 | INFO     | __main__:782 -   Pillar scores:
20:35:56 | INFO     | __main__:783 -     Price structure:   1.0/25
20:35:56 | INFO     | __main__:784 -     Breadth:          14.0/25
20:35:56 | INFO     | __main__:785 -     Momentum:          8.0/20
20:35:56 | INFO     | __main__:786 -     Volatility/VIX:    6.0/15  (VIX=18.85)
20:35:56 | INFO     | __main__:787 -     FII flows:         0.0/15
20:35:56 | INFO     | __main__:788 -     ─────────────────────────────────
20:35:56 | INFO     | __main__:789 -     TOTAL:            29.0/100
20:35:56 | INFO     | __main__:794 -   RECOVERING conditions met — breadth improving, VIX declining, Nifty bouncing
20:35:56 | INFO     | __main__:797 - Pass 3: applying hysteresis...
20:35:56 | INFO     | __main__:599 -   Regime UPGRADE: RISK OFF → RECOVERING (score=29.0)
20:35:56 | INFO     | __main__:804 -   Computed regime: RECOVERING | Score: 29.0/100 | ⚠ DIVERGE (Sheet=RISK OFF)
20:35:56 | WARNING  | __main__:807 -   Regime divergence: Sheet says 'RISK OFF', compute_regime says 'RECOVERING'. SHADOW MODE: Sheet regime still active.
20:35:56 | INFO     | __main__:820 - Pass 4: writing (shadow mode)...
20:35:56 | SUCCESS  | __main__:708 - ✓ market_regime updated | computed_regime=RECOVERING | score=29.0
20:43:02 | INFO     | config:187 - TradeOS v6 config loaded | Capital=₹200,000 | DRY_RUN=False | Phase=2
20:43:02 | INFO     | __main__:736 - =================================================================
20:43:02 | INFO     | __main__:737 - STEP: Compute Regime v1.0 | 2026-04-12 | mode=SHADOW
20:43:02 | INFO     | __main__:739 - =================================================================
20:43:02 | INFO     | __main__:742 - Pass 1: loading data...
20:43:02 | INFO     | __main__:111 -   Using last populated trading day: 2026-04-10 (today's row missing or not yet populated by ingest_sheets)
20:43:03 | INFO     | __main__:156 -   Loaded: regime_history=10 days | VIX=18.85 (market_regime(sheet)) | FII flag=CAUTION | today_row=exists
20:43:03 | INFO     | __main__:752 -   2026-04-12 is a holiday/weekend — effective date is 2026-04-10. Skipping write to avoid phantom row.
20:43:03 | INFO     | __main__:762 - Pass 2: scoring pillars...
20:43:03 | INFO     | __main__:783 -   Pillar scores:
20:43:03 | INFO     | __main__:784 -     Price structure:   1.0/25
20:43:03 | INFO     | __main__:785 -     Breadth:          14.0/25
20:43:03 | INFO     | __main__:786 -     Momentum:          8.0/20
20:43:03 | INFO     | __main__:787 -     Volatility/VIX:    6.0/15  (VIX=18.85)
20:43:03 | INFO     | __main__:788 -     FII flows:         0.0/15
20:43:03 | INFO     | __main__:789 -     ─────────────────────────────────
20:43:03 | INFO     | __main__:790 -     TOTAL:            29.0/100
20:43:03 | INFO     | __main__:795 -   RECOVERING conditions met — breadth improving, VIX declining, Nifty bouncing
20:43:03 | INFO     | __main__:798 - Pass 3: applying hysteresis...
20:43:03 | INFO     | __main__:805 -   Computed regime: RECOVERING | Score: 29.0/100 | ⚠ DIVERGE (Sheet=RISK OFF)
20:43:03 | WARNING  | __main__:808 -   Regime divergence: Sheet says 'RISK OFF', compute_regime says 'RECOVERING'. SHADOW MODE: Sheet regime still active.
20:43:03 | INFO     | __main__:821 - Pass 4: writing (shadow mode)...
20:43:03 | SUCCESS  | __main__:709 - ✓ market_regime updated | computed_regime=RECOVERING | score=29.0
20:47:21 | INFO     | config:187 - TradeOS v6 config loaded | Capital=₹200,000 | DRY_RUN=False | Phase=2
20:47:21 | INFO     | __main__:736 - =================================================================
20:47:21 | INFO     | __main__:737 - STEP: Compute Regime v1.0 | 2026-04-12 | mode=SHADOW
20:47:21 | INFO     | __main__:739 - =================================================================
20:47:21 | INFO     | __main__:742 - Pass 1: loading data...
20:47:21 | INFO     | __main__:111 -   Using last populated trading day: 2026-04-10 (today's row missing or not yet populated by ingest_sheets)
20:47:21 | INFO     | __main__:156 -   Loaded: regime_history=10 days | VIX=18.85 (market_regime(sheet)) | FII flag=CAUTION | today_row=exists
20:47:21 | INFO     | __main__:752 -   2026-04-12 is a holiday/weekend — effective date is 2026-04-10. Skipping write to avoid phantom row.
20:47:21 | INFO     | __main__:762 - Pass 2: scoring pillars...
20:47:21 | INFO     | __main__:783 -   Pillar scores:
20:47:21 | INFO     | __main__:784 -     Price structure:   1.0/25
20:47:21 | INFO     | __main__:785 -     Breadth:          14.0/25
20:47:21 | INFO     | __main__:786 -     Momentum:          8.0/20
20:47:21 | INFO     | __main__:787 -     Volatility/VIX:    6.0/15  (VIX=18.85)
20:47:21 | INFO     | __main__:788 -     FII flows:         0.0/15
20:47:21 | INFO     | __main__:789 -     ─────────────────────────────────
20:47:21 | INFO     | __main__:790 -     TOTAL:            29.0/100
20:47:21 | INFO     | __main__:795 -   RECOVERING conditions met — breadth improving, VIX declining, Nifty bouncing
20:47:21 | INFO     | __main__:798 - Pass 3: applying hysteresis...
20:47:21 | INFO     | __main__:805 -   Computed regime: RECOVERING | Score: 29.0/100 | ⚠ DIVERGE (Sheet=RISK OFF)
20:47:21 | WARNING  | __main__:808 -   Regime divergence: Sheet says 'RISK OFF', compute_regime says 'RECOVERING'. SHADOW MODE: Sheet regime still active.
20:47:21 | INFO     | __main__:821 - Pass 4: writing (shadow mode)...
20:47:22 | SUCCESS  | __main__:709 - ✓ market_regime updated | computed_regime=RECOVERING | score=29.0
22:22:43 | INFO     | config:187 - TradeOS v6 config loaded | Capital=₹200,000 | DRY_RUN=False | Phase=2
22:22:43 | INFO     | __main__:1979 - =================================================================
22:22:43 | INFO     | __main__:1980 - STEP: Compute MSL v2.0 | 2026-04-12 | mode=SHADOW
22:22:43 | INFO     | __main__:1982 - =================================================================
22:22:43 | INFO     | __main__:1984 - Pass 1: loading data...
22:22:43 | INFO     | __main__:120 -   Source table: msl_computed (67 symbols)
22:22:43 | INFO     | __main__:137 -   Symbol source: master_shortlist only (67 symbols) — shadow mode or screener not yet run
22:22:44 | WARNING  | __main__:151 - stock_data_daily: falling back to 2026-04-10
22:22:44 | INFO     | __main__:181 -   Loaded: 67 symbols | 67 stock_data | 441 history | 23 sectors | regime=None | 0 open positions
22:22:44 | INFO     | __main__:1990 - Pass 2: computing all fields...
22:22:44 | INFO     | __main__:1752 -   Regime context: None | RSI extended @72 | regime_boost=+0 | VIX=0.0 | breadth=50%
22:22:44 | INFO     | __main__:1912 -   Computed: 67 | skipped: 0
22:22:44 | INFO     | __main__:2000 -   Results: 67 symbols
22:22:44 | INFO     | __main__:2001 -   Avg final_score:         57.1
22:22:44 | INFO     | __main__:2002 -   Avg momentum_score:      64.2
22:22:44 | INFO     | __main__:2003 -   Avg institutional_score: 30.2
22:22:44 | INFO     | __main__:2004 -   Avg breakout_readiness:  20.6
22:22:44 | INFO     | __main__:2005 -   Avg risk_score:          16.7
22:22:44 | INFO     | __main__:2006 -   Avg holding_score:       64.5
22:22:44 | INFO     | __main__:2007 -   Avg ma_alignment:        4.1/6
22:22:44 | INFO     | __main__:2009 -   Momentum state:    {'HOT': 26, 'BUILDING': 30, 'STABLE': 3, 'WEAK': 8}
22:22:44 | INFO     | __main__:2010 -   Momentum phase:    {'EXPANSION': 27, 'EXTENDED': 6, 'EARLY': 4, 'FLAT': 30}
22:22:44 | INFO     | __main__:2011 -   Lifecycle:         {'ADD': 9, 'HOLD': 50, 'EXIT': 8}
22:22:44 | INFO     | __main__:2012 -   Weekly structure:  {'STRONG': 56, 'CONSOLIDATING': 5, 'CAUTION': 3, 'WEAK': 3}
22:22:44 | INFO     | __main__:2013 -   BB context:        {'RIDING_UPPER': 48, 'UPPER_HALF': 10, 'MIDDLE': 4, 'NEAR_LOWER': 1, 'LOWER_HALF': 3, 'SQUEEZE_BULLISH': 1}
22:22:44 | INFO     | __main__:2014 -   VWAP alignment:    {'ABOVE_ALL': 28, 'ABOVE_ALL_EXTENDED': 13, 'MIXED': 13, 'ABOVE_TODAY_ONLY': 1, 'BELOW_ALL': 1, 'ABOVE_20D': 11}
22:22:44 | INFO     | __main__:2015 -   Volume trend:      {'EXPANDING': 17, 'CONTRACTING': 11, 'STABLE': 33, 'DECLINING': 6}
22:22:44 | INFO     | __main__:2016 -   Fund quality:      {'STABLE': 65, 'LOSS_MAKING': 2}
22:22:44 | INFO     | __main__:2020 -   Top 5 by final_score:
22:22:44 | INFO     | __main__:2023 -      GPIL         final= 71.6  hold= 55.3  mom=HOT      phase=EXPANSION  MA=6/6  BB=RIDING_UPPER         risk=21.0
22:22:44 | INFO     | __main__:2023 -      CUMMINSIND   final= 71.3  hold= 87.0  mom=HOT      phase=FLAT       MA=6/6  BB=RIDING_UPPER         risk=22.0
22:22:44 | INFO     | __main__:2023 -      ABB          final= 70.6  hold= 87.0  mom=HOT      phase=EXTENDED   MA=6/6  BB=RIDING_UPPER         risk=22.0
22:22:44 | INFO     | __main__:2023 -      GVT&D        final= 70.2  hold= 55.7  mom=HOT      phase=EXPANSION  MA=5/6  BB=RIDING_UPPER         risk=19.0
22:22:44 | INFO     | __main__:2023 -      POWERINDIA   final= 69.8  hold= 85.2  mom=HOT      phase=EXTENDED   MA=6/6  BB=RIDING_UPPER         risk=32.0
22:22:44 | WARNING  | __main__:2043 -   Sheet comparison: falling back to 2026-04-10
22:22:44 | INFO     | __main__:2080 -   Sheet vs computed divergences (8 symbols), top 40 by rank:
22:22:44 | INFO     | __main__:2082 -     #1 NATIONALUM: mom HOT→HOT  score 103→67.9
22:22:44 | INFO     | __main__:2082 -     #4 BHARATFORG: mom WEAK→BUILDING  score 62→51.9
22:22:44 | INFO     | __main__:2082 -     #7 ADANIPOWER: mom HOT→BUILDING  score 54→50.4
22:22:44 | INFO     | __main__:2082 -     #8 GPIL: mom STABLE→HOT  score 50→71.6
22:22:44 | INFO     | __main__:2082 -     #9 TATASTEEL: mom HOT→BUILDING  score 50→63.3
22:22:44 | INFO     | __main__:2082 -     #10 ABB: mom BUILDING→HOT  score 49→70.6
22:22:44 | INFO     | __main__:2082 -     #12 NMDC: mom BUILDING→HOT  score 42→62.7
22:22:44 | INFO     | __main__:2082 -     #13 NTPC: mom STABLE→STABLE  score 36→60.4
22:22:44 | INFO     | __main__:2093 - Pass 3: writing results...
22:22:45 | SUCCESS  | __main__:1940 - ✓ shadow: 67 → msl_computed
22:22:45 | INFO     | __main__:2103 -   ★ HOT + in zone (new opportunities): ['GPIL', 'GVT&D', 'APARINDS', 'TVSMOTOR', 'AXISBANK', 'FEDERALBNK', 'CARBORUNIV', 'BAJAJ-AUTO', 'NATCOPHARM', 'GALLANTT', 'MOTHERSON']
22:59:09 | INFO     | config:187 - TradeOS v6 config loaded | Capital=₹200,000 | DRY_RUN=False | Phase=2
22:59:09 | INFO     | __main__:736 - =================================================================
22:59:09 | INFO     | __main__:737 - STEP: Compute Regime v1.0 | 2026-04-12 | mode=SHADOW
22:59:09 | INFO     | __main__:739 - =================================================================
22:59:09 | INFO     | __main__:742 - Pass 1: loading data...
22:59:09 | INFO     | __main__:111 -   Using last populated trading day: 2026-04-10 (today's row missing or not yet populated by ingest_sheets)
22:59:09 | INFO     | __main__:156 -   Loaded: regime_history=10 days | VIX=18.85 (market_regime(sheet)) | FII flag=CAUTION | today_row=exists
22:59:09 | INFO     | __main__:752 -   2026-04-12 is a holiday/weekend — effective date is 2026-04-10. Skipping write to avoid phantom row.
22:59:09 | INFO     | __main__:762 - Pass 2: scoring pillars...
22:59:09 | INFO     | __main__:783 -   Pillar scores:
22:59:09 | INFO     | __main__:784 -     Price structure:   1.0/25
22:59:09 | INFO     | __main__:785 -     Breadth:          14.0/25
22:59:09 | INFO     | __main__:786 -     Momentum:          8.0/20
22:59:09 | INFO     | __main__:787 -     Volatility/VIX:    6.0/15  (VIX=18.85)
22:59:09 | INFO     | __main__:788 -     FII flows:         0.0/15
22:59:09 | INFO     | __main__:789 -     ─────────────────────────────────
22:59:09 | INFO     | __main__:790 -     TOTAL:            29.0/100
22:59:09 | INFO     | __main__:795 -   RECOVERING conditions met — breadth improving, VIX declining, Nifty bouncing
22:59:09 | INFO     | __main__:798 - Pass 3: applying hysteresis...
22:59:09 | INFO     | __main__:805 -   Computed regime: RECOVERING | Score: 29.0/100 | ⚠ DIVERGE (Sheet=RISK OFF)
22:59:09 | WARNING  | __main__:808 -   Regime divergence: Sheet says 'RISK OFF', compute_regime says 'RECOVERING'. SHADOW MODE: Sheet regime still active.
22:59:09 | INFO     | __main__:821 - Pass 4: writing (shadow mode)...
22:59:09 | SUCCESS  | __main__:709 - ✓ market_regime updated | computed_regime=RECOVERING | score=29.0
