12:51:48 | INFO     | config:187 - TradeOS v6 config loaded | Capital=₹200,000 | DRY_RUN=False | Phase=2
12:51:51 | INFO     | __main__:1094 - =================================================================
12:51:51 | INFO     | __main__:1095 - STEP: Compute Regime v2.0 | 2026-04-19 | mode=SHADOW
12:51:51 | INFO     | __main__:1097 - =================================================================
12:51:51 | INFO     | __main__:120 -   2026-04-19 is non-trading — effective date is 2026-04-10
12:51:51 | INFO     | __main__:1105 -   Non-trading day — will compute for 2026-04-10 but not create new row
12:51:51 | INFO     | __main__:1108 - Pass 1: loading data...
12:51:52 | INFO     | __main__:246 -   BankNifty: price=56565.69921875 | weekly_rsi=43.22 | Nifty weekly_rsi=39.14
12:51:52 | INFO     | __main__:362 -   GIFT Nifty=24050.6 | prev_close=23775.1 | premium=1.16%
12:51:53 | INFO     | __main__:403 -   DB fallback from: 2026-04-10
12:51:53 | INFO     | __main__:437 -   Loaded: regime_history=10 days | VIX=17.205 (macro_indicators) | FII flag=NEUTRAL | Nifty=24353.55078125 | above200dma=35.87%
12:51:53 | INFO     | __main__:1121 - Pass 2: scoring pillars...
12:51:53 | INFO     | __main__:1144 -   Pillar scores:
12:51:53 | INFO     | __main__:1145 -     Price structure:    1.0/25
12:51:53 | INFO     | __main__:1146 -     Breadth:           14.0/25
12:51:53 | INFO     | __main__:1147 -     Momentum:           8.0/20
12:51:53 | INFO     | __main__:1148 -     Volatility/VIX:     8.0/15  (VIX=17.205)
12:51:53 | INFO     | __main__:1150 -     FII flows:          3.0/15
12:51:53 | INFO     | __main__:1151 -     Global modifier:   +3.0/±5  (S&P500 5d=+4.5%)
12:51:53 | INFO     | __main__:1153 -     ─────────────────────────────────────
12:51:53 | INFO     | __main__:1154 -     TOTAL:             37.0/100
12:51:53 | INFO     | __main__:1159 -   RECOVERING conditions met — breadth improving, VIX declining, Nifty bouncing
12:51:53 | INFO     | __main__:1161 - Pass 3: applying hysteresis...
12:51:53 | INFO     | __main__:1008 -   UPGRADE: RISK OFF → RECOVERING (score=37.0)
12:51:53 | INFO     | __main__:1169 -   Computed: RECOVERING | Score: 37.0/100 | ⚠ DIVERGE (Sheet=RISK OFF)
12:51:53 | WARNING  | __main__:1172 -   Regime divergence: Sheet='RISK OFF', compute='RECOVERING'. SHADOW: Sheet still active.
12:51:53 | INFO     | __main__:1183 - Pass 4: writing (shadow mode)...
12:51:53 | INFO     | __main__:1189 -   Non-trading day — updating 2026-04-10 row (not creating 2026-04-19)
12:51:53 | SUCCESS  | __main__:1074 - ✓ market_regime | computed_regime=RECOVERING | score=37.0 | date=2026-04-10
13:01:41 | INFO     | config:187 - TradeOS v6 config loaded | Capital=₹200,000 | DRY_RUN=True | Phase=2
13:01:41 | INFO     | __main__:1220 - ============================================================
13:01:41 | INFO     | __main__:1221 - STEP 1: Google Sheets Ingestion
13:01:41 | INFO     | __main__:1222 - ============================================================
13:01:41 | INFO     | __main__:1157 - Ingesting strategy configs...
13:01:44 | INFO     | __main__:1209 - ✓ STRATEGY_CONFIG: 4 strategies loaded
13:01:44 | INFO     | __main__:163 - Ingesting STOCK_DATA...
13:01:45 | INFO     | __main__:258 - [DRY RUN] Would upsert 499 stock_data rows
13:01:45 | INFO     | __main__:270 - Ingesting MASTER_SHORTLIST...
13:01:46 | INFO     | __main__:346 - [DRY RUN] Would upsert 23 MSL rows
13:01:46 | INFO     | __main__:373 - Ingesting OPEN_POSITIONS...
13:01:46 | INFO     | __main__:424 - [DRY RUN] Would sync 0 open positions
13:01:46 | INFO     | __main__:507 - Ingesting CLOSED_POSITIONS...
13:01:51 | INFO     | __main__:547 - [DRY RUN] Would upsert 69 closed positions
13:01:51 | INFO     | __main__:559 - Ingesting SECTOR_STRENGTH...
13:01:52 | INFO     | __main__:586 - [DRY RUN] Would upsert 23 sector rows
13:01:52 | INFO     | __main__:594 - Ingesting INDUSTRY_STRENGTH...
13:01:52 | INFO     | __main__:622 - [DRY RUN] Would upsert 22 industry rows
13:01:52 | INFO     | __main__:678 - Ingesting MARKET_REGIME...
13:01:53 | INFO     | __main__:855 - [DRY RUN] Would upsert regime: RISK OFF | score=0.65 | A/D=None | above200=None% | Nifty 1d=1.2596 5d=6.0314 20d=4.0359
13:01:53 | INFO     | __main__:884 - Ingesting EVENT_CALENDAR...
13:01:53 | INFO     | __main__:914 - [DRY RUN] Would upsert 53 events
13:01:53 | INFO     | __main__:923 - Ingesting LESSONS_LEARNED...
13:01:54 | INFO     | __main__:957 - [DRY RUN] Would upsert 12 lessons
13:01:54 | INFO     | __main__:971 - Ingesting MASTER_SHORTLIST_HISTORY (708 rows)...
13:01:54 | INFO     | __main__:1007 - [DRY RUN] Would upsert 993 MSL history rows
13:01:54 | INFO     | __main__:1029 - Ingesting NSE_HOLIDAYS...
13:01:55 | INFO     | __main__:1044 - ✓ NSE_HOLIDAYS: 25 holidays
13:01:55 | INFO     | __main__:1049 - Ingesting Nifty Upcoming Events...
13:01:55 | INFO     | __main__:1077 - ✓ NIFTY UPCOMING EVENTS: 21 events
13:01:55 | INFO     | __main__:1082 - Ingesting Nifty Bhavcopy Delivery%...
13:01:57 | INFO     | __main__:1121 - ✓ BHAVCOPY: 2996 rows
13:01:57 | INFO     | __main__:1126 - Ingesting NIFTY_TOTAL_MARKET...
13:01:57 | INFO     | __main__:1151 - ✓ NIFTY_TOTAL_MARKET: 598 stocks
13:01:57 | INFO     | __main__:1254 - 
✓ Ingestion complete: 5339 total rows across 15 tables
13:14:54 | INFO     | config:187 - TradeOS v6 config loaded | Capital=₹200,000 | DRY_RUN=True | Phase=2
13:14:55 | INFO     | __main__:1113 - =================================================================
13:14:55 | INFO     | __main__:1114 - STEP: Compute Regime v2.0 | 2026-04-19 | mode=SHADOW [DRY RUN]
13:14:55 | INFO     | __main__:1116 - =================================================================
13:14:55 | INFO     | __main__:120 -   2026-04-19 is non-trading — effective date is 2026-04-10
13:14:55 | INFO     | __main__:1124 -   Non-trading day — will compute for 2026-04-10 but not create new row
13:14:55 | INFO     | __main__:1127 - Pass 1: loading data...
13:14:56 | INFO     | __main__:251 -   BankNifty: price=56565.69921875 | weekly_rsi=43.22 | Nifty weekly_rsi=39.14
13:14:56 | INFO     | __main__:367 -   GIFT Nifty=24050.6 | prev_close=23775.1 | premium=1.16%
13:14:56 | INFO     | __main__:408 -   DB fallback from: 2026-04-10
13:14:57 | INFO     | __main__:442 -   Loaded: regime_history=10 days | VIX=17.205 (macro_indicators) | FII flag=NEUTRAL | Nifty=24353.55078125 | above200dma=35.87%
13:14:57 | INFO     | __main__:1140 - Pass 2: scoring pillars...
13:14:57 | INFO     | __main__:1163 -   Pillar scores:
13:14:57 | INFO     | __main__:1164 -     Price structure:    1.0/25
13:14:57 | INFO     | __main__:1165 -     Breadth:           14.0/25
13:14:57 | INFO     | __main__:1166 -     Momentum:           8.0/20
13:14:57 | INFO     | __main__:1167 -     Volatility/VIX:     8.0/15  (VIX=17.205)
13:14:57 | INFO     | __main__:1169 -     FII flows:          3.0/15
13:14:57 | INFO     | __main__:1170 -     Global modifier:   +3.0/±5  (S&P500 5d=+4.5%)
13:14:57 | INFO     | __main__:1172 -     ─────────────────────────────────────
13:14:57 | INFO     | __main__:1173 -     TOTAL:             37.0/100
13:14:57 | INFO     | __main__:1178 -   RECOVERING conditions met — breadth improving, VIX declining, Nifty bouncing
13:14:57 | INFO     | __main__:1180 - Pass 3: applying hysteresis...
13:14:57 | INFO     | __main__:1013 -   UPGRADE: RISK OFF → RECOVERING (score=37.0)
13:14:57 | INFO     | __main__:1188 -   Computed: RECOVERING | Score: 37.0/100 | ⚠ DIVERGE (Sheet=RISK OFF)
13:14:57 | WARNING  | __main__:1191 -   Regime divergence: Sheet='RISK OFF', compute='RECOVERING'. SHADOW: Sheet still active.
13:14:57 | INFO     | __main__:1202 - Pass 4: writing (shadow mode)...
13:14:57 | INFO     | __main__:1208 -   Non-trading day — updating 2026-04-10 row (not creating 2026-04-19)
13:14:57 | INFO     | __main__:1076 - [DRY RUN] regime=RECOVERING score=37.0 mode=shadow
13:14:57 | INFO     | __main__:1077 -   Would write: nifty=24353.55078125 vix=17.205 above200=35.87
13:52:05 | INFO     | config:187 - TradeOS v6 config loaded | Capital=₹200,000 | DRY_RUN=True | Phase=2
13:52:06 | INFO     | __main__:1151 - =================================================================
13:52:06 | INFO     | __main__:1152 - STEP: Compute Regime v2.0 | 2026-04-19 | mode=SHADOW [DRY RUN]
13:52:06 | INFO     | __main__:1154 - =================================================================
13:52:06 | INFO     | __main__:120 -   2026-04-19 is non-trading — effective date is 2026-04-10
13:52:06 | INFO     | __main__:1162 -   Non-trading day — will compute for 2026-04-10 but not create new row
13:52:06 | INFO     | __main__:1165 - Pass 1: loading data...
13:52:07 | INFO     | __main__:251 -   BankNifty: price=56565.69921875 | weekly_rsi=43.22 | Nifty weekly_rsi=39.14
13:52:07 | INFO     | __main__:338 -   VIX: current=17.205 | rows_fetched=4 | vix_5d_delta=None | ⚠ need 5 rows for delta
13:52:07 | INFO     | __main__:373 -   GIFT Nifty=24050.6 | prev_close=23775.1 | premium=1.16%
13:52:08 | INFO     | __main__:426 -   DB fallback from: 2026-04-10
13:52:08 | INFO     | __main__:460 -   Loaded: regime_history=10 days | VIX=17.205 (macro_indicators) | FII flag=NEUTRAL | Nifty=24353.55078125 | above200dma=35.87%
13:52:08 | INFO     | __main__:1178 - Pass 2: scoring pillars...
13:52:08 | INFO     | __main__:1203 -   Pillar scores:
13:52:08 | INFO     | __main__:1204 -     Price structure:    1.0/25
13:52:08 | INFO     | __main__:1205 -     Breadth:           14.0/25
13:52:08 | INFO     | __main__:1206 -     Momentum:           9.0/20
13:52:08 | INFO     | __main__:1207 -     Volatility/VIX:     8.0/15  (VIX=17.205)
13:52:08 | INFO     | __main__:1209 -     FII flows:          3.0/15
13:52:08 | INFO     | __main__:1210 -     Global modifier:   +3.0/±5  (S&P500 5d=+4.5%)
13:52:08 | INFO     | __main__:1212 -     ─────────────────────────────────────
13:52:08 | INFO     | __main__:1213 -     TOTAL:             38.0/100
13:52:08 | INFO     | __main__:1218 -   RECOVERING conditions met — breadth improving, VIX declining, Nifty bouncing
13:52:08 | INFO     | __main__:1220 - Pass 3: applying hysteresis...
13:52:08 | INFO     | __main__:1045 -   UPGRADE: RISK OFF → RECOVERING (score=38.0)
13:52:08 | INFO     | __main__:1228 -   Computed: RECOVERING | Score: 38.0/100 | ⚠ DIVERGE (Sheet=RISK OFF)
13:52:08 | WARNING  | __main__:1231 -   Regime divergence: Sheet='RISK OFF', compute='RECOVERING'. SHADOW: Sheet still active.
13:52:08 | INFO     | __main__:1242 - Pass 4: writing (shadow mode)...
13:52:08 | INFO     | __main__:1114 - [DRY RUN] regime=RECOVERING score=38.0 mode=shadow
13:52:08 | INFO     | __main__:1115 -   Would write: nifty=24353.55078125 vix=17.205 above200=35.87
13:59:52 | INFO     | config:187 - TradeOS v6 config loaded | Capital=₹200,000 | DRY_RUN=True | Phase=2
13:59:53 | INFO     | __main__:1180 - =================================================================
13:59:53 | INFO     | __main__:1181 - STEP: Compute Regime v2.0 | 2026-04-19 | mode=SHADOW [DRY RUN]
13:59:53 | INFO     | __main__:1183 - =================================================================
13:59:54 | INFO     | __main__:113 -   yfinance last trading date: 2026-04-17
13:59:54 | INFO     | __main__:133 -   2026-04-19 is non-trading — effective date is 2026-04-17
13:59:54 | INFO     | __main__:143 -   No row found for 2026-04-17 — creating placeholder
13:59:54 | INFO     | __main__:149 -   ✓ Placeholder row created for 2026-04-17
13:59:54 | INFO     | __main__:1191 -   Non-trading day — will compute for 2026-04-17 but not create new row
13:59:54 | INFO     | __main__:1194 - Pass 1: loading data...
13:59:54 | INFO     | __main__:283 -   BankNifty: price=56565.69921875 | weekly_rsi=43.22 | Nifty weekly_rsi=39.14
13:59:55 | INFO     | __main__:370 -   VIX: current=17.205 | rows_fetched=4 | vix_5d_delta=None | ⚠ need 5 rows for delta
13:59:55 | INFO     | __main__:405 -   GIFT Nifty=24353.55 | prev_close=24050.6 | premium=1.26%
13:59:55 | INFO     | __main__:458 -   DB fallback from: 2026-04-10
13:59:56 | INFO     | __main__:492 -   Loaded: regime_history=10 days | VIX=17.205 (macro_indicators) | FII flag=NEUTRAL | Nifty=24353.55078125 | above200dma=43.09%
13:59:56 | INFO     | __main__:1207 - Pass 2: scoring pillars...
13:59:56 | INFO     | __main__:1232 -   Pillar scores:
13:59:56 | INFO     | __main__:1233 -     Price structure:    1.0/25
13:59:56 | INFO     | __main__:1234 -     Breadth:           16.0/25
13:59:56 | INFO     | __main__:1235 -     Momentum:           9.0/20
13:59:56 | INFO     | __main__:1236 -     Volatility/VIX:     8.0/15  (VIX=17.205)
13:59:56 | INFO     | __main__:1238 -     FII flows:          3.0/15
13:59:56 | INFO     | __main__:1239 -     Global modifier:   +3.0/±5  (S&P500 5d=+4.5%)
13:59:56 | INFO     | __main__:1241 -     ─────────────────────────────────────
13:59:56 | INFO     | __main__:1242 -     TOTAL:             40.0/100
13:59:56 | INFO     | __main__:1249 - Pass 3: applying hysteresis...
13:59:56 | INFO     | __main__:1257 -   Computed: RECOVERING | Score: 40.0/100 | ⚠ DIVERGE (Sheet=RISK OFF)
13:59:56 | WARNING  | __main__:1260 -   Regime divergence: Sheet='RISK OFF', compute='RECOVERING'. SHADOW: Sheet still active.
13:59:56 | INFO     | __main__:1271 - Pass 4: writing (shadow mode)...
13:59:56 | INFO     | __main__:1146 - [DRY RUN] regime=RECOVERING score=40.0 mode=shadow
13:59:56 | INFO     | __main__:1147 -   Would write: nifty=24353.55078125 vix=17.205 above200=43.09
14:05:09 | INFO     | config:187 - TradeOS v6 config loaded | Capital=₹200,000 | DRY_RUN=True | Phase=2
14:05:09 | INFO     | __main__:1183 - =================================================================
14:05:09 | INFO     | __main__:1184 - STEP: Compute Regime v2.0 | 2026-04-19 | mode=SHADOW [DRY RUN]
14:05:09 | INFO     | __main__:1186 - =================================================================
14:05:11 | INFO     | __main__:113 -   yfinance last trading date: 2026-04-17
14:05:11 | INFO     | __main__:133 -   2026-04-19 is non-trading — effective date is 2026-04-17
14:05:11 | INFO     | __main__:1194 -   Non-trading day — computing for last trading date: 2026-04-17
14:05:11 | INFO     | __main__:1197 - Pass 1: loading data...
14:05:11 | INFO     | __main__:283 -   BankNifty: price=56565.69921875 | weekly_rsi=43.22 | Nifty weekly_rsi=39.14
14:05:11 | INFO     | __main__:370 -   VIX: current=17.205 | rows_fetched=4 | vix_5d_delta=None | ⚠ need 5 rows for delta
14:05:11 | INFO     | __main__:405 -   GIFT Nifty=24353.55 | prev_close=24050.6 | premium=1.26%
14:05:12 | INFO     | __main__:458 -   DB fallback from: 2026-04-10
14:05:12 | INFO     | __main__:492 -   Loaded: regime_history=10 days | VIX=17.205 (macro_indicators) | FII flag=NEUTRAL | Nifty=24353.55078125 | above200dma=43.09%
14:05:12 | INFO     | __main__:1210 - Pass 2: scoring pillars...
14:05:12 | INFO     | __main__:1233 -   Pillar scores:
14:05:12 | INFO     | __main__:1234 -     Price structure:    1.0/25
14:05:12 | INFO     | __main__:1235 -     Breadth:           16.0/25
14:05:12 | INFO     | __main__:1236 -     Momentum:           9.0/20
14:05:12 | INFO     | __main__:1237 -     Volatility/VIX:     8.0/15  (VIX=17.205)
14:05:12 | INFO     | __main__:1239 -     FII flows:          3.0/15
14:05:12 | INFO     | __main__:1240 -     Global modifier:   +3.0/±5  (S&P500 5d=+4.5%)
14:05:12 | INFO     | __main__:1242 -     ─────────────────────────────────────
14:05:12 | INFO     | __main__:1243 -     TOTAL:             40.0/100
14:05:12 | INFO     | __main__:1250 - Pass 3: applying hysteresis...
14:05:12 | INFO     | __main__:1258 -   Computed: RECOVERING | Score: 40.0/100 | ⚠ DIVERGE (Sheet=RISK OFF)
14:05:12 | WARNING  | __main__:1261 -   Regime divergence: Sheet='RISK OFF', compute='RECOVERING'. SHADOW: Sheet still active.
14:05:12 | INFO     | __main__:1272 - Pass 4: writing (shadow mode)...
14:05:12 | INFO     | __main__:1146 - [DRY RUN] regime=RECOVERING score=40.0 mode=shadow
14:05:12 | INFO     | __main__:1147 -   Would write: nifty=24353.55078125 vix=17.205 above200=43.09
14:06:38 | INFO     | config:187 - TradeOS v6 config loaded | Capital=₹200,000 | DRY_RUN=False | Phase=2
14:06:38 | INFO     | __main__:1183 - =================================================================
14:06:38 | INFO     | __main__:1184 - STEP: Compute Regime v2.0 | 2026-04-19 | mode=FULL
14:06:38 | INFO     | __main__:1186 - =================================================================
14:06:39 | INFO     | __main__:113 -   yfinance last trading date: 2026-04-17
14:06:39 | INFO     | __main__:133 -   2026-04-19 is non-trading — effective date is 2026-04-17
14:06:39 | INFO     | __main__:1194 -   Non-trading day — computing for last trading date: 2026-04-17
14:06:39 | INFO     | __main__:1197 - Pass 1: loading data...
14:06:39 | INFO     | __main__:283 -   BankNifty: price=56565.69921875 | weekly_rsi=43.22 | Nifty weekly_rsi=39.14
14:06:40 | INFO     | __main__:370 -   VIX: current=17.205 | rows_fetched=4 | vix_5d_delta=None | ⚠ need 5 rows for delta
14:06:40 | INFO     | __main__:405 -   GIFT Nifty=24353.55 | prev_close=24050.6 | premium=1.26%
14:06:40 | INFO     | __main__:458 -   DB fallback from: 2026-04-10
14:06:40 | INFO     | __main__:492 -   Loaded: regime_history=10 days | VIX=17.205 (macro_indicators) | FII flag=NEUTRAL | Nifty=24353.55078125 | above200dma=43.09%
14:06:40 | INFO     | __main__:1210 - Pass 2: scoring pillars...
14:06:40 | INFO     | __main__:1233 -   Pillar scores:
14:06:40 | INFO     | __main__:1234 -     Price structure:    1.0/25
14:06:40 | INFO     | __main__:1235 -     Breadth:           16.0/25
14:06:40 | INFO     | __main__:1236 -     Momentum:           9.0/20
14:06:40 | INFO     | __main__:1237 -     Volatility/VIX:     8.0/15  (VIX=17.205)
14:06:40 | INFO     | __main__:1239 -     FII flows:          3.0/15
14:06:40 | INFO     | __main__:1240 -     Global modifier:   +3.0/±5  (S&P500 5d=+4.5%)
14:06:40 | INFO     | __main__:1242 -     ─────────────────────────────────────
14:06:40 | INFO     | __main__:1243 -     TOTAL:             40.0/100
14:06:40 | INFO     | __main__:1250 - Pass 3: applying hysteresis...
14:06:40 | INFO     | __main__:1258 -   Computed: RECOVERING | Score: 40.0/100 | ⚠ DIVERGE (Sheet=RISK OFF)
14:06:40 | WARNING  | __main__:1261 -   Regime divergence: Sheet='RISK OFF', compute='RECOVERING'. FULL MODE: compute wins.
14:06:40 | INFO     | __main__:1272 - Pass 4: writing (full mode)...
14:06:40 | SUCCESS  | __main__:1162 - ✓ market_regime UPDATE | computed_regime=RECOVERING | score=40.0 | date=2026-04-17
14:06:40 | INFO     | __main__:1165 -   FULL MODE: regime field updated → Sheet decommissioned
14:25:53 | INFO     | config:187 - TradeOS v6 config loaded | Capital=₹200,000 | DRY_RUN=False | Phase=2
14:25:53 | INFO     | __main__:323 - Macro Indicators Ingestion starting 
14:25:53 | INFO     | __main__:331 -   RBI DBIE: 5 indicators
14:25:59 | INFO     | __main__:339 -   MOSPI: 2 indicators
14:25:59 | INFO     | __main__:349 -   Yahoo US_10YR_YIELD: 4.246
14:25:59 | INFO     | __main__:349 -   Yahoo SILVER_PRICE: 81.842
14:25:59 | INFO     | __main__:357 -   India VIX: 17.205
14:26:00 | INFO     | __main__:366 -   Nifty PCR: 0.0
14:26:02 | INFO     | __main__:376 -   ET RSS CPI/WPI: 2 indicators
14:26:02 | SUCCESS  | __main__:382 - Macro Indicators done: 13 fetched → 13 written
14:28:33 | INFO     | config:187 - TradeOS v6 config loaded | Capital=₹200,000 | DRY_RUN=False | Phase=2
14:28:33 | INFO     | __main__:356 - Macro Indicators Ingestion starting 
14:28:33 | INFO     | __main__:364 -   RBI DBIE: 5 indicators
14:28:39 | INFO     | __main__:372 -   MOSPI: 2 indicators
14:28:40 | INFO     | __main__:382 -   Yahoo US_10YR_YIELD: 4.246
14:28:40 | INFO     | __main__:382 -   Yahoo SILVER_PRICE: 81.842
14:28:40 | INFO     | __main__:390 -   India VIX: 17.205
14:28:41 | INFO     | __main__:219 -   Nifty PCR: zero OI detected (market closed) — using last stored value
14:28:41 | WARNING  | __main__:401 -   Nifty PCR: no data and no cached value available
14:28:43 | INFO     | __main__:409 -   ET RSS CPI/WPI: 2 indicators
14:28:44 | SUCCESS  | __main__:415 - Macro Indicators done: 12 fetched → 12 written
14:29:58 | INFO     | config:187 - TradeOS v6 config loaded | Capital=₹200,000 | DRY_RUN=False | Phase=2
14:29:58 | INFO     | __main__:356 - Macro Indicators Ingestion starting 
14:29:59 | INFO     | __main__:364 -   RBI DBIE: 5 indicators
14:30:04 | INFO     | __main__:372 -   MOSPI: 2 indicators
14:30:04 | INFO     | __main__:382 -   Yahoo US_10YR_YIELD: 4.246
14:30:05 | INFO     | __main__:382 -   Yahoo SILVER_PRICE: 81.842
14:30:05 | INFO     | __main__:390 -   India VIX: 17.205
14:30:06 | INFO     | __main__:219 -   Nifty PCR: zero OI detected (market closed) — using last stored value
14:30:06 | WARNING  | __main__:401 -   Nifty PCR: no data and no cached value available
14:30:08 | INFO     | __main__:409 -   ET RSS CPI/WPI: 2 indicators
14:30:09 | SUCCESS  | __main__:415 - Macro Indicators done: 12 fetched → 12 written
15:51:08 | INFO     | config:187 - TradeOS v6 config loaded | Capital=₹200,000 | DRY_RUN=False | Phase=2
15:51:08 | INFO     | __main__:357 - Macro Indicators Ingestion starting 
15:51:09 | INFO     | __main__:365 -   RBI DBIE: 5 indicators
15:51:15 | INFO     | __main__:373 -   MOSPI: 2 indicators
15:51:15 | INFO     | __main__:383 -   Yahoo US_10YR_YIELD: 4.246
15:51:15 | INFO     | __main__:383 -   Yahoo SILVER_PRICE: 81.842
15:51:15 | INFO     | __main__:391 -   India VIX: 17.205
15:51:16 | INFO     | __main__:220 -   Nifty PCR: zero OI detected (market closed) — using last stored value
15:51:17 | WARNING  | __main__:402 -   Nifty PCR: no data and no cached value available
15:51:19 | INFO     | __main__:410 -   ET RSS CPI/WPI: 2 indicators
15:51:19 | SUCCESS  | __main__:416 - Macro Indicators done: 12 fetched → 12 written
16:02:15 | INFO     | config:187 - TradeOS v6 config loaded | Capital=₹200,000 | DRY_RUN=False | Phase=2
16:02:18 | INFO     | __main__:1243 - =================================================================
16:02:18 | INFO     | __main__:1244 - STEP: Compute Regime v2.0 | 2026-04-19 | mode=FULL
16:02:18 | INFO     | __main__:1246 - =================================================================
16:02:18 | INFO     | __main__:113 -   yfinance last trading date: 2026-04-17
16:02:18 | INFO     | __main__:133 -   2026-04-19 is non-trading — effective date is 2026-04-17
16:02:18 | INFO     | __main__:1254 -   Non-trading day — computing for last trading date: 2026-04-17
16:02:18 | INFO     | __main__:1257 - Pass 1: loading data...
16:02:19 | INFO     | __main__:283 -   BankNifty: price=56565.69921875 | weekly_rsi=43.22 | Nifty weekly_rsi=39.14
16:02:19 | INFO     | __main__:370 -   VIX: current=17.205 | rows_fetched=4 | vix_5d_delta=None | ⚠ need 5 rows for delta
16:02:19 | INFO     | __main__:405 -   GIFT Nifty=24353.55 | prev_close=24050.6 | premium=1.26%
16:02:19 | INFO     | __main__:458 -   DB fallback from: 2026-04-17
16:02:20 | INFO     | __main__:492 -   Loaded: regime_history=10 days | VIX=17.205 (macro_indicators) | FII flag=NEUTRAL | Nifty=24353.55078125 | above200dma=43.09%
16:02:20 | INFO     | __main__:1270 - Pass 2: scoring pillars...
16:02:20 | INFO     | __main__:1293 -   Pillar scores:
16:02:20 | INFO     | __main__:1294 -     Price structure:    1.0/25
16:02:20 | INFO     | __main__:1295 -     Breadth:           17.0/25
16:02:20 | INFO     | __main__:1296 -     Momentum:           9.0/20
16:02:20 | INFO     | __main__:1297 -     Volatility/VIX:     8.0/15  (VIX=17.205)
16:02:20 | INFO     | __main__:1299 -     FII flows:          3.0/15
16:02:20 | INFO     | __main__:1300 -     Global modifier:   +3.0/±5  (S&P500 5d=+4.5%)
16:02:20 | INFO     | __main__:1302 -     ─────────────────────────────────────
16:02:20 | INFO     | __main__:1303 -     TOTAL:             41.0/100
16:02:20 | INFO     | __main__:1313 - Pass 3: applying hysteresis...
16:02:20 | INFO     | __main__:1321 -   Computed: RECOVERING | Score: 41.0/100 | ✅ AGREE
16:02:20 | INFO     | __main__:1335 - Pass 4: writing (full mode)...
16:02:20 | SUCCESS  | __main__:1157 - ✓ market_regime UPSERT | computed_regime=RECOVERING | score=41.0 | date=2026-04-17
16:02:20 | INFO     | __main__:1160 -   FULL MODE: regime field updated → Sheet decommissioned
16:19:56 | INFO     | config:187 - TradeOS v6 config loaded | Capital=₹200,000 | DRY_RUN=True | Phase=2
16:19:56 | INFO     | __main__:67 - ════════════════════════════════════════════════════════════
16:19:56 | INFO     | __main__:68 -   TradeOS v6 Pipeline | Phase 2
16:19:56 | INFO     | __main__:69 - ════════════════════════════════════════════════════════════
16:19:56 | INFO     | __main__:22 - 
────────────────────────────────────────────────────────────
16:19:56 | INFO     | __main__:23 -   01_market_news
16:19:56 | INFO     | __main__:24 - ────────────────────────────────────────────────────────────
16:19:56 | INFO     | ingestion.ingest_market_news:618 - Market News Ingestion starting [DRY RUN]
16:19:59 | INFO     | ingestion.ingest_market_news:641 -   NSE_CIRCULAR: 7 items
16:19:59 | INFO     | ingestion.ingest_market_news:641 -   RBI: 8 items
16:20:03 | INFO     | ingestion.ingest_market_news:641 -   NSE_BULK_DEAL: 17 items
16:20:03 | INFO     | ingestion.ingest_market_news:641 -   ET_MARKETS: 12 items
16:20:10 | INFO     | ingestion.ingest_market_news:641 -   GOOGLE_NEWS: 18 items
16:29:57 | INFO     | config:187 - TradeOS v6 config loaded | Capital=₹200,000 | DRY_RUN=True | Phase=2
16:29:57 | INFO     | __main__:1014 - ============================================================
16:29:57 | INFO     | __main__:1015 - STEP 1: Google Sheets Ingestion
16:29:57 | INFO     | __main__:1016 - ============================================================
16:30:22 | INFO     | config:187 - TradeOS v6 config loaded | Capital=₹200,000 | DRY_RUN=True | Phase=2
16:30:22 | INFO     | __main__:1014 - ============================================================
16:30:22 | INFO     | __main__:1015 - STEP 1: Google Sheets Ingestion
16:30:22 | INFO     | __main__:1016 - ============================================================
16:30:22 | INFO     | __main__:951 - Ingesting strategy configs...
16:30:25 | INFO     | __main__:1003 - ✓ STRATEGY_CONFIG: 4 strategies loaded
16:30:25 | INFO     | __main__:163 - Ingesting STOCK_DATA...
16:30:26 | INFO     | __main__:258 - [DRY RUN] Would upsert 499 stock_data rows
16:30:26 | INFO     | __main__:270 - Ingesting MASTER_SHORTLIST...
16:30:27 | INFO     | __main__:346 - [DRY RUN] Would upsert 23 MSL rows
16:30:27 | INFO     | __main__:373 - Ingesting OPEN_POSITIONS...
16:30:28 | INFO     | __main__:424 - [DRY RUN] Would sync 0 open positions
16:30:28 | INFO     | __main__:507 - Ingesting CLOSED_POSITIONS...
16:30:34 | INFO     | __main__:547 - [DRY RUN] Would upsert 69 closed positions
16:30:34 | INFO     | __main__:559 - Ingesting SECTOR_STRENGTH...
16:30:35 | INFO     | __main__:586 - [DRY RUN] Would upsert 23 sector rows
16:30:35 | INFO     | __main__:594 - Ingesting INDUSTRY_STRENGTH...
16:30:35 | INFO     | __main__:622 - [DRY RUN] Would upsert 22 industry rows
16:30:35 | INFO     | __main__:678 - Ingesting EVENT_CALENDAR...
16:30:36 | INFO     | __main__:708 - [DRY RUN] Would upsert 53 events
16:30:36 | INFO     | __main__:717 - Ingesting LESSONS_LEARNED...
16:30:37 | INFO     | __main__:751 - [DRY RUN] Would upsert 12 lessons
16:30:37 | INFO     | __main__:765 - Ingesting MASTER_SHORTLIST_HISTORY (708 rows)...
16:30:37 | INFO     | __main__:801 - [DRY RUN] Would upsert 993 MSL history rows
16:30:37 | INFO     | __main__:823 - Ingesting NSE_HOLIDAYS...
16:30:38 | INFO     | __main__:838 - ✓ NSE_HOLIDAYS: 25 holidays
16:30:38 | INFO     | __main__:843 - Ingesting Nifty Upcoming Events...
16:30:39 | INFO     | __main__:871 - ✓ NIFTY UPCOMING EVENTS: 21 events
16:30:39 | INFO     | __main__:876 - Ingesting Nifty Bhavcopy Delivery%...
16:30:40 | INFO     | __main__:915 - ✓ BHAVCOPY: 2996 rows
16:30:40 | INFO     | __main__:920 - Ingesting NIFTY_TOTAL_MARKET...
16:30:41 | INFO     | __main__:945 - ✓ NIFTY_TOTAL_MARKET: 598 stocks
16:30:41 | INFO     | __main__:1047 - 
✓ Ingestion complete: 5338 total rows across 14 tables
17:16:29 | INFO     | config:187 - TradeOS v6 config loaded | Capital=₹200,000 | DRY_RUN=True | Phase=2
17:16:29 | INFO     | __main__:969 - ============================================================
17:16:29 | INFO     | __main__:970 - STEP 1: Google Sheets Ingestion
17:16:29 | INFO     | __main__:971 - ============================================================
17:17:00 | INFO     | config:187 - TradeOS v6 config loaded | Capital=₹200,000 | DRY_RUN=True | Phase=2
17:17:00 | INFO     | __main__:969 - ============================================================
17:17:00 | INFO     | __main__:970 - STEP 1: Google Sheets Ingestion
17:17:00 | INFO     | __main__:971 - ============================================================
17:17:00 | INFO     | __main__:906 - Ingesting strategy configs...
17:17:03 | INFO     | __main__:958 - ✓ STRATEGY_CONFIG: 4 strategies loaded
17:17:03 | INFO     | __main__:162 - Ingesting STOCK_DATA...
17:17:04 | INFO     | __main__:257 - [DRY RUN] Would upsert 499 stock_data rows
17:17:04 | INFO     | __main__:269 - Ingesting MASTER_SHORTLIST...
17:17:05 | INFO     | __main__:345 - [DRY RUN] Would upsert 23 MSL rows
17:17:05 | INFO     | __main__:372 - Ingesting OPEN_POSITIONS...
17:17:05 | INFO     | __main__:423 - [DRY RUN] Would sync 0 open positions
17:17:05 | INFO     | __main__:506 - Ingesting CLOSED_POSITIONS...
17:17:09 | INFO     | __main__:546 - [DRY RUN] Would upsert 69 closed positions
17:17:09 | INFO     | __main__:558 - Ingesting SECTOR_STRENGTH...
17:17:10 | INFO     | __main__:585 - [DRY RUN] Would upsert 23 sector rows
17:17:10 | INFO     | __main__:593 - Ingesting INDUSTRY_STRENGTH...
17:17:10 | INFO     | __main__:621 - [DRY RUN] Would upsert 22 industry rows
17:17:10 | INFO     | __main__:677 - Ingesting EVENT_CALENDAR...
17:17:11 | INFO     | __main__:707 - [DRY RUN] Would upsert 53 events
17:17:11 | INFO     | __main__:716 - Ingesting LESSONS_LEARNED...
17:17:11 | INFO     | __main__:750 - [DRY RUN] Would upsert 12 lessons
17:17:11 | INFO     | __main__:764 - Ingesting MASTER_SHORTLIST_HISTORY (708 rows)...
17:17:12 | INFO     | __main__:800 - [DRY RUN] Would upsert 993 MSL history rows
17:17:12 | INFO     | __main__:822 - Ingesting NSE_HOLIDAYS...
17:17:12 | INFO     | __main__:837 - ✓ NSE_HOLIDAYS: 25 holidays
17:17:12 | INFO     | __main__:842 - Ingesting Nifty Upcoming Events...
17:17:13 | INFO     | __main__:870 - ✓ NIFTY UPCOMING EVENTS: 21 events
17:17:13 | INFO     | __main__:875 - Ingesting NIFTY_TOTAL_MARKET...
17:17:13 | INFO     | __main__:900 - ✓ NIFTY_TOTAL_MARKET: 598 stocks
17:17:13 | INFO     | __main__:1001 - 
✓ Ingestion complete: 2342 total rows across 13 tables
17:59:46 | INFO     | config:187 - TradeOS v6 config loaded | Capital=₹200,000 | DRY_RUN=True | Phase=2
17:59:46 | INFO     | __main__:617 - compute_indicators v2.1 — 2026-04-19 — HYBRID [DRY RUN]
17:59:46 | INFO     | __main__:596 -   Resolved trading date: 2026-04-19 → 2026-04-17
17:59:46 | INFO     | __main__:630 - Pass 1: bulk data fetch...
17:59:47 | INFO     | __main__:144 -   chartink_raw_data: 500 rows
17:59:48 | INFO     | __main__:151 -   stock_data_daily (sheet baseline): 500 rows
17:59:48 | INFO     | __main__:184 -   Bulk history: 1000 rows across 500 symbols
17:59:48 | INFO     | __main__:212 -   Upcoming events: 161 symbols with events in next 14d
17:59:48 | INFO     | __main__:238 -   MSL symbols: 23 in shortlist
17:59:48 | INFO     | __main__:261 -   Index membership: 598 symbols mapped
17:59:48 | INFO     | __main__:644 -   Nifty 1M return: 4.0359%
17:59:48 | INFO     | __main__:648 -   Field trust overrides: {'pct_change': 'COMPUTE_ALWAYS'}
17:59:48 | INFO     | __main__:651 - Pass 2: computing and reconciling...
17:59:48 | INFO     | __main__:699 - =================================================================
17:59:48 | INFO     | __main__:700 - COMPUTE INDICATORS SUMMARY — 2026-04-17 — HYBRID
17:59:48 | INFO     | __main__:701 -   Symbols: 500 processed | 0 skipped
17:59:48 | INFO     | __main__:703 -   COMPUTE_ALWAYS (verified fields):      500 decisions
17:59:48 | INFO     | __main__:704 -   COMPUTED_MATCH (within tolerance):   29305 decisions
17:59:48 | INFO     | __main__:705 -   COMPUTED_ONLY  (sheet was NULL):         4 decisions
17:59:48 | INFO     | __main__:706 -   SHEET_ALWAYS   (confirmed diff basis):    0 decisions
17:59:48 | INFO     | __main__:708 -   DIVERGED (using sheet, needs review): 14 field types
17:59:48 | INFO     | __main__:709 -   Field                           Avg delta   Symbols  Action
17:59:48 | INFO     | __main__:710 -   -----------------------------------------------------------------
17:59:48 | INFO     | __main__:714 -   bk_trigger                         100.0%       270  → set SHEET_ALWAYS
17:59:48 | INFO     | __main__:714 -   breakout_setup                     100.0%        41  → set SHEET_ALWAYS
17:59:48 | INFO     | __main__:714 -   sma50_gt_200                       100.0%         1  → set SHEET_ALWAYS
17:59:48 | INFO     | __main__:714 -   above_sma50                        100.0%         6  → set SHEET_ALWAYS
17:59:48 | INFO     | __main__:714 -   consol_range                        66.0%       488  → set SHEET_ALWAYS
17:59:48 | INFO     | __main__:714 -   dist_sma50                          52.0%       101  → set SHEET_ALWAYS
17:59:48 | INFO     | __main__:714 -   sma_50                              41.7%         2  → set SHEET_ALWAYS
17:59:48 | INFO     | __main__:714 -   sma_200                             39.8%         3  → set SHEET_ALWAYS
17:59:48 | INFO     | __main__:714 -   sma_20                              39.0%         1  → set SHEET_ALWAYS
17:59:48 | INFO     | __main__:714 -   low_52w                             26.2%       398  → set SHEET_ALWAYS
17:59:48 | INFO     | __main__:714 -   high_52w                            24.0%       460  → set SHEET_ALWAYS
17:59:48 | INFO     | __main__:714 -   low_30d                             20.2%       390  → set SHEET_ALWAYS
17:59:48 | INFO     | __main__:714 -   high_30d                            13.0%         9  → investigate formula
17:59:48 | INFO     | __main__:714 -   current_price                        2.1%         1  → investigate formula
17:59:48 | INFO     | __main__:718 - 
17:59:48 | INFO     | __main__:719 -   To graduate a verified field to COMPUTE_ALWAYS:
17:59:48 | INFO     | __main__:720 -   UPDATE system_config SET value='COMPUTE_ALWAYS'
17:59:48 | INFO     | __main__:721 -     WHERE key='compute_trust_<field_name>';
17:59:48 | INFO     | __main__:724 - =================================================================
17:59:48 | INFO     | __main__:730 - [DRY RUN] Sample ABB: always=1, match=57, only=0, diverged=6
18:16:44 | INFO     | config:187 - TradeOS v6 config loaded | Capital=₹200,000 | DRY_RUN=True | Phase=2
18:16:44 | INFO     | __main__:781 - data_quality_monitor v2: 17 checks | today=2026-04-19 | LTD=2026-04-17
18:16:45 | INFO     | __main__:815 -   🔴 C01_chartink_row_count: chartink_raw_data: 0 rows (expected 450–510)
18:16:45 | INFO     | __main__:815 -   ✅ C02_rsi_range: 0 stocks with RSI outside 0–100
18:16:45 | INFO     | __main__:815 -   ✅ C03_vol_ratio_cap: All vol_ratio values within cap
18:16:45 | INFO     | __main__:815 -   ✅ C04_delivery_pct_bounds: 0 stocks with delivery_pct outside 0–100
18:16:45 | INFO     | __main__:815 -   ✅ C05_signal_score_range: 0 signals with score outside 0–120
18:16:45 | WARNING  | __main__:817 - C06 threw exception: {'code': '42703', 'details': None, 'hint': None, 'message': 'column master_shortlist.score does not exist'}
18:16:46 | INFO     | __main__:815 -   🔴 C07_pipeline_completeness: 14/17 steps missing data: ['01_market_news', '02_macro_indicators', '03_global_cues', '04_fetch_char
18:16:46 | WARNING  | __main__:817 - C08 threw exception: {'code': '42703', 'details': None, 'hint': None, 'message': 'column ai_context.context_json does not exist'}
18:16:46 | INFO     | __main__:815 -   ✅ C09_regime_ml_vs_manual: No market_regime row today — ingest_sheets may not have run
18:16:46 | INFO     | __main__:815 -   ✅ C10_positions_vs_regime_cap: Open positions: 0/6 for RECOVERING regime
18:16:47 | INFO     | __main__:815 -   ✅ C11_shortlist_validity: __SHORTLIST__ valid: 12 candidates, symbols=['SAIL', 'TATASTEEL', 'POWERGRID', 'NATIONALUM', 'POWERI
18:16:47 | INFO     | __main__:815 -   🔴 C12_market_intel_validity: No __MARKET_INTEL__ in ai_context for 2026-04-17 — market_intel engine failed or wrong date
18:16:47 | WARNING  | __main__:817 - C13 threw exception: {'code': '42703', 'details': None, 'hint': None, 'message': 'column ai_context.id does not exist'}
18:16:47 | WARNING  | __main__:817 - C14 threw exception: {'code': '42703', 'details': None, 'hint': None, 'message': 'column ai_context.context_json does not exist'}
18:16:47 | INFO     | __main__:815 -   ✅ C15_fii_regime_consistency: FII/regime/sizing consistent: regime=RECOVERING, sizing=, fii=NEUTRAL
18:16:47 | INFO     | __main__:815 -   ⚠️ C16_lesson_quality: No AI:market_intel lessons for 2026-04-17 — market_intel engine wrote 0 lessons
18:16:47 | INFO     | __main__:815 -   ⚠️ C17_signal_enrich_coverage: ai_enrich coverage: 5/12 signals enriched (42%) — below 50% threshold
18:16:47 | WARNING  | __main__:767 - Quality Telegram alert failed: cannot import name 'send_telegram_message' from 'alerts.send_alerts' (C:\Users\vkshu\CRITICAL\Equity Indian Market Framework\tradeos-v6-complete\tradeos-v6\backend\alerts\send_alerts.py)
18:16:47 | SUCCESS  | __main__:845 - Quality v2: ✅8 OK | ⚠️6 WARN | 🔴3 ERROR | 17 checks | LTD=2026-04-17
18:17:32 | INFO     | config:187 - TradeOS v6 config loaded | Capital=₹200,000 | DRY_RUN=True | Phase=2
18:17:32 | ERROR    | __main__:44 - Could not import from ingest_sheets: No module named 'ingest_sheets'
18:17:32 | ERROR    | __main__:45 - Ensure ingest_sheets.py is in backend/signals/ or same directory.
18:18:21 | INFO     | config:187 - TradeOS v6 config loaded | Capital=₹200,000 | DRY_RUN=True | Phase=2
18:18:23 | ERROR    | __main__:44 - Could not import from ingest_sheets: cannot import name 'SHEET_ID' from 'ingest_sheets' (C:\Users\vkshu\CRITICAL\Equity Indian Market Framework\tradeos-v6-complete\tradeos-v6\backend\compute\ingest_sheets.py)
18:18:23 | ERROR    | __main__:45 - Ensure ingest_sheets.py is in backend/signals/ or same directory.
18:21:26 | INFO     | config:187 - TradeOS v6 config loaded | Capital=₹200,000 | DRY_RUN=True | Phase=2
18:21:28 | ERROR    | __main__:44 - Could not import from ingest_sheets: cannot import name 'SHEET_ID' from 'ingest_sheets' (C:\Users\vkshu\CRITICAL\Equity Indian Market Framework\tradeos-v6-complete\tradeos-v6\backend\ingestion\ingest_sheets.py)
18:21:28 | ERROR    | __main__:45 - Ensure ingest_sheets.py is in backend/ingestion/ or same directory.
18:21:51 | INFO     | config:187 - TradeOS v6 config loaded | Capital=₹200,000 | DRY_RUN=False | Phase=2
18:21:52 | ERROR    | __main__:44 - Could not import from ingest_sheets: cannot import name 'SHEET_ID' from 'ingest_sheets' (C:\Users\vkshu\CRITICAL\Equity Indian Market Framework\tradeos-v6-complete\tradeos-v6\backend\ingestion\ingest_sheets.py)
18:21:52 | ERROR    | __main__:45 - Ensure ingest_sheets.py is in backend/ingestion/ or same directory.
18:22:45 | INFO     | config:187 - TradeOS v6 config loaded | Capital=₹200,000 | DRY_RUN=True | Phase=2
18:24:43 | INFO     | config:187 - TradeOS v6 config loaded | Capital=₹200,000 | DRY_RUN=True | Phase=2
18:24:44 | INFO     | compute_indicators:596 -   Resolved trading date: 2026-04-19 → 2026-04-17
18:24:44 | INFO     | __main__:161 - Connecting to Google Sheets...
18:24:44 | INFO     | __main__:164 - Reading STOCK_DATA tab (up to 600 rows)...
18:24:55 | INFO     | __main__:172 -   500 rows read from sheet
18:24:55 | INFO     | __main__:199 -   499 symbols parsed from sheet
18:24:55 | INFO     | __main__:250 - Fetching chartink_raw_data for 2026-04-17...
18:24:56 | INFO     | __main__:263 -   500 symbols in chartink_raw_data
18:24:56 | INFO     | __main__:265 - Fetching bulk history and lookup tables...
18:24:56 | INFO     | compute_indicators:184 -   Bulk history: 1000 rows across 500 symbols
18:24:56 | INFO     | compute_indicators:212 -   Upcoming events: 161 symbols with events in next 14d
18:24:56 | INFO     | compute_indicators:238 -   MSL symbols: 23 in shortlist
18:24:56 | INFO     | compute_indicators:261 -   Index membership: 598 symbols mapped
18:24:56 | INFO     | __main__:273 - Running compute_from_raw and comparing against sheet...
18:24:56 | INFO     | __main__:362 - ============================================================
18:24:56 | INFO     | __main__:363 - DIAGNOSIS — 2026-04-17
18:24:56 | INFO     | __main__:364 -   Symbols   : 499 compared | 1 skipped (not in sheet)
18:24:56 | INFO     | __main__:365 -   Decisions : 37898
18:24:56 | INFO     | __main__:370 -   MATCH           :  26634 (70.3%)
18:24:56 | INFO     | __main__:370 -   DIVERGED        :   3544 (9.4%)
18:24:56 | INFO     | __main__:370 -   COMPUTED_ONLY   :    635 (1.7%)
18:24:56 | INFO     | __main__:370 -   SHEET_ONLY      :   5657 (14.9%)
18:24:56 | INFO     | __main__:370 -   BOTH_NULL       :   1428 (3.8%)
18:24:56 | INFO     | __main__:373 - 
  Top diverged fields (by avg delta):
18:24:56 | INFO     | __main__:374 -   Field                            Avg Δ%  # stocks  Action
18:24:56 | INFO     | __main__:375 -   --------------------------------------------------------------
18:24:56 | INFO     | __main__:384 -   pct_change                      7618.4%       476  → set SHEET_ALWAYS
18:24:56 | INFO     | __main__:384 -   bk_trigger                       100.0%       269  → set SHEET_ALWAYS
18:24:56 | INFO     | __main__:384 -   breakout_setup                   100.0%        41  → set SHEET_ALWAYS
18:24:56 | INFO     | __main__:384 -   sma50_gt_200                     100.0%         1  → set SHEET_ALWAYS
18:24:56 | INFO     | __main__:384 -   above_sma50                      100.0%         6  → set SHEET_ALWAYS
18:24:56 | INFO     | __main__:384 -   consol_range                      66.7%       488  → set SHEET_ALWAYS
18:24:56 | INFO     | __main__:384 -   dist_sma50                        46.7%       107  → set SHEET_ALWAYS
18:24:56 | INFO     | __main__:384 -   sma_50                            41.8%         2  → set SHEET_ALWAYS
18:24:56 | INFO     | __main__:384 -   sma_200                           39.8%         3  → set SHEET_ALWAYS
18:24:56 | INFO     | __main__:384 -   sma_20                            39.5%         1  → set SHEET_ALWAYS
18:24:56 | INFO     | __main__:384 -   low_52w                           26.2%       398  → set SHEET_ALWAYS
18:24:56 | INFO     | __main__:384 -   high_52w                          24.0%       460  → set SHEET_ALWAYS
18:24:56 | INFO     | __main__:384 -   low_30d                           22.4%       394  → set SHEET_ALWAYS
18:24:56 | INFO     | __main__:384 -   high_30d                           5.9%        39  → fix formula
18:24:56 | INFO     | __main__:384 -   sma_10                             2.6%         8  → within calibration
18:24:56 | INFO     | __main__:384 -   current_price                      2.1%         1  → within calibration
18:24:56 | INFO     | __main__:386 - 
  CSV: diagnose_indicators_2026-04-17.csv
18:24:56 | INFO     | __main__:387 - ============================================================
19:56:38 | INFO     | config:187 - TradeOS v6 config loaded | Capital=₹200,000 | DRY_RUN=True | Phase=2
19:57:27 | INFO     | config:187 - TradeOS v6 config loaded | Capital=₹200,000 | DRY_RUN=True | Phase=2
19:57:50 | INFO     | config:187 - TradeOS v6 config loaded | Capital=₹200,000 | DRY_RUN=True | Phase=2
19:58:14 | INFO     | config:187 - TradeOS v6 config loaded | Capital=₹200,000 | DRY_RUN=True | Phase=2
21:55:07 | INFO     | config:187 - TradeOS v6 config loaded | Capital=₹200,000 | DRY_RUN=True | Phase=2
22:12:00 | INFO     | config:187 - TradeOS v6 config loaded | Capital=₹200,000 | DRY_RUN=True | Phase=2
22:15:17 | INFO     | config:187 - TradeOS v6 config loaded | Capital=₹200,000 | DRY_RUN=True | Phase=2
22:19:30 | INFO     | config:187 - TradeOS v6 config loaded | Capital=₹200,000 | DRY_RUN=True | Phase=2
22:20:17 | INFO     | config:187 - TradeOS v6 config loaded | Capital=₹200,000 | DRY_RUN=True | Phase=2
22:22:24 | INFO     | config:187 - TradeOS v6 config loaded | Capital=₹200,000 | DRY_RUN=True | Phase=2
22:22:24 | INFO     | __main__:761 - compute_indicators v2.1 — 2026-04-19 — HYBRID [DRY RUN]
22:22:24 | INFO     | __main__:740 -   Resolved trading date: 2026-04-19 → 2026-04-17
22:22:24 | INFO     | __main__:774 - Pass 1: bulk data fetch...
22:22:24 | INFO     | __main__:146 -   chartink_raw_data: 500 rows
22:22:24 | INFO     | __main__:153 -   stock_data_daily (sheet baseline): 500 rows
22:22:24 | INFO     | fetch_bulk_history_yf:54 -   fetch_bulk_history: checking raw_prices cache (500 symbols)...
22:22:25 | INFO     | fetch_bulk_history_yf:85 -   raw_prices cache: 0 sufficient | 500 need yfinance
22:22:25 | INFO     | fetch_bulk_history_yf:89 -   Fetching 500 symbols from yfinance...
22:22:50 | INFO     | fetch_bulk_history_yf:162 -   Caching 121079 rows to raw_prices...
22:23:08 | INFO     | fetch_bulk_history_yf:168 -   Cached successfully
22:23:08 | INFO     | fetch_bulk_history_yf:188 -   fetch_bulk_history: 500 symbols | 121079 total sessions | 500 fetched from yfinance
22:23:08 | INFO     | __main__:214 -   Upcoming events: 196 symbols with events in next 30d
22:23:08 | INFO     | __main__:240 -   MSL symbols: 23 in shortlist
22:23:09 | INFO     | __main__:268 -   Index membership: 598 symbols mapped
22:23:09 | INFO     | __main__:307 -   raw_prices: 1000 symbols with delivery/value data
22:23:09 | INFO     | __main__:790 -   Nifty 1M return: 4.0359%
22:23:09 | INFO     | __main__:794 -   Field trust overrides: {'pct_change': 'COMPUTE_ALWAYS'}
22:23:09 | INFO     | __main__:797 - Pass 2: computing and reconciling...
22:23:09 | INFO     | __main__:847 - =================================================================
22:23:09 | INFO     | __main__:848 - COMPUTE INDICATORS SUMMARY — 2026-04-17 — HYBRID
22:23:09 | INFO     | __main__:849 -   Symbols: 500 processed | 0 skipped
22:23:09 | INFO     | __main__:851 -   COMPUTE_ALWAYS (verified fields):      500 decisions
22:23:09 | INFO     | __main__:852 -   COMPUTED_MATCH (within tolerance):   33233 decisions
22:23:09 | INFO     | __main__:853 -   COMPUTED_ONLY  (sheet was NULL):       561 decisions
22:23:09 | INFO     | __main__:854 -   SHEET_ALWAYS   (confirmed diff basis):    0 decisions
22:23:09 | INFO     | __main__:856 -   DIVERGED (using sheet, needs review): 22 field types
22:23:09 | INFO     | __main__:857 -   Field                           Avg delta   Symbols  Action
22:23:09 | INFO     | __main__:858 -   -----------------------------------------------------------------
22:23:09 | INFO     | __main__:862 -   ret_12m                            233.5%       308  → set SHEET_ALWAYS
22:23:09 | INFO     | __main__:862 -   ret_6m                             164.4%       280  → set SHEET_ALWAYS
22:23:09 | INFO     | __main__:862 -   ret_3m                             125.5%       229  → set SHEET_ALWAYS
22:23:09 | INFO     | __main__:862 -   wk_hi_high                         100.0%        29  → set SHEET_ALWAYS
22:23:09 | INFO     | __main__:862 -   low_30d                            100.0%         5  → set SHEET_ALWAYS
22:23:09 | INFO     | __main__:862 -   sma50_gt_200                       100.0%         1  → set SHEET_ALWAYS
22:23:09 | INFO     | __main__:862 -   above_sma50                        100.0%         6  → set SHEET_ALWAYS
22:23:09 | INFO     | __main__:862 -   wk_hi_low                          100.0%         4  → set SHEET_ALWAYS
22:23:09 | INFO     | __main__:862 -   ret_1m                              81.4%        44  → set SHEET_ALWAYS
22:23:09 | INFO     | __main__:862 -   dist_sma50                          52.0%       101  → set SHEET_ALWAYS
22:23:09 | INFO     | __main__:862 -   ret_1w                              48.9%        82  → set SHEET_ALWAYS
22:23:09 | INFO     | __main__:862 -   sma_50                              41.7%         2  → set SHEET_ALWAYS
22:23:09 | INFO     | __main__:862 -   sma_200                             39.8%         3  → set SHEET_ALWAYS
22:23:09 | INFO     | __main__:862 -   sma_20                              39.0%         1  → set SHEET_ALWAYS
22:23:09 | INFO     | __main__:862 -   low_52w                             26.2%       398  → set SHEET_ALWAYS
22:23:09 | INFO     | __main__:862 -   high_52w                            24.0%       460  → set SHEET_ALWAYS
22:23:09 | INFO     | __main__:862 -   consol_range                        22.5%       326  → set SHEET_ALWAYS
22:23:09 | INFO     | __main__:862 -   price_12m_ago                       18.3%        35  → set SHEET_ALWAYS
22:23:09 | INFO     | __main__:862 -   close_30d                           16.9%        88  → set SHEET_ALWAYS
22:23:09 | INFO     | __main__:862 -   price_6m_ago                        14.1%         4  → investigate formula
22:23:09 | INFO     | __main__:862 -   high_30d                             3.5%       154  → investigate formula
22:23:09 | INFO     | __main__:862 -   current_price                        2.1%         1  → investigate formula
22:23:09 | INFO     | __main__:866 - 
22:23:09 | INFO     | __main__:867 -   To graduate a verified field to COMPUTE_ALWAYS:
22:23:09 | INFO     | __main__:868 -   UPDATE system_config SET value='COMPUTE_ALWAYS'
22:23:09 | INFO     | __main__:869 -     WHERE key='compute_trust_<field_name>';
22:23:09 | INFO     | __main__:872 - =================================================================
22:23:09 | INFO     | __main__:878 - [DRY RUN] Sample ABB: always=1, match=68, only=3, diverged=4
22:30:44 | INFO     | config:187 - TradeOS v6 config loaded | Capital=₹200,000 | DRY_RUN=True | Phase=2
22:31:11 | INFO     | config:187 - TradeOS v6 config loaded | Capital=₹200,000 | DRY_RUN=True | Phase=2
22:31:11 | INFO     | __main__:761 - compute_indicators v2.1 — 2026-04-19 — HYBRID [DRY RUN]
22:31:11 | INFO     | __main__:740 -   Resolved trading date: 2026-04-19 → 2026-04-17
22:31:11 | INFO     | __main__:774 - Pass 1: bulk data fetch...
22:31:11 | INFO     | __main__:146 -   chartink_raw_data: 500 rows
22:31:12 | INFO     | __main__:153 -   stock_data_daily (sheet baseline): 500 rows
22:31:12 | INFO     | fetch_bulk_history_yf:54 -   fetch_bulk_history: checking raw_prices cache (500 symbols)...
22:31:12 | INFO     | fetch_bulk_history_yf:85 -   raw_prices cache: 0 sufficient | 500 need yfinance
22:31:12 | INFO     | fetch_bulk_history_yf:89 -   Fetching 500 symbols from yfinance...
22:31:30 | INFO     | fetch_bulk_history_yf:162 -   Caching 121079 rows to raw_prices...
22:31:52 | INFO     | fetch_bulk_history_yf:168 -   Cached successfully
22:31:52 | INFO     | fetch_bulk_history_yf:188 -   fetch_bulk_history: 500 symbols | 121079 total sessions | 500 fetched from yfinance
22:31:52 | INFO     | __main__:214 -   Upcoming events: 196 symbols with events in next 30d
22:31:52 | INFO     | __main__:240 -   MSL symbols: 23 in shortlist
22:31:52 | INFO     | __main__:268 -   Index membership: 598 symbols mapped
22:31:52 | INFO     | __main__:307 -   raw_prices: 1000 symbols with delivery/value data
22:31:52 | INFO     | __main__:790 -   Nifty 1M return: 4.0359%
22:31:52 | INFO     | __main__:794 -   Field trust overrides: {'pct_change': 'COMPUTE_ALWAYS'}
22:31:52 | INFO     | __main__:797 - Pass 2: computing and reconciling...
22:31:52 | INFO     | __main__:847 - =================================================================
22:31:52 | INFO     | __main__:848 - COMPUTE INDICATORS SUMMARY — 2026-04-17 — HYBRID
22:31:52 | INFO     | __main__:849 -   Symbols: 500 processed | 0 skipped
22:31:52 | INFO     | __main__:851 -   COMPUTE_ALWAYS (verified fields):      500 decisions
22:31:52 | INFO     | __main__:852 -   COMPUTED_MATCH (within tolerance):   33233 decisions
22:31:52 | INFO     | __main__:853 -   COMPUTED_ONLY  (sheet was NULL):       561 decisions
22:31:52 | INFO     | __main__:854 -   SHEET_ALWAYS   (confirmed diff basis):    0 decisions
22:31:52 | INFO     | __main__:856 -   DIVERGED (using sheet, needs review): 22 field types
22:31:52 | INFO     | __main__:857 -   Field                           Avg delta   Symbols  Action
22:31:52 | INFO     | __main__:858 -   -----------------------------------------------------------------
22:31:52 | INFO     | __main__:862 -   ret_12m                            233.5%       308  → set SHEET_ALWAYS
22:31:52 | INFO     | __main__:862 -   ret_6m                             164.4%       280  → set SHEET_ALWAYS
22:31:52 | INFO     | __main__:862 -   ret_3m                             125.5%       229  → set SHEET_ALWAYS
22:31:52 | INFO     | __main__:862 -   wk_hi_high                         100.0%        29  → set SHEET_ALWAYS
22:31:52 | INFO     | __main__:862 -   low_30d                            100.0%         5  → set SHEET_ALWAYS
22:31:52 | INFO     | __main__:862 -   sma50_gt_200                       100.0%         1  → set SHEET_ALWAYS
22:31:52 | INFO     | __main__:862 -   above_sma50                        100.0%         6  → set SHEET_ALWAYS
22:31:52 | INFO     | __main__:862 -   wk_hi_low                          100.0%         4  → set SHEET_ALWAYS
22:31:52 | INFO     | __main__:862 -   ret_1m                              81.4%        44  → set SHEET_ALWAYS
22:31:52 | INFO     | __main__:862 -   dist_sma50                          52.0%       101  → set SHEET_ALWAYS
22:31:52 | INFO     | __main__:862 -   ret_1w                              48.9%        82  → set SHEET_ALWAYS
22:31:52 | INFO     | __main__:862 -   sma_50                              41.7%         2  → set SHEET_ALWAYS
22:31:52 | INFO     | __main__:862 -   sma_200                             39.8%         3  → set SHEET_ALWAYS
22:31:52 | INFO     | __main__:862 -   sma_20                              39.0%         1  → set SHEET_ALWAYS
22:31:52 | INFO     | __main__:862 -   low_52w                             26.2%       398  → set SHEET_ALWAYS
22:31:52 | INFO     | __main__:862 -   high_52w                            24.0%       460  → set SHEET_ALWAYS
22:31:52 | INFO     | __main__:862 -   consol_range                        22.5%       326  → set SHEET_ALWAYS
22:31:52 | INFO     | __main__:862 -   price_12m_ago                       18.3%        35  → set SHEET_ALWAYS
22:31:52 | INFO     | __main__:862 -   close_30d                           16.9%        88  → set SHEET_ALWAYS
22:31:52 | INFO     | __main__:862 -   price_6m_ago                        14.1%         4  → investigate formula
22:31:52 | INFO     | __main__:862 -   high_30d                             3.5%       154  → investigate formula
22:31:52 | INFO     | __main__:862 -   current_price                        2.1%         1  → investigate formula
22:31:52 | INFO     | __main__:866 - 
22:31:52 | INFO     | __main__:867 -   To graduate a verified field to COMPUTE_ALWAYS:
22:31:52 | INFO     | __main__:868 -   UPDATE system_config SET value='COMPUTE_ALWAYS'
22:31:52 | INFO     | __main__:869 -     WHERE key='compute_trust_<field_name>';
22:31:52 | INFO     | __main__:872 - =================================================================
22:31:52 | INFO     | __main__:878 - [DRY RUN] Sample ABB: always=1, match=68, only=3, diverged=4
22:34:38 | INFO     | config:187 - TradeOS v6 config loaded | Capital=₹200,000 | DRY_RUN=True | Phase=2
22:34:38 | INFO     | __main__:761 - compute_indicators v2.1 — 2026-04-19 — HYBRID [DRY RUN]
22:34:38 | INFO     | __main__:740 -   Resolved trading date: 2026-04-19 → 2026-04-17
22:34:38 | INFO     | __main__:774 - Pass 1: bulk data fetch...
22:34:38 | INFO     | __main__:146 -   chartink_raw_data: 500 rows
22:34:39 | INFO     | __main__:153 -   stock_data_daily (sheet baseline): 500 rows
22:34:39 | INFO     | fetch_bulk_history_yf:54 -   fetch_bulk_history: checking raw_prices cache (500 symbols)...
22:34:39 | INFO     | fetch_bulk_history_yf:85 -   raw_prices cache: 0 sufficient | 500 need yfinance
22:34:39 | INFO     | fetch_bulk_history_yf:89 -   Fetching 500 symbols from yfinance...
22:34:58 | INFO     | fetch_bulk_history_yf:162 -   Caching 121079 rows to price_history_yf...
22:35:10 | INFO     | config:187 - TradeOS v6 config loaded | Capital=₹200,000 | DRY_RUN=True | Phase=2
22:35:10 | INFO     | __main__:761 - compute_indicators v2.1 — 2026-04-19 — HYBRID [DRY RUN]
22:35:10 | INFO     | __main__:740 -   Resolved trading date: 2026-04-19 → 2026-04-17
22:35:10 | INFO     | __main__:774 - Pass 1: bulk data fetch...
22:35:10 | INFO     | __main__:146 -   chartink_raw_data: 500 rows
22:35:11 | INFO     | __main__:153 -   stock_data_daily (sheet baseline): 500 rows
22:35:11 | INFO     | fetch_bulk_history_yf:54 -   fetch_bulk_history: checking raw_prices cache (500 symbols)...
22:35:11 | INFO     | fetch_bulk_history_yf:85 -   raw_prices cache: 0 sufficient | 500 need yfinance
22:35:11 | INFO     | fetch_bulk_history_yf:89 -   Fetching 500 symbols from yfinance...
22:35:30 | INFO     | fetch_bulk_history_yf:162 -   Caching 121079 rows to price_history_yf...
22:35:50 | INFO     | fetch_bulk_history_yf:168 -   Cached successfully
22:35:50 | INFO     | fetch_bulk_history_yf:188 -   fetch_bulk_history: 500 symbols | 121079 total sessions | 500 fetched from yfinance
22:35:50 | INFO     | __main__:214 -   Upcoming events: 196 symbols with events in next 30d
22:35:50 | INFO     | __main__:240 -   MSL symbols: 23 in shortlist
22:35:50 | INFO     | __main__:268 -   Index membership: 598 symbols mapped
22:35:50 | INFO     | __main__:307 -   raw_prices: 1000 symbols with delivery/value data
22:35:50 | INFO     | __main__:790 -   Nifty 1M return: 4.0359%
22:35:50 | INFO     | __main__:794 -   Field trust overrides: {'pct_change': 'COMPUTE_ALWAYS'}
22:35:50 | INFO     | __main__:797 - Pass 2: computing and reconciling...
22:35:50 | INFO     | __main__:847 - =================================================================
22:35:50 | INFO     | __main__:848 - COMPUTE INDICATORS SUMMARY — 2026-04-17 — HYBRID
22:35:50 | INFO     | __main__:849 -   Symbols: 500 processed | 0 skipped
22:35:50 | INFO     | __main__:851 -   COMPUTE_ALWAYS (verified fields):      500 decisions
22:35:50 | INFO     | __main__:852 -   COMPUTED_MATCH (within tolerance):   33233 decisions
22:35:50 | INFO     | __main__:853 -   COMPUTED_ONLY  (sheet was NULL):       561 decisions
22:35:50 | INFO     | __main__:854 -   SHEET_ALWAYS   (confirmed diff basis):    0 decisions
22:35:50 | INFO     | __main__:856 -   DIVERGED (using sheet, needs review): 22 field types
22:35:50 | INFO     | __main__:857 -   Field                           Avg delta   Symbols  Action
22:35:50 | INFO     | __main__:858 -   -----------------------------------------------------------------
22:35:50 | INFO     | __main__:862 -   ret_12m                            233.5%       308  → set SHEET_ALWAYS
22:35:50 | INFO     | __main__:862 -   ret_6m                             164.4%       280  → set SHEET_ALWAYS
22:35:50 | INFO     | __main__:862 -   ret_3m                             125.5%       229  → set SHEET_ALWAYS
22:35:50 | INFO     | __main__:862 -   wk_hi_high                         100.0%        29  → set SHEET_ALWAYS
22:35:50 | INFO     | __main__:862 -   low_30d                            100.0%         5  → set SHEET_ALWAYS
22:35:50 | INFO     | __main__:862 -   sma50_gt_200                       100.0%         1  → set SHEET_ALWAYS
22:35:50 | INFO     | __main__:862 -   above_sma50                        100.0%         6  → set SHEET_ALWAYS
22:35:50 | INFO     | __main__:862 -   wk_hi_low                          100.0%         4  → set SHEET_ALWAYS
22:35:50 | INFO     | __main__:862 -   ret_1m                              81.4%        44  → set SHEET_ALWAYS
22:35:50 | INFO     | __main__:862 -   dist_sma50                          52.0%       101  → set SHEET_ALWAYS
22:35:50 | INFO     | __main__:862 -   ret_1w                              48.9%        82  → set SHEET_ALWAYS
22:35:50 | INFO     | __main__:862 -   sma_50                              41.7%         2  → set SHEET_ALWAYS
22:35:50 | INFO     | __main__:862 -   sma_200                             39.8%         3  → set SHEET_ALWAYS
22:35:50 | INFO     | __main__:862 -   sma_20                              39.0%         1  → set SHEET_ALWAYS
22:35:50 | INFO     | __main__:862 -   low_52w                             26.2%       398  → set SHEET_ALWAYS
22:35:50 | INFO     | __main__:862 -   high_52w                            24.0%       460  → set SHEET_ALWAYS
22:35:50 | INFO     | __main__:862 -   consol_range                        22.5%       326  → set SHEET_ALWAYS
22:35:50 | INFO     | __main__:862 -   price_12m_ago                       18.3%        35  → set SHEET_ALWAYS
22:35:50 | INFO     | __main__:862 -   close_30d                           16.9%        88  → set SHEET_ALWAYS
22:35:50 | INFO     | __main__:862 -   price_6m_ago                        14.1%         4  → investigate formula
22:35:50 | INFO     | __main__:862 -   high_30d                             3.5%       154  → investigate formula
22:35:50 | INFO     | __main__:862 -   current_price                        2.1%         1  → investigate formula
22:35:50 | INFO     | __main__:866 - 
22:35:50 | INFO     | __main__:867 -   To graduate a verified field to COMPUTE_ALWAYS:
22:35:50 | INFO     | __main__:868 -   UPDATE system_config SET value='COMPUTE_ALWAYS'
22:35:50 | INFO     | __main__:869 -     WHERE key='compute_trust_<field_name>';
22:35:50 | INFO     | __main__:872 - =================================================================
22:35:50 | INFO     | __main__:878 - [DRY RUN] Sample ABB: always=1, match=68, only=3, diverged=4
23:05:22 | INFO     | config:187 - TradeOS v6 config loaded | Capital=₹200,000 | DRY_RUN=False | Phase=2
23:05:26 | INFO     | compute_indicators:740 -   Resolved trading date: 2026-04-19 → 2026-04-17
23:05:26 | INFO     | __main__:160 - Connecting to Google Sheets...
23:05:26 | INFO     | __main__:163 - Reading STOCK_DATA tab (up to 600 rows)...
23:05:34 | INFO     | __main__:171 -   500 rows read from sheet
23:05:34 | INFO     | __main__:198 -   499 symbols parsed from sheet
23:05:34 | INFO     | __main__:249 - Fetching chartink_raw_data for 2026-04-17...
23:05:35 | INFO     | __main__:262 -   500 symbols in chartink_raw_data
23:05:35 | INFO     | __main__:264 - Fetching bulk history and lookup tables...
23:05:35 | INFO     | fetch_bulk_history_yf:54 -   fetch_bulk_history: checking raw_prices cache (500 symbols)...
23:05:35 | INFO     | fetch_bulk_history_yf:85 -   raw_prices cache: 0 sufficient | 500 need yfinance
23:05:35 | INFO     | fetch_bulk_history_yf:89 -   Fetching 500 symbols from yfinance...
23:05:53 | INFO     | fetch_bulk_history_yf:162 -   Caching 121079 rows to price_history_yf...
23:06:16 | INFO     | fetch_bulk_history_yf:168 -   Cached successfully
23:06:16 | INFO     | fetch_bulk_history_yf:188 -   fetch_bulk_history: 500 symbols | 121079 total sessions | 500 fetched from yfinance
23:06:16 | INFO     | compute_indicators:214 -   Upcoming events: 196 symbols with events in next 30d
23:06:16 | INFO     | compute_indicators:240 -   MSL symbols: 23 in shortlist
23:06:16 | INFO     | compute_indicators:268 -   Index membership: 598 symbols mapped
23:06:16 | INFO     | compute_indicators:307 -   raw_prices: 1000 symbols with delivery/value data
23:06:16 | INFO     | __main__:274 - Running compute_from_raw and comparing against sheet...
23:06:17 | INFO     | __main__:365 - ============================================================
23:06:17 | INFO     | __main__:366 - DIAGNOSIS — 2026-04-17
23:06:17 | INFO     | __main__:367 -   Symbols   : 499 compared | 1 skipped (not in sheet)
23:06:17 | INFO     | __main__:368 -   Decisions : 38397
23:06:17 | INFO     | __main__:373 -   MATCH           :  29977 (78.1%)
23:06:17 | INFO     | __main__:373 -   DIVERGED        :   4518 (11.8%)
23:06:17 | INFO     | __main__:373 -   COMPUTED_ONLY   :   1187 (3.1%)
23:06:17 | INFO     | __main__:373 -   SHEET_ONLY      :   1338 (3.5%)
23:06:17 | INFO     | __main__:373 -   BOTH_NULL       :   1377 (3.6%)
23:06:17 | INFO     | __main__:376 - 
  Top diverged fields (by avg delta):
23:06:17 | INFO     | __main__:377 -   Field                            Avg Δ%  # stocks  Action
23:06:17 | INFO     | __main__:378 -   --------------------------------------------------------------
23:06:17 | INFO     | __main__:387 -   pct_change                      7618.4%       476  → set SHEET_ALWAYS
23:06:17 | INFO     | __main__:387 -   ret_1w                           642.6%       439  → set SHEET_ALWAYS
23:06:17 | INFO     | __main__:387 -   ret_12m                          233.4%       308  → set SHEET_ALWAYS
23:06:17 | INFO     | __main__:387 -   ret_6m                           110.3%       244  → set SHEET_ALWAYS
23:06:17 | INFO     | __main__:387 -   ret_3m                           107.0%       280  → set SHEET_ALWAYS
23:06:17 | INFO     | __main__:387 -   wk_hi_high                       100.0%        21  → set SHEET_ALWAYS
23:06:17 | INFO     | __main__:387 -   low_30d                          100.0%        16  → set SHEET_ALWAYS
23:06:17 | INFO     | __main__:387 -   wk_hi_low                        100.0%        12  → set SHEET_ALWAYS
23:06:17 | INFO     | __main__:387 -   sma50_gt_200                     100.0%         1  → set SHEET_ALWAYS
23:06:17 | INFO     | __main__:387 -   above_sma50                      100.0%         6  → set SHEET_ALWAYS
23:06:17 | INFO     | __main__:387 -   ret_1m                            84.1%       305  → set SHEET_ALWAYS
23:06:17 | INFO     | __main__:387 -   dist_sma50                        46.7%       107  → set SHEET_ALWAYS
23:06:17 | INFO     | __main__:387 -   sma_50                            41.8%         2  → set SHEET_ALWAYS
23:06:17 | INFO     | __main__:387 -   sma_200                           39.8%         3  → set SHEET_ALWAYS
23:06:17 | INFO     | __main__:387 -   sma_20                            39.5%         1  → set SHEET_ALWAYS
23:06:17 | INFO     | __main__:387 -   low_52w                           26.2%       398  → set SHEET_ALWAYS
23:06:17 | INFO     | __main__:387 -   high_52w                          24.0%       460  → set SHEET_ALWAYS
23:06:17 | INFO     | __main__:387 -   consol_range                      23.0%       335  → set SHEET_ALWAYS
23:06:17 | INFO     | __main__:387 -   price_12m_ago                     18.4%        34  → set SHEET_ALWAYS
23:06:17 | INFO     | __main__:387 -   price_6m_ago                      16.8%         2  → set SHEET_ALWAYS
23:06:17 | INFO     | __main__:389 - 
  CSV: diagnose_indicators_2026-04-17.csv
23:06:17 | INFO     | __main__:390 - ============================================================
23:06:43 | INFO     | config:187 - TradeOS v6 config loaded | Capital=₹200,000 | DRY_RUN=False | Phase=2
23:06:43 | INFO     | __main__:761 - compute_indicators v2.1 — 2026-04-19 — HYBRID
23:06:43 | INFO     | __main__:740 -   Resolved trading date: 2026-04-19 → 2026-04-17
23:06:43 | INFO     | __main__:774 - Pass 1: bulk data fetch...
23:06:43 | INFO     | __main__:146 -   chartink_raw_data: 500 rows
23:06:44 | INFO     | __main__:153 -   stock_data_daily (sheet baseline): 500 rows
23:06:44 | INFO     | fetch_bulk_history_yf:54 -   fetch_bulk_history: checking raw_prices cache (500 symbols)...
23:06:44 | INFO     | fetch_bulk_history_yf:85 -   raw_prices cache: 0 sufficient | 500 need yfinance
23:06:44 | INFO     | fetch_bulk_history_yf:89 -   Fetching 500 symbols from yfinance...
23:07:03 | INFO     | fetch_bulk_history_yf:162 -   Caching 121079 rows to price_history_yf...
23:07:23 | INFO     | fetch_bulk_history_yf:168 -   Cached successfully
23:07:23 | INFO     | fetch_bulk_history_yf:188 -   fetch_bulk_history: 500 symbols | 121079 total sessions | 500 fetched from yfinance
23:07:23 | INFO     | __main__:214 -   Upcoming events: 196 symbols with events in next 30d
23:07:23 | INFO     | __main__:240 -   MSL symbols: 23 in shortlist
23:07:23 | INFO     | __main__:268 -   Index membership: 598 symbols mapped
23:07:23 | INFO     | __main__:307 -   raw_prices: 1000 symbols with delivery/value data
23:07:23 | INFO     | __main__:790 -   Nifty 1M return: 4.0359%
23:07:23 | INFO     | __main__:794 -   Field trust overrides: {'pct_change': 'COMPUTE_ALWAYS'}
23:07:23 | INFO     | __main__:797 - Pass 2: computing and reconciling...
23:07:23 | INFO     | __main__:847 - =================================================================
23:07:23 | INFO     | __main__:848 - COMPUTE INDICATORS SUMMARY — 2026-04-17 — HYBRID
23:07:23 | INFO     | __main__:849 -   Symbols: 500 processed | 0 skipped
23:07:23 | INFO     | __main__:851 -   COMPUTE_ALWAYS (verified fields):      500 decisions
23:07:23 | INFO     | __main__:852 -   COMPUTED_MATCH (within tolerance):   33233 decisions
23:07:23 | INFO     | __main__:853 -   COMPUTED_ONLY  (sheet was NULL):       561 decisions
23:07:23 | INFO     | __main__:854 -   SHEET_ALWAYS   (confirmed diff basis):    0 decisions
23:07:23 | INFO     | __main__:856 -   DIVERGED (using sheet, needs review): 22 field types
23:07:23 | INFO     | __main__:857 -   Field                           Avg delta   Symbols  Action
23:07:23 | INFO     | __main__:858 -   -----------------------------------------------------------------
23:07:23 | INFO     | __main__:862 -   ret_12m                            233.5%       308  → set SHEET_ALWAYS
23:07:23 | INFO     | __main__:862 -   ret_6m                             164.4%       280  → set SHEET_ALWAYS
23:07:23 | INFO     | __main__:862 -   ret_3m                             125.5%       229  → set SHEET_ALWAYS
23:07:23 | INFO     | __main__:862 -   wk_hi_high                         100.0%        29  → set SHEET_ALWAYS
23:07:23 | INFO     | __main__:862 -   low_30d                            100.0%         5  → set SHEET_ALWAYS
23:07:23 | INFO     | __main__:862 -   sma50_gt_200                       100.0%         1  → set SHEET_ALWAYS
23:07:23 | INFO     | __main__:862 -   above_sma50                        100.0%         6  → set SHEET_ALWAYS
23:07:23 | INFO     | __main__:862 -   wk_hi_low                          100.0%         4  → set SHEET_ALWAYS
23:07:23 | INFO     | __main__:862 -   ret_1m                              81.4%        44  → set SHEET_ALWAYS
23:07:23 | INFO     | __main__:862 -   dist_sma50                          52.0%       101  → set SHEET_ALWAYS
23:07:23 | INFO     | __main__:862 -   ret_1w                              48.9%        82  → set SHEET_ALWAYS
23:07:23 | INFO     | __main__:862 -   sma_50                              41.7%         2  → set SHEET_ALWAYS
23:07:23 | INFO     | __main__:862 -   sma_200                             39.8%         3  → set SHEET_ALWAYS
23:07:23 | INFO     | __main__:862 -   sma_20                              39.0%         1  → set SHEET_ALWAYS
23:07:23 | INFO     | __main__:862 -   low_52w                             26.2%       398  → set SHEET_ALWAYS
23:07:23 | INFO     | __main__:862 -   high_52w                            24.0%       460  → set SHEET_ALWAYS
23:07:23 | INFO     | __main__:862 -   consol_range                        22.5%       326  → set SHEET_ALWAYS
23:07:23 | INFO     | __main__:862 -   price_12m_ago                       18.3%        35  → set SHEET_ALWAYS
23:07:23 | INFO     | __main__:862 -   close_30d                           16.9%        88  → set SHEET_ALWAYS
23:07:23 | INFO     | __main__:862 -   price_6m_ago                        14.1%         4  → investigate formula
23:07:23 | INFO     | __main__:862 -   high_30d                             3.5%       154  → investigate formula
23:07:23 | INFO     | __main__:862 -   current_price                        2.1%         1  → investigate formula
23:07:23 | INFO     | __main__:866 - 
23:07:23 | INFO     | __main__:867 -   To graduate a verified field to COMPUTE_ALWAYS:
23:07:23 | INFO     | __main__:868 -   UPDATE system_config SET value='COMPUTE_ALWAYS'
23:07:23 | INFO     | __main__:869 -     WHERE key='compute_trust_<field_name>';
23:07:23 | INFO     | __main__:872 - =================================================================
23:07:23 | INFO     | __main__:888 - Pass 3: writing 500 rows to stock_data_daily...
23:07:25 | SUCCESS  | __main__:896 - compute_indicators: 500 written | 0 skipped | 22 diverged field types requiring review
23:18:14 | INFO     | config:187 - TradeOS v6 config loaded | Capital=₹200,000 | DRY_RUN=False | Phase=2
23:18:14 | INFO     | __main__:785 - compute_indicators v2.1 — 2026-04-19 — HYBRID
23:18:15 | INFO     | __main__:764 -   Resolved trading date: 2026-04-19 → 2026-04-17
23:18:15 | INFO     | __main__:798 - Pass 1: bulk data fetch...
23:18:15 | INFO     | __main__:146 -   chartink_raw_data: 500 rows
23:18:16 | INFO     | __main__:153 -   stock_data_daily (sheet baseline): 500 rows
23:18:16 | INFO     | fetch_bulk_history_yf:54 -   fetch_bulk_history: checking price_history_yf cache (500 symbols)...
23:18:16 | INFO     | fetch_bulk_history_yf:85 -   price_history_yf cache: 0 sufficient | 500 need yfinance
23:18:16 | INFO     | fetch_bulk_history_yf:89 -   Fetching 500 symbols from yfinance...
23:18:33 | INFO     | fetch_bulk_history_yf:162 -   Caching 121079 rows to price_history_yf...
23:18:53 | INFO     | fetch_bulk_history_yf:168 -   Cached successfully
23:18:53 | INFO     | fetch_bulk_history_yf:188 -   fetch_bulk_history: 500 symbols | 121079 total sessions | 500 fetched from yfinance
23:18:53 | INFO     | __main__:214 -   Upcoming events: 196 symbols with events in next 30d
23:18:53 | INFO     | __main__:240 -   MSL symbols: 23 in shortlist
23:18:53 | INFO     | __main__:268 -   Index membership: 598 symbols mapped
23:18:53 | INFO     | __main__:307 -   raw_prices: 1000 symbols with delivery/value data
23:18:53 | INFO     | __main__:814 -   Nifty 1M return: 4.0359%
23:18:53 | INFO     | __main__:818 -   Field trust overrides: {'pct_change': 'COMPUTE_ALWAYS'}
23:18:53 | INFO     | __main__:821 - Pass 2: computing and reconciling...
23:18:54 | INFO     | __main__:871 - =================================================================
23:18:54 | INFO     | __main__:872 - COMPUTE INDICATORS SUMMARY — 2026-04-17 — HYBRID
23:18:54 | INFO     | __main__:873 -   Symbols: 500 processed | 0 skipped
23:18:54 | INFO     | __main__:875 -   COMPUTE_ALWAYS (verified fields):      500 decisions
23:18:54 | INFO     | __main__:876 -   COMPUTED_MATCH (within tolerance):   34751 decisions
23:18:54 | INFO     | __main__:877 -   COMPUTED_ONLY  (sheet was NULL):         0 decisions
23:18:54 | INFO     | __main__:878 -   SHEET_ALWAYS   (confirmed diff basis):    0 decisions
23:18:54 | INFO     | __main__:880 -   DIVERGED (using sheet, needs review): 24 field types
23:18:54 | INFO     | __main__:881 -   Field                           Avg delta   Symbols  Action
23:18:54 | INFO     | __main__:882 -   -----------------------------------------------------------------
23:18:54 | INFO     | __main__:886 -   ret_12m                            233.5%       308  → set SHEET_ALWAYS
23:18:54 | INFO     | __main__:886 -   ret_6m                             164.4%       280  → set SHEET_ALWAYS
23:18:54 | INFO     | __main__:886 -   ret_3m                             125.5%       229  → set SHEET_ALWAYS
23:18:54 | INFO     | __main__:886 -   breakout_setup                     100.0%        16  → set SHEET_ALWAYS
23:18:54 | INFO     | __main__:886 -   wk_hi_high                         100.0%        29  → set SHEET_ALWAYS
23:18:54 | INFO     | __main__:886 -   low_30d                            100.0%         5  → set SHEET_ALWAYS
23:18:54 | INFO     | __main__:886 -   sma50_gt_200                       100.0%         1  → set SHEET_ALWAYS
23:18:54 | INFO     | __main__:886 -   above_sma50                        100.0%         6  → set SHEET_ALWAYS
23:18:54 | INFO     | __main__:886 -   wk_hi_low                          100.0%         4  → set SHEET_ALWAYS
23:18:54 | INFO     | __main__:886 -   bk_trigger                         100.0%         5  → set SHEET_ALWAYS
23:18:54 | INFO     | __main__:886 -   ret_1m                              81.4%        44  → set SHEET_ALWAYS
23:18:54 | INFO     | __main__:886 -   dist_sma50                          52.0%       101  → set SHEET_ALWAYS
23:18:54 | INFO     | __main__:886 -   ret_1w                              48.9%        82  → set SHEET_ALWAYS
23:18:54 | INFO     | __main__:886 -   sma_50                              41.7%         2  → set SHEET_ALWAYS
23:18:54 | INFO     | __main__:886 -   sma_200                             39.8%         3  → set SHEET_ALWAYS
23:18:54 | INFO     | __main__:886 -   sma_20                              39.0%         1  → set SHEET_ALWAYS
23:18:54 | INFO     | __main__:886 -   low_52w                             26.2%       398  → set SHEET_ALWAYS
23:18:54 | INFO     | __main__:886 -   high_52w                            24.0%       460  → set SHEET_ALWAYS
23:18:54 | INFO     | __main__:886 -   consol_range                        22.5%       326  → set SHEET_ALWAYS
23:18:54 | INFO     | __main__:886 -   price_12m_ago                       18.3%        35  → set SHEET_ALWAYS
23:18:54 | INFO     | __main__:886 -   close_30d                           16.9%        88  → set SHEET_ALWAYS
23:18:54 | INFO     | __main__:886 -   price_6m_ago                        14.1%         4  → investigate formula
23:18:54 | INFO     | __main__:886 -   high_30d                             3.5%       154  → investigate formula
23:18:54 | INFO     | __main__:886 -   current_price                        2.1%         1  → investigate formula
23:18:54 | INFO     | __main__:890 - 
23:18:54 | INFO     | __main__:891 -   To graduate a verified field to COMPUTE_ALWAYS:
23:18:54 | INFO     | __main__:892 -   UPDATE system_config SET value='COMPUTE_ALWAYS'
23:18:54 | INFO     | __main__:893 -     WHERE key='compute_trust_<field_name>';
23:18:54 | INFO     | __main__:896 - =================================================================
23:18:54 | INFO     | __main__:912 - Pass 3: writing 500 rows to stock_data_daily...
23:18:55 | SUCCESS  | __main__:920 - compute_indicators: 500 written | 0 skipped | 24 diverged field types requiring review
23:19:58 | INFO     | config:187 - TradeOS v6 config loaded | Capital=₹200,000 | DRY_RUN=False | Phase=2
23:19:58 | INFO     | __main__:785 - compute_indicators v2.1 — 2026-04-19 — HYBRID
23:19:58 | INFO     | __main__:764 -   Resolved trading date: 2026-04-19 → 2026-04-17
23:19:58 | INFO     | __main__:798 - Pass 1: bulk data fetch...
23:19:59 | INFO     | __main__:146 -   chartink_raw_data: 500 rows
23:19:59 | INFO     | __main__:153 -   stock_data_daily (sheet baseline): 500 rows
23:19:59 | INFO     | fetch_bulk_history_yf:54 -   fetch_bulk_history: checking price_history_yf cache (500 symbols)...
23:20:00 | INFO     | fetch_bulk_history_yf:90 -   price_history_yf cache: 0 sufficient | 500 need yfinance
23:20:00 | INFO     | fetch_bulk_history_yf:94 -   Fetching 500 symbols from yfinance...
23:20:18 | INFO     | fetch_bulk_history_yf:167 -   Caching 121079 rows to price_history_yf...
23:20:39 | INFO     | fetch_bulk_history_yf:173 -   Cached successfully
23:20:39 | INFO     | fetch_bulk_history_yf:193 -   fetch_bulk_history: 500 symbols | 121079 total sessions | 500 fetched from yfinance
23:20:39 | INFO     | __main__:214 -   Upcoming events: 196 symbols with events in next 30d
23:20:40 | INFO     | __main__:240 -   MSL symbols: 23 in shortlist
23:20:40 | INFO     | __main__:268 -   Index membership: 598 symbols mapped
23:20:40 | INFO     | __main__:307 -   raw_prices: 1000 symbols with delivery/value data
23:20:40 | INFO     | __main__:814 -   Nifty 1M return: 4.0359%
23:20:40 | INFO     | __main__:818 -   Field trust overrides: {'pct_change': 'COMPUTE_ALWAYS'}
23:20:40 | INFO     | __main__:821 - Pass 2: computing and reconciling...
23:20:40 | INFO     | __main__:871 - =================================================================
23:20:40 | INFO     | __main__:872 - COMPUTE INDICATORS SUMMARY — 2026-04-17 — HYBRID
23:20:40 | INFO     | __main__:873 -   Symbols: 500 processed | 0 skipped
23:20:40 | INFO     | __main__:875 -   COMPUTE_ALWAYS (verified fields):      500 decisions
23:20:40 | INFO     | __main__:876 -   COMPUTED_MATCH (within tolerance):   34751 decisions
23:20:40 | INFO     | __main__:877 -   COMPUTED_ONLY  (sheet was NULL):         0 decisions
23:20:40 | INFO     | __main__:878 -   SHEET_ALWAYS   (confirmed diff basis):    0 decisions
23:20:40 | INFO     | __main__:880 -   DIVERGED (using sheet, needs review): 24 field types
23:20:40 | INFO     | __main__:881 -   Field                           Avg delta   Symbols  Action
23:20:40 | INFO     | __main__:882 -   -----------------------------------------------------------------
23:20:40 | INFO     | __main__:886 -   ret_12m                            233.5%       308  → set SHEET_ALWAYS
23:20:40 | INFO     | __main__:886 -   ret_6m                             164.4%       280  → set SHEET_ALWAYS
23:20:40 | INFO     | __main__:886 -   ret_3m                             125.5%       229  → set SHEET_ALWAYS
23:20:40 | INFO     | __main__:886 -   breakout_setup                     100.0%        16  → set SHEET_ALWAYS
23:20:40 | INFO     | __main__:886 -   wk_hi_high                         100.0%        29  → set SHEET_ALWAYS
23:20:40 | INFO     | __main__:886 -   low_30d                            100.0%         5  → set SHEET_ALWAYS
23:20:40 | INFO     | __main__:886 -   sma50_gt_200                       100.0%         1  → set SHEET_ALWAYS
23:20:40 | INFO     | __main__:886 -   above_sma50                        100.0%         6  → set SHEET_ALWAYS
23:20:40 | INFO     | __main__:886 -   wk_hi_low                          100.0%         4  → set SHEET_ALWAYS
23:20:40 | INFO     | __main__:886 -   bk_trigger                         100.0%         5  → set SHEET_ALWAYS
23:20:40 | INFO     | __main__:886 -   ret_1m                              81.4%        44  → set SHEET_ALWAYS
23:20:40 | INFO     | __main__:886 -   dist_sma50                          52.0%       101  → set SHEET_ALWAYS
23:20:40 | INFO     | __main__:886 -   ret_1w                              48.9%        82  → set SHEET_ALWAYS
23:20:40 | INFO     | __main__:886 -   sma_50                              41.7%         2  → set SHEET_ALWAYS
23:20:40 | INFO     | __main__:886 -   sma_200                             39.8%         3  → set SHEET_ALWAYS
23:20:40 | INFO     | __main__:886 -   sma_20                              39.0%         1  → set SHEET_ALWAYS
23:20:40 | INFO     | __main__:886 -   low_52w                             26.2%       398  → set SHEET_ALWAYS
23:20:40 | INFO     | __main__:886 -   high_52w                            24.0%       460  → set SHEET_ALWAYS
23:20:40 | INFO     | __main__:886 -   consol_range                        22.5%       326  → set SHEET_ALWAYS
23:20:40 | INFO     | __main__:886 -   price_12m_ago                       18.3%        35  → set SHEET_ALWAYS
23:20:40 | INFO     | __main__:886 -   close_30d                           16.9%        88  → set SHEET_ALWAYS
23:20:40 | INFO     | __main__:886 -   price_6m_ago                        14.1%         4  → investigate formula
23:20:40 | INFO     | __main__:886 -   high_30d                             3.5%       154  → investigate formula
23:20:40 | INFO     | __main__:886 -   current_price                        2.1%         1  → investigate formula
23:20:40 | INFO     | __main__:890 - 
23:20:40 | INFO     | __main__:891 -   To graduate a verified field to COMPUTE_ALWAYS:
23:20:40 | INFO     | __main__:892 -   UPDATE system_config SET value='COMPUTE_ALWAYS'
23:20:40 | INFO     | __main__:893 -     WHERE key='compute_trust_<field_name>';
23:20:40 | INFO     | __main__:896 - =================================================================
23:20:40 | INFO     | __main__:912 - Pass 3: writing 500 rows to stock_data_daily...
23:20:41 | SUCCESS  | __main__:920 - compute_indicators: 500 written | 0 skipped | 24 diverged field types requiring review
23:21:57 | INFO     | config:187 - TradeOS v6 config loaded | Capital=₹200,000 | DRY_RUN=False | Phase=2
23:25:47 | INFO     | config:187 - TradeOS v6 config loaded | Capital=₹200,000 | DRY_RUN=False | Phase=2
23:28:08 | INFO     | config:187 - TradeOS v6 config loaded | Capital=₹200,000 | DRY_RUN=False | Phase=2
23:28:08 | INFO     | __main__:785 - compute_indicators v2.1 — 2026-04-19 — HYBRID
23:28:08 | INFO     | __main__:764 -   Resolved trading date: 2026-04-19 → 2026-04-17
23:28:08 | INFO     | __main__:798 - Pass 1: bulk data fetch...
23:28:08 | INFO     | __main__:146 -   chartink_raw_data: 500 rows
23:28:09 | INFO     | __main__:153 -   stock_data_daily (sheet baseline): 500 rows
23:28:09 | INFO     | fetch_bulk_history_yf:56 -   fetch_bulk_history: checking price_history_yf cache (500 symbols)...
23:28:11 | INFO     | fetch_bulk_history_yf:102 -   price_history_yf cache: 0 sufficient | 500 need yfinance
23:28:11 | INFO     | fetch_bulk_history_yf:106 -   Fetching 500 symbols from yfinance...
23:28:30 | INFO     | fetch_bulk_history_yf:179 -   Caching 153301 rows to price_history_yf...
23:28:44 | ERROR    | fetch_bulk_history_yf:188 -   yfinance bulk download failed: {'message': 'JSON could not be generated', 'code': 502, 'hint': 'Refer to full message for details', 'details': 'b\'<!DOCTYPE html>\\n<!--[if lt IE 7]> <html class="no-js ie6 oldie" lang="en-US"> <![endif]-->\\n<!--[if IE 7]>    <html class="no-js ie7 oldie" lang="en-US"> <![endif]-->\\n<!--[if IE 8]>    <html class="no-js ie8 oldie" lang="en-US"> <![endif]-->\\n<!--[if gt IE 8]><!--> <html class="no-js" lang="en-US"> <!--<![endif]-->\\n<head>\\n\\n\\n<title>dbjfwpamxudnolfalpfm.supabase.co | 502: Bad gateway</title>\\n<meta charset="UTF-8" />\\n<meta http-equiv="Content-Type" content="text/html; charset=UTF-8" />\\n<meta http-equiv="X-UA-Compatible" content="IE=Edge" />\\n<meta name="robots" content="noindex, nofollow" />\\n<meta name="viewport" content="width=device-width,initial-scale=1" />\\n<link rel="stylesheet" id="cf_styles-css" href="/cdn-cgi/styles/main.css" />\\n\\n\\n</head>\\n<body>\\n<div id="cf-wrapper">\\n    <div id="cf-error-details" class="p-0">\\n        <header class="mx-auto pt-10 lg:pt-6 lg:px-8 w-240 lg:w-full mb-8">\\n            <h1 class="inline-block sm:block sm:mb-2 font-light text-60 lg:text-4xl text-black-dark leading-tight mr-2">\\n              <span class="inline-block">Bad gateway</span>\\n              <span class="code-label">Error code 502</span>\\n            </h1>\\n            <div>\\n               Visit <a href="https://www.cloudflare.com/5xx-error-landing?utm_source=errorcode_502&utm_campaign=dbjfwpamxudnolfalpfm.supabase.co" target="_blank" rel="noopener noreferrer">cloudflare.com</a> for more information.\\n            </div>\\n            <div class="mt-3">2026-04-19 17:58:43 UTC</div>\\n        </header>\\n        <div class="my-8 bg-gradient-gray">\\n            <div class="w-240 lg:w-full mx-auto">\\n                <div class="clearfix md:px-8">\\n                  \\n<div id="cf-browser-status" class=" relative w-1/3 md:w-full py-15 md:p-0 md:py-8 md:text-left md:border-solid md:border-0 md:border-b md:border-gray-400 overflow-hidden float-left md:float-none text-center">\\n  <div class="relative mb-10 md:m-0">\\n    \\n    <span class="cf-icon-browser block md:hidden h-20 bg-center bg-no-repeat"></span>\\n    <span class="cf-icon-ok w-12 h-12 absolute left-1/2 md:left-auto md:right-0 md:top-0 -ml-6 -bottom-4"></span>\\n    \\n  </div>\\n  <span class="md:block w-full truncate">You</span>\\n  <h3 class="md:inline-block mt-3 md:mt-0 text-2xl text-gray-600 font-light leading-1.3">\\n    \\n    Browser\\n    \\n  </h3>\\n  <span class="leading-1.3 text-2xl text-green-success">Working</span>\\n</div>\\n\\n<div id="cf-cloudflare-status" class=" relative w-1/3 md:w-full py-15 md:p-0 md:py-8 md:text-left md:border-solid md:border-0 md:border-b md:border-gray-400 overflow-hidden float-left md:float-none text-center">\\n  <div class="relative mb-10 md:m-0">\\n    <a href="https://www.cloudflare.com/5xx-error-landing?utm_source=errorcode_502&utm_campaign=dbjfwpamxudnolfalpfm.supabase.co" target="_blank" rel="noopener noreferrer">\\n    <span class="cf-icon-cloud block md:hidden h-20 bg-center bg-no-repeat"></span>\\n    <span class="cf-icon-ok w-12 h-12 absolute left-1/2 md:left-auto md:right-0 md:top-0 -ml-6 -bottom-4"></span>\\n    </a>\\n  </div>\\n  <span class="md:block w-full truncate">Mumbai</span>\\n  <h3 class="md:inline-block mt-3 md:mt-0 text-2xl text-gray-600 font-light leading-1.3">\\n    <a href="https://www.cloudflare.com/5xx-error-landing?utm_source=errorcode_502&utm_campaign=dbjfwpamxudnolfalpfm.supabase.co" target="_blank" rel="noopener noreferrer">\\n    Cloudflare\\n    </a>\\n  </h3>\\n  <span class="leading-1.3 text-2xl text-green-success">Working</span>\\n</div>\\n\\n<div id="cf-host-status" class="cf-error-source relative w-1/3 md:w-full py-15 md:p-0 md:py-8 md:text-left md:border-solid md:border-0 md:border-b md:border-gray-400 overflow-hidden float-left md:float-none text-center">\\n  <div class="relative mb-10 md:m-0">\\n    \\n    <span class="cf-icon-server block md:hidden h-20 bg-center bg-no-repeat"></span>\\n    <span class="cf-icon-error w-12 h-12 absolute left-1/2 md:left-auto md:right-0 md:top-0 -ml-6 -bottom-4"></span>\\n    \\n  </div>\\n  <span class="md:block w-full truncate">dbjfwpamxudnolfalpfm.supabase.co</span>\\n  <h3 class="md:inline-block mt-3 md:mt-0 text-2xl text-gray-600 font-light leading-1.3">\\n    \\n    Host\\n    \\n  </h3>\\n  <span class="leading-1.3 text-2xl text-red-error">Error</span>\\n</div>\\n\\n                </div>\\n            </div>\\n        </div>\\n\\n        <div class="w-240 lg:w-full mx-auto mb-8 lg:px-8">\\n            <div class="clearfix">\\n                <div class="w-1/2 md:w-full float-left pr-6 md:pb-10 md:pr-0 leading-relaxed">\\n                    <h2 class="text-3xl font-normal leading-1.3 mb-4">What happened?</h2>\\n                    <p>The web server reported a bad gateway error.</p>\\n                </div>\\n                <div class="w-1/2 md:w-full float-left leading-relaxed">\\n                    <h2 class="text-3xl font-normal leading-1.3 mb-4">What can I do?</h2>\\n                    <p class="mb-6">Please try again in a few minutes.</p>\\n                </div>\\n            </div>\\n        </div>\\n\\n        <div class="cf-error-footer cf-wrapper w-240 lg:w-full py-10 sm:py-4 sm:px-8 mx-auto text-center sm:text-left border-solid border-0 border-t border-gray-300">\\n  <p class="text-13">\\n    <span class="cf-footer-item sm:block sm:mb-1">Cloudflare Ray ID: <strong class="font-semibold">9eedcc8c00eb26cb</strong></span>\\n    <span class="cf-footer-separator sm:hidden">&bull;</span>\\n    <span id="cf-footer-item-ip" class="cf-footer-item hidden sm:block sm:mb-1">\\n      Your IP:\\n      <button type="button" id="cf-footer-ip-reveal" class="cf-footer-ip-reveal-btn">Click to reveal</button>\\n      <span class="hidden" id="cf-footer-ip">103.197.74.154</span>\\n      <span class="cf-footer-separator sm:hidden">&bull;</span>\\n    </span>\\n    <span class="cf-footer-item sm:block sm:mb-1"><span>Performance &amp; security by</span> <a rel="noopener noreferrer" href="https://www.cloudflare.com/5xx-error-landing?utm_source=errorcode_502&utm_campaign=dbjfwpamxudnolfalpfm.supabase.co" id="brand_link" target="_blank">Cloudflare</a></span>\\n    \\n  </p>\\n  <script>(function(){function d(){var b=a.getElementById("cf-footer-item-ip"),c=a.getElementById("cf-footer-ip-reveal");b&&"classList"in b&&(b.classList.remove("hidden"),c.addEventListener("click",function(){c.classList.add("hidden");a.getElementById("cf-footer-ip").classList.remove("hidden")}))}var a=document;document.addEventListener&&a.addEventListener("DOMContentLoaded",d)})();</script>\\n</div><!-- /.error-footer -->\\n\\n\\n    </div>\\n</div>\\n</body>\\n</html>\\n\''}
23:28:44 | INFO     | fetch_bulk_history_yf:205 -   fetch_bulk_history: 500 symbols | 5000 total sessions | 500 fetched from yfinance
23:28:44 | INFO     | __main__:214 -   Upcoming events: 196 symbols with events in next 30d
23:28:44 | INFO     | __main__:240 -   MSL symbols: 23 in shortlist
23:28:44 | INFO     | __main__:268 -   Index membership: 598 symbols mapped
23:28:44 | INFO     | __main__:307 -   raw_prices: 1000 symbols with delivery/value data
23:28:44 | INFO     | __main__:814 -   Nifty 1M return: 4.0359%
23:28:44 | INFO     | __main__:818 -   Field trust overrides: {'pct_change': 'COMPUTE_ALWAYS'}
23:28:44 | INFO     | __main__:821 - Pass 2: computing and reconciling...
23:28:44 | INFO     | __main__:871 - =================================================================
23:28:44 | INFO     | __main__:872 - COMPUTE INDICATORS SUMMARY — 2026-04-17 — HYBRID
23:28:44 | INFO     | __main__:873 -   Symbols: 500 processed | 0 skipped
23:28:44 | INFO     | __main__:875 -   COMPUTE_ALWAYS (verified fields):      500 decisions
23:28:44 | INFO     | __main__:876 -   COMPUTED_MATCH (within tolerance):   30689 decisions
23:28:44 | INFO     | __main__:877 -   COMPUTED_ONLY  (sheet was NULL):         0 decisions
23:28:44 | INFO     | __main__:878 -   SHEET_ALWAYS   (confirmed diff basis):    0 decisions
23:28:44 | INFO     | __main__:880 -   DIVERGED (using sheet, needs review): 15 field types
23:28:44 | INFO     | __main__:881 -   Field                           Avg delta   Symbols  Action
23:28:44 | INFO     | __main__:882 -   -----------------------------------------------------------------
23:28:44 | INFO     | __main__:886 -   wk_hi_high                         100.0%        29  → set SHEET_ALWAYS
23:28:44 | INFO     | __main__:886 -   sma50_gt_200                       100.0%         1  → set SHEET_ALWAYS
23:28:44 | INFO     | __main__:886 -   above_sma50                        100.0%         6  → set SHEET_ALWAYS
23:28:44 | INFO     | __main__:886 -   wk_hi_low                          100.0%         4  → set SHEET_ALWAYS
23:28:44 | INFO     | __main__:886 -   dist_sma50                          52.0%       101  → set SHEET_ALWAYS
23:28:44 | INFO     | __main__:886 -   ret_1w                              48.9%        82  → set SHEET_ALWAYS
23:28:44 | INFO     | __main__:886 -   sma_50                              41.7%         2  → set SHEET_ALWAYS
23:28:44 | INFO     | __main__:886 -   sma_200                             39.8%         3  → set SHEET_ALWAYS
23:28:44 | INFO     | __main__:886 -   sma_20                              39.0%         1  → set SHEET_ALWAYS
23:28:44 | INFO     | __main__:886 -   consol_range                        31.2%       374  → set SHEET_ALWAYS
23:28:44 | INFO     | __main__:886 -   low_52w                             26.2%       398  → set SHEET_ALWAYS
23:28:44 | INFO     | __main__:886 -   high_52w                            24.0%       460  → set SHEET_ALWAYS
23:28:44 | INFO     | __main__:886 -   low_30d                             23.8%        42  → set SHEET_ALWAYS
23:28:44 | INFO     | __main__:886 -   high_30d                             6.3%       254  → investigate formula
23:28:44 | INFO     | __main__:886 -   current_price                        2.1%         1  → investigate formula
23:28:44 | INFO     | __main__:890 - 
23:28:44 | INFO     | __main__:891 -   To graduate a verified field to COMPUTE_ALWAYS:
23:28:44 | INFO     | __main__:892 -   UPDATE system_config SET value='COMPUTE_ALWAYS'
23:28:44 | INFO     | __main__:893 -     WHERE key='compute_trust_<field_name>';
23:28:44 | INFO     | __main__:896 - =================================================================
23:28:44 | INFO     | __main__:912 - Pass 3: writing 500 rows to stock_data_daily...
23:28:45 | SUCCESS  | __main__:920 - compute_indicators: 500 written | 0 skipped | 15 diverged field types requiring review
23:29:42 | INFO     | config:187 - TradeOS v6 config loaded | Capital=₹200,000 | DRY_RUN=False | Phase=2
23:31:09 | INFO     | config:187 - TradeOS v6 config loaded | Capital=₹200,000 | DRY_RUN=False | Phase=2
23:31:09 | INFO     | __main__:227 - Populating price_history_yf for 500 symbols...
23:31:09 | INFO     | __main__:56 -   fetch_bulk_history: checking price_history_yf cache (500 symbols)...
23:31:11 | INFO     | __main__:102 -   price_history_yf cache: 0 sufficient | 500 need yfinance
23:31:11 | INFO     | __main__:106 -   Fetching 500 symbols from yfinance...
23:31:32 | INFO     | __main__:179 -   Caching 152871 rows to price_history_yf...
23:32:04 | INFO     | __main__:185 -   Cached successfully
23:32:04 | INFO     | __main__:205 -   fetch_bulk_history: 500 symbols | 152871 total sessions | 500 fetched from yfinance
23:32:04 | INFO     | __main__:229 - Done — 152871 total sessions cached
23:36:04 | INFO     | config:187 - TradeOS v6 config loaded | Capital=₹200,000 | DRY_RUN=False | Phase=2
23:36:04 | INFO     | __main__:245 - Populating price_history_yf for 500 symbols (date: 2026-04-17)...
23:36:04 | INFO     | __main__:64 -   fetch_bulk_history: checking price_history_yf cache (500 symbols)...
23:36:06 | INFO     | __main__:97 -   price_history_yf cache: 0 sufficient | 500 need yfinance
23:36:06 | INFO     | __main__:125 -   Fetching 500 symbols from yfinance...
23:36:25 | INFO     | __main__:189 -   Caching 152871 rows to price_history_yf...
23:36:50 | INFO     | __main__:195 -   Cached successfully
23:36:50 | INFO     | __main__:210 -   fetch_bulk_history: 500 symbols | 152871 total sessions | 500 fetched from yfinance
23:36:50 | INFO     | __main__:247 - Done — 152871 total sessions cached
23:39:09 | INFO     | config:187 - TradeOS v6 config loaded | Capital=₹200,000 | DRY_RUN=False | Phase=2
23:43:46 | INFO     | config:187 - TradeOS v6 config loaded | Capital=₹200,000 | DRY_RUN=False | Phase=2
23:43:46 | INFO     | __main__:785 - compute_indicators v2.1 — 2026-04-19 — HYBRID
23:43:46 | INFO     | __main__:764 -   Resolved trading date: 2026-04-19 → 2026-04-17
23:43:46 | INFO     | __main__:798 - Pass 1: bulk data fetch...
23:43:46 | INFO     | __main__:146 -   chartink_raw_data: 500 rows
23:43:47 | INFO     | __main__:153 -   stock_data_daily (sheet baseline): 500 rows
23:43:47 | INFO     | fetch_bulk_history_yf:64 -   fetch_bulk_history: checking price_history_yf cache (500 symbols)...
23:43:49 | INFO     | fetch_bulk_history_yf:97 -   price_history_yf cache: 0 sufficient | 500 need yfinance
23:43:49 | INFO     | fetch_bulk_history_yf:125 -   Fetching 500 symbols from yfinance...
23:44:08 | INFO     | fetch_bulk_history_yf:189 -   Caching 153301 rows to price_history_yf...
23:44:35 | INFO     | fetch_bulk_history_yf:195 -   Cached successfully
23:44:35 | INFO     | fetch_bulk_history_yf:210 -   fetch_bulk_history: 500 symbols | 153301 total sessions | 500 fetched from yfinance
23:44:35 | INFO     | __main__:214 -   Upcoming events: 196 symbols with events in next 30d
23:44:35 | INFO     | __main__:240 -   MSL symbols: 23 in shortlist
23:44:35 | INFO     | __main__:268 -   Index membership: 598 symbols mapped
23:44:35 | INFO     | __main__:307 -   raw_prices: 1000 symbols with delivery/value data
23:44:35 | INFO     | __main__:814 -   Nifty 1M return: 4.0359%
23:44:35 | INFO     | __main__:818 -   Field trust overrides: {'pct_change': 'COMPUTE_ALWAYS'}
23:44:35 | INFO     | __main__:821 - Pass 2: computing and reconciling...
23:44:35 | INFO     | __main__:871 - =================================================================
23:44:35 | INFO     | __main__:872 - COMPUTE INDICATORS SUMMARY — 2026-04-17 — HYBRID
23:44:35 | INFO     | __main__:873 -   Symbols: 500 processed | 0 skipped
23:44:35 | INFO     | __main__:875 -   COMPUTE_ALWAYS (verified fields):      500 decisions
23:44:35 | INFO     | __main__:876 -   COMPUTED_MATCH (within tolerance):   34765 decisions
23:44:35 | INFO     | __main__:877 -   COMPUTED_ONLY  (sheet was NULL):         0 decisions
23:44:35 | INFO     | __main__:878 -   SHEET_ALWAYS   (confirmed diff basis):    0 decisions
23:44:35 | INFO     | __main__:880 -   DIVERGED (using sheet, needs review): 24 field types
23:44:35 | INFO     | __main__:881 -   Field                           Avg delta   Symbols  Action
23:44:35 | INFO     | __main__:882 -   -----------------------------------------------------------------
23:44:35 | INFO     | __main__:886 -   ret_12m                            233.5%       308  → set SHEET_ALWAYS
23:44:35 | INFO     | __main__:886 -   ret_6m                             164.4%       280  → set SHEET_ALWAYS
23:44:35 | INFO     | __main__:886 -   ret_3m                             125.5%       229  → set SHEET_ALWAYS
23:44:35 | INFO     | __main__:886 -   breakout_setup                     100.0%        16  → set SHEET_ALWAYS
23:44:35 | INFO     | __main__:886 -   wk_hi_high                         100.0%        29  → set SHEET_ALWAYS
23:44:35 | INFO     | __main__:886 -   low_30d                            100.0%         5  → set SHEET_ALWAYS
23:44:35 | INFO     | __main__:886 -   sma50_gt_200                       100.0%         1  → set SHEET_ALWAYS
23:44:35 | INFO     | __main__:886 -   above_sma50                        100.0%         6  → set SHEET_ALWAYS
23:44:35 | INFO     | __main__:886 -   wk_hi_low                          100.0%         4  → set SHEET_ALWAYS
23:44:35 | INFO     | __main__:886 -   bk_trigger                         100.0%         5  → set SHEET_ALWAYS
23:44:35 | INFO     | __main__:886 -   ret_1m                              81.4%        44  → set SHEET_ALWAYS
23:44:35 | INFO     | __main__:886 -   dist_sma50                          52.0%       101  → set SHEET_ALWAYS
23:44:35 | INFO     | __main__:886 -   ret_1w                              48.9%        82  → set SHEET_ALWAYS
23:44:35 | INFO     | __main__:886 -   sma_50                              41.7%         2  → set SHEET_ALWAYS
23:44:35 | INFO     | __main__:886 -   sma_200                             39.8%         3  → set SHEET_ALWAYS
23:44:35 | INFO     | __main__:886 -   sma_20                              39.0%         1  → set SHEET_ALWAYS
23:44:35 | INFO     | __main__:886 -   low_52w                             26.2%       398  → set SHEET_ALWAYS
23:44:35 | INFO     | __main__:886 -   high_52w                            24.0%       460  → set SHEET_ALWAYS
23:44:35 | INFO     | __main__:886 -   consol_range                        23.5%       311  → set SHEET_ALWAYS
23:44:35 | INFO     | __main__:886 -   price_12m_ago                       18.3%        35  → set SHEET_ALWAYS
23:44:35 | INFO     | __main__:886 -   close_30d                           16.9%        88  → set SHEET_ALWAYS
23:44:35 | INFO     | __main__:886 -   price_6m_ago                        14.1%         4  → investigate formula
23:44:35 | INFO     | __main__:886 -   high_30d                             3.6%       155  → investigate formula
23:44:35 | INFO     | __main__:886 -   current_price                        2.1%         1  → investigate formula
23:44:35 | INFO     | __main__:890 - 
23:44:35 | INFO     | __main__:891 -   To graduate a verified field to COMPUTE_ALWAYS:
23:44:35 | INFO     | __main__:892 -   UPDATE system_config SET value='COMPUTE_ALWAYS'
23:44:35 | INFO     | __main__:893 -     WHERE key='compute_trust_<field_name>';
23:44:35 | INFO     | __main__:896 - =================================================================
23:44:35 | INFO     | __main__:912 - Pass 3: writing 500 rows to stock_data_daily...
23:44:37 | SUCCESS  | __main__:920 - compute_indicators: 500 written | 0 skipped | 24 diverged field types requiring review
23:46:40 | INFO     | config:187 - TradeOS v6 config loaded | Capital=₹200,000 | DRY_RUN=False | Phase=2
23:46:40 | INFO     | __main__:785 - compute_indicators v2.1 — 2026-04-19 — HYBRID
23:46:40 | INFO     | __main__:764 -   Resolved trading date: 2026-04-19 → 2026-04-17
23:46:40 | INFO     | __main__:798 - Pass 1: bulk data fetch...
23:46:41 | INFO     | __main__:146 -   chartink_raw_data: 500 rows
23:46:42 | INFO     | __main__:153 -   stock_data_daily (sheet baseline): 500 rows
23:46:42 | INFO     | fetch_bulk_history_yf:64 -   fetch_bulk_history: checking price_history_yf cache (500 symbols)...
23:46:43 | INFO     | fetch_bulk_history_yf:100 -   DEBUG today=2026-04-17 today_date=2026-04-17 cutoff=2025-01-02
23:46:43 | INFO     | fetch_bulk_history_yf:101 -   DEBUG sym_dates total keys: 500
23:46:43 | INFO     | fetch_bulk_history_yf:102 -   DEBUG test sym: ABB
23:46:43 | INFO     | fetch_bulk_history_yf:103 -   DEBUG dates for ABB: ['2026-04-17', '2026-04-16', '2026-04-15']
23:46:43 | INFO     | fetch_bulk_history_yf:105 -   price_history_yf cache: 0 sufficient | 500 need yfinance
23:46:43 | INFO     | fetch_bulk_history_yf:133 -   Fetching 500 symbols from yfinance...
23:47:02 | INFO     | fetch_bulk_history_yf:197 -   Caching 153301 rows to price_history_yf...
23:47:28 | INFO     | fetch_bulk_history_yf:203 -   Cached successfully
23:47:28 | INFO     | fetch_bulk_history_yf:218 -   fetch_bulk_history: 500 symbols | 153301 total sessions | 500 fetched from yfinance
23:47:28 | INFO     | __main__:214 -   Upcoming events: 196 symbols with events in next 30d
23:47:28 | INFO     | __main__:240 -   MSL symbols: 23 in shortlist
23:47:28 | INFO     | __main__:268 -   Index membership: 598 symbols mapped
23:47:28 | INFO     | __main__:307 -   raw_prices: 1000 symbols with delivery/value data
23:47:28 | INFO     | __main__:814 -   Nifty 1M return: 4.0359%
23:47:28 | INFO     | __main__:818 -   Field trust overrides: {'pct_change': 'COMPUTE_ALWAYS'}
23:47:28 | INFO     | __main__:821 - Pass 2: computing and reconciling...
23:47:28 | INFO     | __main__:871 - =================================================================
23:47:28 | INFO     | __main__:872 - COMPUTE INDICATORS SUMMARY — 2026-04-17 — HYBRID
23:47:28 | INFO     | __main__:873 -   Symbols: 500 processed | 0 skipped
23:47:28 | INFO     | __main__:875 -   COMPUTE_ALWAYS (verified fields):      500 decisions
23:47:28 | INFO     | __main__:876 -   COMPUTED_MATCH (within tolerance):   34765 decisions
23:47:28 | INFO     | __main__:877 -   COMPUTED_ONLY  (sheet was NULL):         0 decisions
23:47:28 | INFO     | __main__:878 -   SHEET_ALWAYS   (confirmed diff basis):    0 decisions
23:47:28 | INFO     | __main__:880 -   DIVERGED (using sheet, needs review): 24 field types
23:47:28 | INFO     | __main__:881 -   Field                           Avg delta   Symbols  Action
23:47:28 | INFO     | __main__:882 -   -----------------------------------------------------------------
23:47:28 | INFO     | __main__:886 -   ret_12m                            233.5%       308  → set SHEET_ALWAYS
23:47:28 | INFO     | __main__:886 -   ret_6m                             164.4%       280  → set SHEET_ALWAYS
23:47:28 | INFO     | __main__:886 -   ret_3m                             125.5%       229  → set SHEET_ALWAYS
23:47:28 | INFO     | __main__:886 -   breakout_setup                     100.0%        16  → set SHEET_ALWAYS
23:47:28 | INFO     | __main__:886 -   wk_hi_high                         100.0%        29  → set SHEET_ALWAYS
23:47:28 | INFO     | __main__:886 -   low_30d                            100.0%         5  → set SHEET_ALWAYS
23:47:28 | INFO     | __main__:886 -   sma50_gt_200                       100.0%         1  → set SHEET_ALWAYS
23:47:28 | INFO     | __main__:886 -   above_sma50                        100.0%         6  → set SHEET_ALWAYS
23:47:28 | INFO     | __main__:886 -   wk_hi_low                          100.0%         4  → set SHEET_ALWAYS
23:47:28 | INFO     | __main__:886 -   bk_trigger                         100.0%         5  → set SHEET_ALWAYS
23:47:28 | INFO     | __main__:886 -   ret_1m                              81.4%        44  → set SHEET_ALWAYS
23:47:28 | INFO     | __main__:886 -   dist_sma50                          52.0%       101  → set SHEET_ALWAYS
23:47:28 | INFO     | __main__:886 -   ret_1w                              48.9%        82  → set SHEET_ALWAYS
23:47:28 | INFO     | __main__:886 -   sma_50                              41.7%         2  → set SHEET_ALWAYS
23:47:28 | INFO     | __main__:886 -   sma_200                             39.8%         3  → set SHEET_ALWAYS
23:47:28 | INFO     | __main__:886 -   sma_20                              39.0%         1  → set SHEET_ALWAYS
23:47:28 | INFO     | __main__:886 -   low_52w                             26.2%       398  → set SHEET_ALWAYS
23:47:28 | INFO     | __main__:886 -   high_52w                            24.0%       460  → set SHEET_ALWAYS
23:47:28 | INFO     | __main__:886 -   consol_range                        23.5%       311  → set SHEET_ALWAYS
23:47:28 | INFO     | __main__:886 -   price_12m_ago                       18.3%        35  → set SHEET_ALWAYS
23:47:28 | INFO     | __main__:886 -   close_30d                           16.9%        88  → set SHEET_ALWAYS
23:47:28 | INFO     | __main__:886 -   price_6m_ago                        14.1%         4  → investigate formula
23:47:28 | INFO     | __main__:886 -   high_30d                             3.6%       155  → investigate formula
23:47:28 | INFO     | __main__:886 -   current_price                        2.1%         1  → investigate formula
23:47:28 | INFO     | __main__:890 - 
23:47:28 | INFO     | __main__:891 -   To graduate a verified field to COMPUTE_ALWAYS:
23:47:28 | INFO     | __main__:892 -   UPDATE system_config SET value='COMPUTE_ALWAYS'
23:47:28 | INFO     | __main__:893 -     WHERE key='compute_trust_<field_name>';
23:47:28 | INFO     | __main__:896 - =================================================================
23:47:28 | INFO     | __main__:912 - Pass 3: writing 500 rows to stock_data_daily...
23:47:29 | SUCCESS  | __main__:920 - compute_indicators: 500 written | 0 skipped | 24 diverged field types requiring review
23:48:10 | INFO     | config:187 - TradeOS v6 config loaded | Capital=₹200,000 | DRY_RUN=False | Phase=2
23:48:10 | INFO     | __main__:785 - compute_indicators v2.1 — 2026-04-19 — HYBRID
23:48:10 | INFO     | __main__:764 -   Resolved trading date: 2026-04-19 → 2026-04-17
23:48:10 | INFO     | __main__:798 - Pass 1: bulk data fetch...
23:48:10 | INFO     | __main__:146 -   chartink_raw_data: 500 rows
23:48:10 | INFO     | __main__:153 -   stock_data_daily (sheet baseline): 500 rows
23:48:10 | INFO     | fetch_bulk_history_yf:64 -   fetch_bulk_history: checking price_history_yf cache (500 symbols)...
23:48:11 | INFO     | fetch_bulk_history_yf:101 -   DEBUG today=2026-04-17 today_date=2026-04-17 cutoff=2025-01-02
23:48:11 | INFO     | fetch_bulk_history_yf:102 -   DEBUG sym_dates total keys: 500
23:48:11 | INFO     | fetch_bulk_history_yf:103 -   DEBUG test sym: ABB
23:48:11 | INFO     | fetch_bulk_history_yf:104 -   DEBUG dates count: 10
23:48:11 | INFO     | fetch_bulk_history_yf:108 -   DEBUG most_recent=2026-04-17 days_stale=0
23:48:11 | INFO     | fetch_bulk_history_yf:109 -   DEBUG len(dates)=10 >= 20: False
23:48:11 | INFO     | fetch_bulk_history_yf:110 -   DEBUG days_stale=0 <= 5: True
23:48:11 | INFO     | fetch_bulk_history_yf:111 -   DEBUG BOTH conditions met: False
23:48:11 | INFO     | fetch_bulk_history_yf:113 -   price_history_yf cache: 0 sufficient | 500 need yfinance
23:48:11 | INFO     | fetch_bulk_history_yf:141 -   Fetching 500 symbols from yfinance...
23:48:31 | INFO     | fetch_bulk_history_yf:205 -   Caching 153301 rows to price_history_yf...
23:48:53 | INFO     | fetch_bulk_history_yf:211 -   Cached successfully
23:48:53 | INFO     | fetch_bulk_history_yf:226 -   fetch_bulk_history: 500 symbols | 153301 total sessions | 500 fetched from yfinance
23:48:54 | INFO     | __main__:214 -   Upcoming events: 196 symbols with events in next 30d
23:48:54 | INFO     | __main__:240 -   MSL symbols: 23 in shortlist
23:48:54 | INFO     | __main__:268 -   Index membership: 598 symbols mapped
23:48:54 | INFO     | __main__:307 -   raw_prices: 1000 symbols with delivery/value data
23:48:54 | INFO     | __main__:814 -   Nifty 1M return: 4.0359%
23:48:54 | INFO     | __main__:818 -   Field trust overrides: {'pct_change': 'COMPUTE_ALWAYS'}
23:48:54 | INFO     | __main__:821 - Pass 2: computing and reconciling...
23:48:54 | INFO     | __main__:871 - =================================================================
23:48:54 | INFO     | __main__:872 - COMPUTE INDICATORS SUMMARY — 2026-04-17 — HYBRID
23:48:54 | INFO     | __main__:873 -   Symbols: 500 processed | 0 skipped
23:48:54 | INFO     | __main__:875 -   COMPUTE_ALWAYS (verified fields):      500 decisions
23:48:54 | INFO     | __main__:876 -   COMPUTED_MATCH (within tolerance):   34765 decisions
23:48:54 | INFO     | __main__:877 -   COMPUTED_ONLY  (sheet was NULL):         0 decisions
23:48:54 | INFO     | __main__:878 -   SHEET_ALWAYS   (confirmed diff basis):    0 decisions
23:48:54 | INFO     | __main__:880 -   DIVERGED (using sheet, needs review): 24 field types
23:48:54 | INFO     | __main__:881 -   Field                           Avg delta   Symbols  Action
23:48:54 | INFO     | __main__:882 -   -----------------------------------------------------------------
23:48:54 | INFO     | __main__:886 -   ret_12m                            233.5%       308  → set SHEET_ALWAYS
23:48:54 | INFO     | __main__:886 -   ret_6m                             164.4%       280  → set SHEET_ALWAYS
23:48:54 | INFO     | __main__:886 -   ret_3m                             125.5%       229  → set SHEET_ALWAYS
23:48:54 | INFO     | __main__:886 -   breakout_setup                     100.0%        16  → set SHEET_ALWAYS
23:48:54 | INFO     | __main__:886 -   wk_hi_high                         100.0%        29  → set SHEET_ALWAYS
23:48:54 | INFO     | __main__:886 -   low_30d                            100.0%         5  → set SHEET_ALWAYS
23:48:54 | INFO     | __main__:886 -   sma50_gt_200                       100.0%         1  → set SHEET_ALWAYS
23:48:54 | INFO     | __main__:886 -   above_sma50                        100.0%         6  → set SHEET_ALWAYS
23:48:54 | INFO     | __main__:886 -   wk_hi_low                          100.0%         4  → set SHEET_ALWAYS
23:48:54 | INFO     | __main__:886 -   bk_trigger                         100.0%         5  → set SHEET_ALWAYS
23:48:54 | INFO     | __main__:886 -   ret_1m                              81.4%        44  → set SHEET_ALWAYS
23:48:54 | INFO     | __main__:886 -   dist_sma50                          52.0%       101  → set SHEET_ALWAYS
23:48:54 | INFO     | __main__:886 -   ret_1w                              48.9%        82  → set SHEET_ALWAYS
23:48:54 | INFO     | __main__:886 -   sma_50                              41.7%         2  → set SHEET_ALWAYS
23:48:54 | INFO     | __main__:886 -   sma_200                             39.8%         3  → set SHEET_ALWAYS
23:48:54 | INFO     | __main__:886 -   sma_20                              39.0%         1  → set SHEET_ALWAYS
23:48:54 | INFO     | __main__:886 -   low_52w                             26.2%       398  → set SHEET_ALWAYS
23:48:54 | INFO     | __main__:886 -   high_52w                            24.0%       460  → set SHEET_ALWAYS
23:48:54 | INFO     | __main__:886 -   consol_range                        23.5%       311  → set SHEET_ALWAYS
23:48:54 | INFO     | __main__:886 -   price_12m_ago                       18.3%        35  → set SHEET_ALWAYS
23:48:54 | INFO     | __main__:886 -   close_30d                           16.9%        88  → set SHEET_ALWAYS
23:48:54 | INFO     | __main__:886 -   price_6m_ago                        14.1%         4  → investigate formula
23:48:54 | INFO     | __main__:886 -   high_30d                             3.6%       155  → investigate formula
23:48:54 | INFO     | __main__:886 -   current_price                        2.1%         1  → investigate formula
23:48:54 | INFO     | __main__:890 - 
23:48:54 | INFO     | __main__:891 -   To graduate a verified field to COMPUTE_ALWAYS:
23:48:54 | INFO     | __main__:892 -   UPDATE system_config SET value='COMPUTE_ALWAYS'
23:48:54 | INFO     | __main__:893 -     WHERE key='compute_trust_<field_name>';
23:48:54 | INFO     | __main__:896 - =================================================================
23:48:54 | INFO     | __main__:912 - Pass 3: writing 500 rows to stock_data_daily...
23:48:55 | SUCCESS  | __main__:920 - compute_indicators: 500 written | 0 skipped | 24 diverged field types requiring review
23:51:09 | INFO     | config:187 - TradeOS v6 config loaded | Capital=₹200,000 | DRY_RUN=False | Phase=2
23:51:09 | INFO     | __main__:785 - compute_indicators v2.1 — 2026-04-19 — HYBRID
23:51:09 | INFO     | __main__:764 -   Resolved trading date: 2026-04-19 → 2026-04-17
23:51:09 | INFO     | __main__:798 - Pass 1: bulk data fetch...
23:51:09 | INFO     | __main__:146 -   chartink_raw_data: 500 rows
23:51:10 | INFO     | __main__:153 -   stock_data_daily (sheet baseline): 500 rows
23:51:10 | INFO     | fetch_bulk_history_yf:64 -   fetch_bulk_history: checking price_history_yf cache (500 symbols)...
23:51:15 | INFO     | fetch_bulk_history_yf:124 -   price_history_yf cache: 500 sufficient | 0 need yfinance
23:51:16 | INFO     | fetch_bulk_history_yf:237 -   fetch_bulk_history: 500 symbols | 5000 total sessions | 0 fetched from yfinance
23:51:16 | INFO     | __main__:214 -   Upcoming events: 196 symbols with events in next 30d
23:51:16 | INFO     | __main__:240 -   MSL symbols: 23 in shortlist
23:51:16 | INFO     | __main__:268 -   Index membership: 598 symbols mapped
23:51:16 | INFO     | __main__:307 -   raw_prices: 1000 symbols with delivery/value data
23:51:16 | INFO     | __main__:814 -   Nifty 1M return: 4.0359%
23:51:16 | INFO     | __main__:818 -   Field trust overrides: {'pct_change': 'COMPUTE_ALWAYS'}
23:51:16 | INFO     | __main__:821 - Pass 2: computing and reconciling...
23:51:16 | INFO     | __main__:871 - =================================================================
23:51:16 | INFO     | __main__:872 - COMPUTE INDICATORS SUMMARY — 2026-04-17 — HYBRID
23:51:16 | INFO     | __main__:873 -   Symbols: 500 processed | 0 skipped
23:51:16 | INFO     | __main__:875 -   COMPUTE_ALWAYS (verified fields):      500 decisions
23:51:16 | INFO     | __main__:876 -   COMPUTED_MATCH (within tolerance):   30549 decisions
23:51:16 | INFO     | __main__:877 -   COMPUTED_ONLY  (sheet was NULL):         0 decisions
23:51:16 | INFO     | __main__:878 -   SHEET_ALWAYS   (confirmed diff basis):    0 decisions
23:51:16 | INFO     | __main__:880 -   DIVERGED (using sheet, needs review): 13 field types
23:51:16 | INFO     | __main__:881 -   Field                           Avg delta   Symbols  Action
23:51:16 | INFO     | __main__:882 -   -----------------------------------------------------------------
23:51:16 | INFO     | __main__:886 -   ret_1w                             116.7%       361  → set SHEET_ALWAYS
23:51:16 | INFO     | __main__:886 -   sma50_gt_200                       100.0%         1  → set SHEET_ALWAYS
23:51:16 | INFO     | __main__:886 -   above_sma50                        100.0%         6  → set SHEET_ALWAYS
23:51:16 | INFO     | __main__:886 -   dist_sma50                          52.0%       101  → set SHEET_ALWAYS
23:51:16 | INFO     | __main__:886 -   sma_50                              41.7%         2  → set SHEET_ALWAYS
23:51:16 | INFO     | __main__:886 -   sma_200                             39.8%         3  → set SHEET_ALWAYS
23:51:16 | INFO     | __main__:886 -   sma_20                              39.0%         1  → set SHEET_ALWAYS
23:51:16 | INFO     | __main__:886 -   consol_range                        30.6%       340  → set SHEET_ALWAYS
23:51:16 | INFO     | __main__:886 -   low_52w                             26.2%       398  → set SHEET_ALWAYS
23:51:16 | INFO     | __main__:886 -   high_52w                            24.0%       460  → set SHEET_ALWAYS
23:51:16 | INFO     | __main__:886 -   low_30d                             23.3%        45  → set SHEET_ALWAYS
23:51:16 | INFO     | __main__:886 -   high_30d                             6.8%       179  → investigate formula
23:51:16 | INFO     | __main__:886 -   current_price                        2.1%         1  → investigate formula
23:51:16 | INFO     | __main__:890 - 
23:51:16 | INFO     | __main__:891 -   To graduate a verified field to COMPUTE_ALWAYS:
23:51:16 | INFO     | __main__:892 -   UPDATE system_config SET value='COMPUTE_ALWAYS'
23:51:16 | INFO     | __main__:893 -     WHERE key='compute_trust_<field_name>';
23:51:16 | INFO     | __main__:896 - =================================================================
23:51:16 | INFO     | __main__:912 - Pass 3: writing 500 rows to stock_data_daily...
23:51:17 | SUCCESS  | __main__:920 - compute_indicators: 500 written | 0 skipped | 13 diverged field types requiring review
23:52:19 | INFO     | config:187 - TradeOS v6 config loaded | Capital=₹200,000 | DRY_RUN=False | Phase=2
23:52:19 | INFO     | __main__:785 - compute_indicators v2.1 — 2026-04-19 — HYBRID
23:52:19 | INFO     | __main__:764 -   Resolved trading date: 2026-04-19 → 2026-04-17
23:52:19 | INFO     | __main__:798 - Pass 1: bulk data fetch...
23:52:19 | INFO     | __main__:146 -   chartink_raw_data: 500 rows
23:52:20 | INFO     | __main__:153 -   stock_data_daily (sheet baseline): 500 rows
23:52:20 | INFO     | fetch_bulk_history_yf:64 -   fetch_bulk_history: checking price_history_yf cache (500 symbols)...
23:52:21 | INFO     | fetch_bulk_history_yf:109 -   price_history_yf cache: 500 sufficient | 0 need yfinance
23:52:22 | INFO     | fetch_bulk_history_yf:222 -   fetch_bulk_history: 500 symbols | 5000 total sessions | 0 fetched from yfinance
23:52:22 | INFO     | __main__:214 -   Upcoming events: 196 symbols with events in next 30d
23:52:22 | INFO     | __main__:240 -   MSL symbols: 23 in shortlist
23:52:22 | INFO     | __main__:268 -   Index membership: 598 symbols mapped
23:52:22 | INFO     | __main__:307 -   raw_prices: 1000 symbols with delivery/value data
23:52:22 | INFO     | __main__:814 -   Nifty 1M return: 4.0359%
23:52:22 | INFO     | __main__:818 -   Field trust overrides: {'pct_change': 'COMPUTE_ALWAYS'}
23:52:22 | INFO     | __main__:821 - Pass 2: computing and reconciling...
23:52:22 | INFO     | __main__:871 - =================================================================
23:52:22 | INFO     | __main__:872 - COMPUTE INDICATORS SUMMARY — 2026-04-17 — HYBRID
23:52:22 | INFO     | __main__:873 -   Symbols: 500 processed | 0 skipped
23:52:22 | INFO     | __main__:875 -   COMPUTE_ALWAYS (verified fields):      500 decisions
23:52:22 | INFO     | __main__:876 -   COMPUTED_MATCH (within tolerance):   30549 decisions
23:52:22 | INFO     | __main__:877 -   COMPUTED_ONLY  (sheet was NULL):         0 decisions
23:52:22 | INFO     | __main__:878 -   SHEET_ALWAYS   (confirmed diff basis):    0 decisions
23:52:22 | INFO     | __main__:880 -   DIVERGED (using sheet, needs review): 13 field types
23:52:22 | INFO     | __main__:881 -   Field                           Avg delta   Symbols  Action
23:52:22 | INFO     | __main__:882 -   -----------------------------------------------------------------
23:52:22 | INFO     | __main__:886 -   ret_1w                             116.7%       361  → set SHEET_ALWAYS
23:52:22 | INFO     | __main__:886 -   sma50_gt_200                       100.0%         1  → set SHEET_ALWAYS
23:52:22 | INFO     | __main__:886 -   above_sma50                        100.0%         6  → set SHEET_ALWAYS
23:52:22 | INFO     | __main__:886 -   dist_sma50                          52.0%       101  → set SHEET_ALWAYS
23:52:22 | INFO     | __main__:886 -   sma_50                              41.7%         2  → set SHEET_ALWAYS
23:52:22 | INFO     | __main__:886 -   sma_200                             39.8%         3  → set SHEET_ALWAYS
23:52:22 | INFO     | __main__:886 -   sma_20                              39.0%         1  → set SHEET_ALWAYS
23:52:22 | INFO     | __main__:886 -   consol_range                        30.6%       340  → set SHEET_ALWAYS
23:52:22 | INFO     | __main__:886 -   low_52w                             26.2%       398  → set SHEET_ALWAYS
23:52:22 | INFO     | __main__:886 -   high_52w                            24.0%       460  → set SHEET_ALWAYS
23:52:22 | INFO     | __main__:886 -   low_30d                             23.3%        45  → set SHEET_ALWAYS
23:52:22 | INFO     | __main__:886 -   high_30d                             6.8%       179  → investigate formula
23:52:22 | INFO     | __main__:886 -   current_price                        2.1%         1  → investigate formula
23:52:22 | INFO     | __main__:890 - 
23:52:22 | INFO     | __main__:891 -   To graduate a verified field to COMPUTE_ALWAYS:
23:52:22 | INFO     | __main__:892 -   UPDATE system_config SET value='COMPUTE_ALWAYS'
23:52:22 | INFO     | __main__:893 -     WHERE key='compute_trust_<field_name>';
23:52:22 | INFO     | __main__:896 - =================================================================
23:52:22 | INFO     | __main__:912 - Pass 3: writing 500 rows to stock_data_daily...
23:52:23 | SUCCESS  | __main__:920 - compute_indicators: 500 written | 0 skipped | 13 diverged field types requiring review
23:54:55 | INFO     | config:187 - TradeOS v6 config loaded | Capital=₹200,000 | DRY_RUN=False | Phase=2
23:54:55 | INFO     | __main__:785 - compute_indicators v2.1 — 2026-04-19 — HYBRID
23:54:55 | INFO     | __main__:764 -   Resolved trading date: 2026-04-19 → 2026-04-17
23:54:55 | INFO     | __main__:798 - Pass 1: bulk data fetch...
23:54:55 | INFO     | __main__:146 -   chartink_raw_data: 500 rows
23:54:56 | INFO     | __main__:153 -   stock_data_daily (sheet baseline): 500 rows
23:54:56 | INFO     | fetch_bulk_history_yf:64 -   fetch_bulk_history: checking price_history_yf cache (500 symbols)...
23:54:57 | INFO     | fetch_bulk_history_yf:109 -   price_history_yf cache: 0 sufficient | 500 need yfinance
23:54:57 | INFO     | fetch_bulk_history_yf:139 -   Fetching 500 symbols from yfinance...
23:55:17 | INFO     | fetch_bulk_history_yf:203 -   Caching 153301 rows to price_history_yf...
23:55:41 | INFO     | fetch_bulk_history_yf:209 -   Cached successfully
23:55:41 | INFO     | fetch_bulk_history_yf:224 -   fetch_bulk_history: 500 symbols | 153301 total sessions | 500 fetched from yfinance
23:55:41 | INFO     | __main__:214 -   Upcoming events: 196 symbols with events in next 30d
23:55:41 | INFO     | __main__:240 -   MSL symbols: 23 in shortlist
23:55:42 | INFO     | __main__:268 -   Index membership: 598 symbols mapped
23:55:42 | INFO     | __main__:307 -   raw_prices: 1000 symbols with delivery/value data
23:55:42 | INFO     | __main__:814 -   Nifty 1M return: 4.0359%
23:55:42 | INFO     | __main__:818 -   Field trust overrides: {'pct_change': 'COMPUTE_ALWAYS'}
23:55:42 | INFO     | __main__:821 - Pass 2: computing and reconciling...
23:55:42 | INFO     | __main__:871 - =================================================================
23:55:42 | INFO     | __main__:872 - COMPUTE INDICATORS SUMMARY — 2026-04-17 — HYBRID
23:55:42 | INFO     | __main__:873 -   Symbols: 500 processed | 0 skipped
23:55:42 | INFO     | __main__:875 -   COMPUTE_ALWAYS (verified fields):      500 decisions
23:55:42 | INFO     | __main__:876 -   COMPUTED_MATCH (within tolerance):   34767 decisions
23:55:42 | INFO     | __main__:877 -   COMPUTED_ONLY  (sheet was NULL):         0 decisions
23:55:42 | INFO     | __main__:878 -   SHEET_ALWAYS   (confirmed diff basis):    0 decisions
23:55:42 | INFO     | __main__:880 -   DIVERGED (using sheet, needs review): 24 field types
23:55:42 | INFO     | __main__:881 -   Field                           Avg delta   Symbols  Action
23:55:42 | INFO     | __main__:882 -   -----------------------------------------------------------------
23:55:42 | INFO     | __main__:886 -   ret_12m                            233.5%       308  → set SHEET_ALWAYS
23:55:42 | INFO     | __main__:886 -   ret_6m                             164.4%       280  → set SHEET_ALWAYS
23:55:42 | INFO     | __main__:886 -   ret_3m                             125.5%       229  → set SHEET_ALWAYS
23:55:42 | INFO     | __main__:886 -   breakout_setup                     100.0%        16  → set SHEET_ALWAYS
23:55:42 | INFO     | __main__:886 -   wk_hi_high                         100.0%        29  → set SHEET_ALWAYS
23:55:42 | INFO     | __main__:886 -   low_30d                            100.0%         5  → set SHEET_ALWAYS
23:55:42 | INFO     | __main__:886 -   sma50_gt_200                       100.0%         1  → set SHEET_ALWAYS
23:55:42 | INFO     | __main__:886 -   above_sma50                        100.0%         6  → set SHEET_ALWAYS
23:55:42 | INFO     | __main__:886 -   wk_hi_low                          100.0%         4  → set SHEET_ALWAYS
23:55:42 | INFO     | __main__:886 -   bk_trigger                         100.0%         5  → set SHEET_ALWAYS
23:55:42 | INFO     | __main__:886 -   ret_1m                              81.4%        44  → set SHEET_ALWAYS
23:55:42 | INFO     | __main__:886 -   dist_sma50                          52.0%       101  → set SHEET_ALWAYS
23:55:42 | INFO     | __main__:886 -   ret_1w                              48.3%        83  → set SHEET_ALWAYS
23:55:42 | INFO     | __main__:886 -   sma_50                              41.7%         2  → set SHEET_ALWAYS
23:55:42 | INFO     | __main__:886 -   sma_200                             39.8%         3  → set SHEET_ALWAYS
23:55:42 | INFO     | __main__:886 -   sma_20                              39.0%         1  → set SHEET_ALWAYS
23:55:42 | INFO     | __main__:886 -   low_52w                             26.2%       398  → set SHEET_ALWAYS
23:55:42 | INFO     | __main__:886 -   high_52w                            24.0%       460  → set SHEET_ALWAYS
23:55:42 | INFO     | __main__:886 -   consol_range                        23.7%       309  → set SHEET_ALWAYS
23:55:42 | INFO     | __main__:886 -   price_12m_ago                       18.3%        35  → set SHEET_ALWAYS
23:55:42 | INFO     | __main__:886 -   close_30d                           16.9%        88  → set SHEET_ALWAYS
23:55:42 | INFO     | __main__:886 -   price_6m_ago                        14.1%         4  → investigate formula
23:55:42 | INFO     | __main__:886 -   high_30d                             3.6%       154  → investigate formula
23:55:42 | INFO     | __main__:886 -   current_price                        2.1%         1  → investigate formula
23:55:42 | INFO     | __main__:890 - 
23:55:42 | INFO     | __main__:891 -   To graduate a verified field to COMPUTE_ALWAYS:
23:55:42 | INFO     | __main__:892 -   UPDATE system_config SET value='COMPUTE_ALWAYS'
23:55:42 | INFO     | __main__:893 -     WHERE key='compute_trust_<field_name>';
23:55:42 | INFO     | __main__:896 - =================================================================
23:55:42 | INFO     | __main__:912 - Pass 3: writing 500 rows to stock_data_daily...
23:55:43 | SUCCESS  | __main__:920 - compute_indicators: 500 written | 0 skipped | 24 diverged field types requiring review
23:56:47 | INFO     | config:187 - TradeOS v6 config loaded | Capital=₹200,000 | DRY_RUN=False | Phase=2
23:56:47 | INFO     | __main__:785 - compute_indicators v2.1 — 2026-04-19 — HYBRID
23:56:47 | INFO     | __main__:764 -   Resolved trading date: 2026-04-19 → 2026-04-17
23:56:47 | INFO     | __main__:798 - Pass 1: bulk data fetch...
23:56:47 | INFO     | __main__:146 -   chartink_raw_data: 500 rows
23:56:47 | INFO     | __main__:153 -   stock_data_daily (sheet baseline): 500 rows
23:56:47 | INFO     | fetch_bulk_history_yf:64 -   fetch_bulk_history: checking price_history_yf cache (500 symbols)...
23:56:50 | INFO     | fetch_bulk_history_yf:109 -   price_history_yf cache: 500 sufficient | 0 need yfinance
23:56:52 | INFO     | fetch_bulk_history_yf:224 -   fetch_bulk_history: 500 symbols | 25000 total sessions | 0 fetched from yfinance
23:56:52 | INFO     | __main__:214 -   Upcoming events: 196 symbols with events in next 30d
23:56:52 | INFO     | __main__:240 -   MSL symbols: 23 in shortlist
23:56:53 | INFO     | __main__:268 -   Index membership: 598 symbols mapped
23:56:53 | INFO     | __main__:307 -   raw_prices: 1000 symbols with delivery/value data
23:56:53 | INFO     | __main__:814 -   Nifty 1M return: 4.0359%
23:56:53 | INFO     | __main__:818 -   Field trust overrides: {'pct_change': 'COMPUTE_ALWAYS'}
23:56:53 | INFO     | __main__:821 - Pass 2: computing and reconciling...
23:56:53 | INFO     | __main__:871 - =================================================================
23:56:53 | INFO     | __main__:872 - COMPUTE INDICATORS SUMMARY — 2026-04-17 — HYBRID
23:56:53 | INFO     | __main__:873 -   Symbols: 500 processed | 0 skipped
23:56:53 | INFO     | __main__:875 -   COMPUTE_ALWAYS (verified fields):      500 decisions
23:56:53 | INFO     | __main__:876 -   COMPUTED_MATCH (within tolerance):   33215 decisions
23:56:53 | INFO     | __main__:877 -   COMPUTED_ONLY  (sheet was NULL):         0 decisions
23:56:53 | INFO     | __main__:878 -   SHEET_ALWAYS   (confirmed diff basis):    0 decisions
23:56:53 | INFO     | __main__:880 -   DIVERGED (using sheet, needs review): 19 field types
23:56:53 | INFO     | __main__:881 -   Field                           Avg delta   Symbols  Action
23:56:53 | INFO     | __main__:882 -   -----------------------------------------------------------------
23:56:53 | INFO     | __main__:886 -   breakout_setup                     100.0%        16  → set SHEET_ALWAYS
23:56:53 | INFO     | __main__:886 -   wk_hi_high                         100.0%        29  → set SHEET_ALWAYS
23:56:53 | INFO     | __main__:886 -   low_30d                            100.0%         5  → set SHEET_ALWAYS
23:56:53 | INFO     | __main__:886 -   sma50_gt_200                       100.0%         1  → set SHEET_ALWAYS
23:56:53 | INFO     | __main__:886 -   above_sma50                        100.0%         6  → set SHEET_ALWAYS
23:56:53 | INFO     | __main__:886 -   wk_hi_low                          100.0%         4  → set SHEET_ALWAYS
23:56:53 | INFO     | __main__:886 -   bk_trigger                         100.0%         5  → set SHEET_ALWAYS
23:56:53 | INFO     | __main__:886 -   ret_1m                              81.4%        44  → set SHEET_ALWAYS
23:56:53 | INFO     | __main__:886 -   dist_sma50                          52.0%       101  → set SHEET_ALWAYS
23:56:53 | INFO     | __main__:886 -   ret_1w                              48.3%        83  → set SHEET_ALWAYS
23:56:53 | INFO     | __main__:886 -   sma_50                              41.7%         2  → set SHEET_ALWAYS
23:56:53 | INFO     | __main__:886 -   sma_200                             39.8%         3  → set SHEET_ALWAYS
23:56:53 | INFO     | __main__:886 -   sma_20                              39.0%         1  → set SHEET_ALWAYS
23:56:53 | INFO     | __main__:886 -   low_52w                             26.2%       398  → set SHEET_ALWAYS
23:56:53 | INFO     | __main__:886 -   high_52w                            24.0%       460  → set SHEET_ALWAYS
23:56:53 | INFO     | __main__:886 -   consol_range                        23.7%       309  → set SHEET_ALWAYS
23:56:53 | INFO     | __main__:886 -   close_30d                           16.9%        88  → set SHEET_ALWAYS
23:56:53 | INFO     | __main__:886 -   high_30d                             3.6%       154  → investigate formula
23:56:53 | INFO     | __main__:886 -   current_price                        2.1%         1  → investigate formula
23:56:53 | INFO     | __main__:890 - 
23:56:53 | INFO     | __main__:891 -   To graduate a verified field to COMPUTE_ALWAYS:
23:56:53 | INFO     | __main__:892 -   UPDATE system_config SET value='COMPUTE_ALWAYS'
23:56:53 | INFO     | __main__:893 -     WHERE key='compute_trust_<field_name>';
23:56:53 | INFO     | __main__:896 - =================================================================
23:56:53 | INFO     | __main__:912 - Pass 3: writing 500 rows to stock_data_daily...
23:56:54 | SUCCESS  | __main__:920 - compute_indicators: 500 written | 0 skipped | 19 diverged field types requiring review
23:58:49 | INFO     | config:187 - TradeOS v6 config loaded | Capital=₹200,000 | DRY_RUN=False | Phase=2
23:58:49 | INFO     | __main__:785 - compute_indicators v2.1 — 2026-04-19 — HYBRID
23:58:49 | INFO     | __main__:764 -   Resolved trading date: 2026-04-19 → 2026-04-17
23:58:49 | INFO     | __main__:798 - Pass 1: bulk data fetch...
23:58:49 | INFO     | __main__:146 -   chartink_raw_data: 500 rows
23:58:50 | INFO     | __main__:153 -   stock_data_daily (sheet baseline): 500 rows
23:58:50 | INFO     | fetch_bulk_history_yf:64 -   fetch_bulk_history: checking price_history_yf cache (500 symbols)...
23:58:52 | INFO     | fetch_bulk_history_yf:109 -   price_history_yf cache: 500 sufficient | 0 need yfinance
23:58:53 | INFO     | fetch_bulk_history_yf:224 -   fetch_bulk_history: 500 symbols | 25000 total sessions | 0 fetched from yfinance
23:58:53 | INFO     | __main__:214 -   Upcoming events: 196 symbols with events in next 30d
23:58:53 | INFO     | __main__:240 -   MSL symbols: 23 in shortlist
23:58:53 | INFO     | __main__:268 -   Index membership: 598 symbols mapped
23:58:53 | INFO     | __main__:307 -   raw_prices: 1000 symbols with delivery/value data
23:58:53 | INFO     | __main__:814 -   Nifty 1M return: 4.0359%
23:58:53 | INFO     | __main__:818 -   Field trust overrides: {'pct_change': 'COMPUTE_ALWAYS'}
23:58:53 | INFO     | __main__:821 - Pass 2: computing and reconciling...
23:58:54 | INFO     | __main__:871 - =================================================================
23:58:54 | INFO     | __main__:872 - COMPUTE INDICATORS SUMMARY — 2026-04-17 — HYBRID
23:58:54 | INFO     | __main__:873 -   Symbols: 500 processed | 0 skipped
23:58:54 | INFO     | __main__:875 -   COMPUTE_ALWAYS (verified fields):      500 decisions
23:58:54 | INFO     | __main__:876 -   COMPUTED_MATCH (within tolerance):   33215 decisions
23:58:54 | INFO     | __main__:877 -   COMPUTED_ONLY  (sheet was NULL):         0 decisions
23:58:54 | INFO     | __main__:878 -   SHEET_ALWAYS   (confirmed diff basis):    0 decisions
23:58:54 | INFO     | __main__:880 -   DIVERGED (using sheet, needs review): 19 field types
23:58:54 | INFO     | __main__:881 -   Field                           Avg delta   Symbols  Action
23:58:54 | INFO     | __main__:882 -   -----------------------------------------------------------------
23:58:54 | INFO     | __main__:886 -   breakout_setup                     100.0%        16  → set SHEET_ALWAYS
23:58:54 | INFO     | __main__:886 -   wk_hi_high                         100.0%        29  → set SHEET_ALWAYS
23:58:54 | INFO     | __main__:886 -   low_30d                            100.0%         5  → set SHEET_ALWAYS
23:58:54 | INFO     | __main__:886 -   sma50_gt_200                       100.0%         1  → set SHEET_ALWAYS
23:58:54 | INFO     | __main__:886 -   above_sma50                        100.0%         6  → set SHEET_ALWAYS
23:58:54 | INFO     | __main__:886 -   wk_hi_low                          100.0%         4  → set SHEET_ALWAYS
23:58:54 | INFO     | __main__:886 -   bk_trigger                         100.0%         5  → set SHEET_ALWAYS
23:58:54 | INFO     | __main__:886 -   ret_1m                              81.4%        44  → set SHEET_ALWAYS
23:58:54 | INFO     | __main__:886 -   dist_sma50                          52.0%       101  → set SHEET_ALWAYS
23:58:54 | INFO     | __main__:886 -   ret_1w                              48.3%        83  → set SHEET_ALWAYS
23:58:54 | INFO     | __main__:886 -   sma_50                              41.7%         2  → set SHEET_ALWAYS
23:58:54 | INFO     | __main__:886 -   sma_200                             39.8%         3  → set SHEET_ALWAYS
23:58:54 | INFO     | __main__:886 -   sma_20                              39.0%         1  → set SHEET_ALWAYS
23:58:54 | INFO     | __main__:886 -   low_52w                             26.2%       398  → set SHEET_ALWAYS
23:58:54 | INFO     | __main__:886 -   high_52w                            24.0%       460  → set SHEET_ALWAYS
23:58:54 | INFO     | __main__:886 -   consol_range                        23.7%       309  → set SHEET_ALWAYS
23:58:54 | INFO     | __main__:886 -   close_30d                           16.9%        88  → set SHEET_ALWAYS
23:58:54 | INFO     | __main__:886 -   high_30d                             3.6%       154  → investigate formula
23:58:54 | INFO     | __main__:886 -   current_price                        2.1%         1  → investigate formula
23:58:54 | INFO     | __main__:890 - 
23:58:54 | INFO     | __main__:891 -   To graduate a verified field to COMPUTE_ALWAYS:
23:58:54 | INFO     | __main__:892 -   UPDATE system_config SET value='COMPUTE_ALWAYS'
23:58:54 | INFO     | __main__:893 -     WHERE key='compute_trust_<field_name>';
23:58:54 | INFO     | __main__:896 - =================================================================
23:58:54 | INFO     | __main__:912 - Pass 3: writing 500 rows to stock_data_daily...
23:58:56 | SUCCESS  | __main__:920 - compute_indicators: 500 written | 0 skipped | 19 diverged field types requiring review
23:59:44 | INFO     | config:187 - TradeOS v6 config loaded | Capital=₹200,000 | DRY_RUN=False | Phase=2
