00:17:22 | INFO     | backend.config:187 - TradeOS v6 config loaded | Capital=₹200,000 | DRY_RUN=True | Phase=2
00:18:00 | INFO     | config:187 - TradeOS v6 config loaded | Capital=₹200,000 | DRY_RUN=True | Phase=2
00:18:01 | INFO     | __main__:751 - compute_indicators v2.1 — 2026-04-29 — COMPUTE_ONLY [DRY RUN]
00:18:01 | INFO     | __main__:730 -   Resolved trading date: 2026-04-29 → 2026-04-28
00:18:01 | INFO     | __main__:764 - Pass 1: bulk data fetch...
00:18:01 | INFO     | __main__:144 -   chartink_raw_data: 500 rows
00:18:01 | INFO     | fetch_bulk_history_yf:64 -   fetch_bulk_history: checking price_history_yf cache (500 symbols)...
00:18:03 | INFO     | fetch_bulk_history_yf:110 -   price_history_yf cache: 0 have base | 0 tail-refresh | 500 full fetch
00:18:03 | INFO     | fetch_bulk_history_yf:115 -   price_history_yf cache: 0 sufficient | 500 need yfinance
00:18:03 | INFO     | fetch_bulk_history_yf:146 -   Fetching 500 full + 0 tail symbols from yfinance...
00:23:19 | INFO     | config:187 - TradeOS v6 config loaded | Capital=₹200,000 | DRY_RUN=True | Phase=2
00:23:20 | INFO     | __main__:760 - compute_indicators v2.1 — 2026-04-29 — COMPUTE_ONLY [DRY RUN]
00:23:20 | INFO     | __main__:739 -   Resolved trading date: 2026-04-29 → 2026-04-28
00:23:20 | INFO     | __main__:773 - Pass 1: bulk data fetch...
00:23:20 | INFO     | __main__:153 -   chartink_raw_data: 500 rows
00:23:20 | INFO     | fetch_bulk_history_yf:64 -   fetch_bulk_history: checking price_history_yf cache (500 symbols)...
00:46:56 | INFO     | config:187 - TradeOS v6 config loaded | Capital=₹200,000 | DRY_RUN=True | Phase=2
00:49:30 | INFO     | config:187 - TradeOS v6 config loaded | Capital=₹200,000 | DRY_RUN=True | Phase=2
00:49:30 | INFO     | __main__:774 - compute_indicators v2.1 — 2026-04-29 — COMPUTE_ONLY [DRY RUN]
00:49:31 | INFO     | __main__:753 -   Resolved trading date: 2026-04-29 → 2026-04-28
00:49:31 | INFO     | __main__:787 - Pass 1: bulk data fetch...
00:49:31 | INFO     | __main__:167 -   chartink_raw_data: 500 rows
00:49:31 | INFO     | fetch_bulk_history_yf_module:64 -   fetch_bulk_history: checking price_history_yf cache (500 symbols)...
01:05:40 | INFO     | config:187 - TradeOS v6 config loaded | Capital=₹200,000 | DRY_RUN=True | Phase=2
01:05:41 | INFO     | __main__:774 - compute_indicators v2.1 — 2026-04-29 — HYBRID [DRY RUN]
01:05:41 | INFO     | __main__:753 -   Resolved trading date: 2026-04-29 → 2026-04-28
01:05:41 | INFO     | __main__:787 - Pass 1: bulk data fetch...
01:05:41 | INFO     | __main__:167 -   chartink_raw_data: 500 rows
01:05:41 | INFO     | __main__:174 -   stock_data_daily (sheet baseline): 0 rows
01:05:41 | INFO     | fetch_bulk_history_yf_module:64 -   fetch_bulk_history: checking price_history_yf cache (500 symbols)...
01:22:01 | INFO     | config:187 - TradeOS v6 config loaded | Capital=₹200,000 | DRY_RUN=True | Phase=2
01:22:02 | INFO     | __main__:925 - compute_indicators v2.2 — 2026-04-29 — COMPUTE_ONLY [DRY RUN]
01:22:03 | INFO     | __main__:905 -   Resolved trading date: 2026-04-29 → 2026-04-28
01:22:03 | INFO     | __main__:938 - Pass 1: bulk data fetch...
01:22:03 | INFO     | __main__:389 -   chartink_raw_data: 500 rows
01:22:03 | INFO     | __main__:194 -   fetch_bulk_history_yf: checking price_history_yf cache (500 symbols)...
01:22:05 | INFO     | __main__:237 -   price_history_yf: 0 have base | 0 tail-refresh | 500 full fetch
01:22:05 | INFO     | __main__:269 -   yfinance: 500 full + 0 tail fetches...
01:43:30 | INFO     | config:187 - TradeOS v6 config loaded | Capital=₹200,000 | DRY_RUN=True | Phase=2
01:43:31 | INFO     | __main__:925 - compute_indicators v2.2 — 2026-04-29 — COMPUTE_ONLY [DRY RUN]
01:43:31 | INFO     | __main__:905 -   Resolved trading date: 2026-04-29 → 2026-04-28
01:43:31 | INFO     | __main__:938 - Pass 1: bulk data fetch...
01:43:31 | INFO     | __main__:389 -   chartink_raw_data: 500 rows
01:43:31 | INFO     | __main__:194 -   fetch_bulk_history_yf: checking price_history_yf cache (500 symbols)...
01:43:34 | INFO     | __main__:237 -   price_history_yf: 0 have base | 0 tail-refresh | 500 full fetch
01:43:34 | INFO     | __main__:269 -   yfinance: 500 full + 0 tail fetches...
01:43:50 | INFO     | __main__:375 -   fetch_bulk_history_yf: 500 symbols | 153580 total sessions | 500 fetched from yfinance
01:43:51 | INFO     | __main__:425 -   Upcoming events: 284 symbols with events in next 30d
01:43:51 | INFO     | __main__:449 -   MSL symbols: 33 in shortlist
01:43:51 | INFO     | __main__:473 -   Index membership: 598 symbols mapped
01:43:51 | INFO     | __main__:510 -   raw_prices: 1000 symbols with delivery/value data
01:43:51 | INFO     | __main__:954 -   Nifty 1M return: 0.9164%
01:43:51 | INFO     | __main__:961 - Pass 2: computing and reconciling...
01:43:51 | INFO     | __main__:1012 - =================================================================
01:43:51 | INFO     | __main__:1013 - COMPUTE INDICATORS SUMMARY — 2026-04-28 — COMPUTE_ONLY
01:43:51 | INFO     | __main__:1014 -   Symbols: 500 processed | 0 skipped
01:43:51 | INFO     | __main__:1038 - =================================================================
01:43:51 | INFO     | __main__:1044 - [DRY RUN] Sample AEGISLOG: always=None, match=None, only=None, diverged=None
01:53:53 | INFO     | config:187 - TradeOS v6 config loaded | Capital=₹200,000 | DRY_RUN=False | Phase=2
01:53:54 | INFO     | __main__:925 - compute_indicators v2.2 — 2026-04-29 — COMPUTE_ONLY
01:53:54 | INFO     | __main__:905 -   Resolved trading date: 2026-04-29 → 2026-04-28
01:53:54 | INFO     | __main__:938 - Pass 1: bulk data fetch...
01:53:54 | INFO     | __main__:389 -   chartink_raw_data: 500 rows
01:53:54 | INFO     | __main__:194 -   fetch_bulk_history_yf: checking price_history_yf cache (500 symbols)...
01:53:56 | INFO     | __main__:237 -   price_history_yf: 0 have base | 0 tail-refresh | 500 full fetch
01:53:56 | INFO     | __main__:269 -   yfinance: 500 full + 0 tail fetches...
01:54:14 | INFO     | __main__:357 -   Caching 153580 rows to price_history_yf...
01:54:40 | INFO     | __main__:363 -   Cached successfully
01:54:40 | INFO     | __main__:375 -   fetch_bulk_history_yf: 500 symbols | 153580 total sessions | 500 fetched from yfinance
01:54:40 | INFO     | __main__:425 -   Upcoming events: 284 symbols with events in next 30d
01:54:40 | INFO     | __main__:449 -   MSL symbols: 33 in shortlist
01:54:40 | INFO     | __main__:473 -   Index membership: 598 symbols mapped
01:54:40 | INFO     | __main__:510 -   raw_prices: 1000 symbols with delivery/value data
01:54:40 | INFO     | __main__:954 -   Nifty 1M return: 0.9164%
01:54:40 | INFO     | __main__:961 - Pass 2: computing and reconciling...
01:54:40 | INFO     | __main__:1012 - =================================================================
01:54:40 | INFO     | __main__:1013 - COMPUTE INDICATORS SUMMARY — 2026-04-28 — COMPUTE_ONLY
01:54:40 | INFO     | __main__:1014 -   Symbols: 500 processed | 0 skipped
01:54:40 | INFO     | __main__:1038 - =================================================================
01:54:40 | INFO     | __main__:1054 - Pass 3: writing 500 rows to stock_data_daily...
01:54:41 | SUCCESS  | __main__:1062 - compute_indicators: 500 written | 0 skipped | 0 diverged field types requiring review
01:56:56 | INFO     | config:187 - TradeOS v6 config loaded | Capital=₹200,000 | DRY_RUN=False | Phase=2
01:56:56 | INFO     | __main__:925 - compute_indicators v2.2 — 2026-04-29 — COMPUTE_ONLY
01:56:57 | INFO     | __main__:905 -   Resolved trading date: 2026-04-29 → 2026-04-28
01:56:57 | INFO     | __main__:938 - Pass 1: bulk data fetch...
01:56:57 | INFO     | __main__:389 -   chartink_raw_data: 500 rows
01:56:57 | INFO     | __main__:194 -   fetch_bulk_history_yf: checking price_history_yf cache (500 symbols)...
01:56:59 | INFO     | __main__:237 -   price_history_yf: 0 have base | 0 tail-refresh | 500 full fetch
01:56:59 | INFO     | __main__:269 -   yfinance: 500 full + 0 tail fetches...
02:12:51 | INFO     | config:187 - TradeOS v6 config loaded | Capital=₹200,000 | DRY_RUN=False | Phase=2
02:12:52 | INFO     | __main__:925 - compute_indicators v2.2 — 2026-04-29 — COMPUTE_ONLY
02:12:52 | INFO     | __main__:905 -   Resolved trading date: 2026-04-29 → 2026-04-28
02:12:52 | INFO     | __main__:938 - Pass 1: bulk data fetch...
02:12:52 | INFO     | __main__:389 -   chartink_raw_data: 500 rows
02:12:52 | INFO     | __main__:194 -   fetch_bulk_history_yf: checking price_history_yf cache (500 symbols)...
02:12:54 | INFO     | __main__:237 -   price_history_yf: 0 have base | 0 tail-refresh | 500 full fetch
02:12:54 | INFO     | __main__:269 -   yfinance: 500 full + 0 tail fetches...
02:13:13 | INFO     | __main__:357 -   Caching 153580 rows to price_history_yf...
02:13:47 | INFO     | __main__:363 -   Cached successfully
02:13:47 | INFO     | __main__:375 -   fetch_bulk_history_yf: 500 symbols | 153580 total sessions | 500 fetched from yfinance
02:13:47 | INFO     | __main__:425 -   Upcoming events: 284 symbols with events in next 30d
02:13:47 | INFO     | __main__:449 -   MSL symbols: 33 in shortlist
02:13:47 | INFO     | __main__:473 -   Index membership: 598 symbols mapped
02:13:47 | INFO     | __main__:510 -   raw_prices: 1000 symbols with delivery/value data
02:13:47 | INFO     | __main__:954 -   Nifty 1M return: 0.9164%
02:13:47 | INFO     | __main__:961 - Pass 2: computing and reconciling...
02:13:47 | INFO     | __main__:1012 - =================================================================
02:13:47 | INFO     | __main__:1013 - COMPUTE INDICATORS SUMMARY — 2026-04-28 — COMPUTE_ONLY
02:13:47 | INFO     | __main__:1014 -   Symbols: 500 processed | 0 skipped
02:13:47 | INFO     | __main__:1038 - =================================================================
02:13:47 | INFO     | __main__:1054 - Pass 3: writing 500 rows to stock_data_daily...
02:13:48 | SUCCESS  | __main__:1062 - compute_indicators: 500 written | 0 skipped | 0 diverged field types requiring review
14:18:34 | INFO     | config:187 - TradeOS v6 config loaded | Capital=₹200,000 | DRY_RUN=False | Phase=2
14:18:34 | INFO     | __main__:2280 - ======================================================================
14:18:34 | INFO     | __main__:2281 - STEP [14]: Compute MSL v3.0 | 2026-04-29 | mode=SHADOW
14:18:34 | INFO     | __main__:2285 - ======================================================================
14:18:34 | INFO     | __main__:2287 - Pass 1: loading data (9 bulk queries)...
14:18:34 | INFO     | __main__:287 -   Symbol source: msl_computed (screen_stocks shadow) — 106 symbols
14:18:34 | INFO     | __main__:307 -   Source table: msl_computed (106 symbols)
14:18:35 | WARNING  | __main__:350 -   stock_data_daily: falling back to 2026-04-28
14:18:36 | INFO     | __main__:527 -   Loaded: 106 symbols | 106 stock_data | 497 history | 24 sectors | regime=RECOVERING | 0 open positions | blocked=0 | FII=SELLING | news B:1/b:23
14:18:36 | INFO     | __main__:2293 - Pass 2: computing all fields...
14:18:36 | INFO     | __main__:1995 -   Regime context: RECOVERING | RSI extended @72 | regime_boost=+0 | macro_boost=-1.0 | VIX=18.0475 | breadth=45% | FII=SELLING | GIFT=+1.12%
14:18:36 | INFO     | __main__:2181 -   Computed: 106 | skipped: 0
14:18:36 | INFO     | __main__:2303 -   Results: 106 symbols
14:18:36 | INFO     | __main__:2304 -   Avg final_score:         48.6
14:18:36 | INFO     | __main__:2305 -   Avg momentum_score:      69.9
14:18:36 | INFO     | __main__:2306 -   Avg institutional_score: 23.4
14:18:36 | INFO     | __main__:2307 -   Avg breakout_readiness:  23.6
14:18:36 | INFO     | __main__:2308 -   Avg risk_score:          27.9
14:18:36 | INFO     | __main__:2309 -   Avg holding_score:       72.4
14:18:36 | INFO     | __main__:2310 -   Avg MA alignment:        5.1/6
14:18:36 | INFO     | __main__:2312 -   Momentum state:   {'HOT': 68, 'BUILDING': 25, 'WEAK': 10, 'STABLE': 3}
14:18:36 | INFO     | __main__:2313 -   Momentum phase:   {'EXTENDED': 37, 'FLAT': 22, 'EXPANSION': 39, 'EXHAUSTED': 4, 'EARLY': 4}
14:18:36 | INFO     | __main__:2314 -   Trend maturity:   {'LATE': 42, 'FRESH': 14, 'DEVELOPING': 26, 'EXHAUSTED': 8, 'FLAT': 16}
14:18:36 | INFO     | __main__:2315 -   Lifecycle:        {'HOLD': 84, 'EXIT': 12, 'ADD': 10}
14:18:36 | INFO     | __main__:2316 -   Entry timing:     {'REENTRY': 51, 'EXTENDED': 27, 'WAIT': 2, 'APPROACHING': 5, 'CHASING': 20, 'OPTIMAL': 1}
14:18:36 | INFO     | __main__:2317 -   Weekly structure: {'STRONG': 79, 'WEAK': 4, 'CAUTION': 7, 'CONSOLIDATING': 16}
14:18:36 | INFO     | __main__:2318 -   BB context:       {'UPPER_HALF': 59, 'MIDDLE': 11, 'RIDING_UPPER': 30, 'LOWER_HALF': 5, 'NEAR_LOWER': 1}
14:18:36 | INFO     | __main__:2319 -   VWAP alignment:   {'ABOVE_20D': 43, 'MIXED': 20, 'ABOVE_ALL_EXTENDED': 15, 'ABOVE_ALL': 22, 'BELOW_ALL': 4, 'ABOVE_TODAY_ONLY': 2}
14:18:36 | INFO     | __main__:2320 -   Volume trend:     {'STABLE': 55, 'DECLINING': 3, 'CONTRACTING': 17, 'EXPANDING': 31}
14:18:36 | INFO     | __main__:2321 -   Fund quality:     {'STABLE': 103, 'WEAK': 1, 'LOSS_MAKING': 2}
14:18:36 | INFO     | __main__:2331 -   Score distribution: {'≥70': 0, '55-70': 38, '40-55': 52, '<40': 16}
14:18:36 | WARNING  | __main__:2333 -   ⚠ Less than 2 stocks scoring ≥70 — regime/data issue or regime is RISK OFF?
14:18:36 | INFO     | __main__:2337 -   Top 6 by final_score:
14:18:36 | INFO     | __main__:2341 -     JSWSTEEL     final= 62.6  hold= 79.5  mom=HOT      phase=EXPANSION  MA=6/6  BB=UPPER_HALF           risk=23.0  struct=YES
14:18:36 | INFO     | __main__:2341 -     HINDALCO     final= 62.5  hold= 85.2  mom=HOT      phase=EXTENDED   MA=6/6  BB=RIDING_UPPER         risk=32.0  struct=YES
14:18:36 | INFO     | __main__:2341 -     TATASTEEL    final= 61.4  hold= 87.4  mom=HOT      phase=EARLY      MA=6/6  BB=UPPER_HALF           risk=20.0  struct=YES
14:18:36 | INFO     | __main__:2341 -     COALINDIA    final= 61.2  hold= 88.3  mom=HOT      phase=EARLY      MA=6/6  BB=RIDING_UPPER         risk=15.0  struct=YES
14:18:36 | INFO     | __main__:2341 -     CUMMINSIND   final= 61.0  hold= 78.3  mom=HOT      phase=EXPANSION  MA=6/6  BB=UPPER_HALF           risk=30.0  struct=YES
14:18:36 | INFO     | __main__:2341 -     NTPC         final= 61.0  hold= 87.7  mom=HOT      phase=EXPANSION  MA=6/6  BB=UPPER_HALF           risk=18.0  struct=YES
14:18:36 | INFO     | __main__:2358 -   ★ HOT + in zone (new opportunities): ['ABB', 'ABSLAMC', 'AIAENG', 'ANGELONE', 'APARINDS', 'ASTERDM', 'AUBANK', 'AUROPHARMA', 'DATAPATTNS', 'ELGIEQUIP', 'EMMVEE', 'GMDCLTD', 'GRAPHITE', 'HEG', 'HINDZINC', 'ITI', 'JINDALSAW', 'JPPOWER', 'MAHABANK', 'NAM-INDIA', 'NTPCGREEN', 'RPOWER', 'SARDAEN', 'SCHAEFFLER', 'SCHNEIDER', 'SCI', 'SOLARINDS', 'THERMAX', 'TORNTPOWER', 'USHAMART', 'WAAREEENER']
14:18:36 | INFO     | __main__:2368 -   🌱 FRESH trend + struct_edge: ['ABCAPITAL', 'BANDHANBNK', 'BHARATFORG', 'CANFINHOME', 'COALINDIA', 'CUB', 'FEDERALBNK', 'IFCI', 'IPCALAB', 'JSWSTEEL', 'LTF', 'TIMKEN']
14:18:36 | INFO     | __main__:2417 -   Sheet vs computed divergences (31), top 40 by rank:
14:18:36 | INFO     | __main__:2419 -     #1 NATIONALUM: mom WEAK→HOT  score 101→57.0
14:18:36 | INFO     | __main__:2419 -     #2 GVT&D: NOT COMPUTED — sheet mom=HOT  score=96
14:18:36 | INFO     | __main__:2419 -     #3 POWERINDIA: mom HOT→HOT  score 95→41.3
14:18:36 | INFO     | __main__:2419 -     #4 HINDCOPPER: NOT COMPUTED — sheet mom=WEAK  score=82
14:18:36 | INFO     | __main__:2419 -     #5 ADANIPOWER: mom HOT→HOT  score 71→42.3
14:18:36 | INFO     | __main__:2419 -     #6 VEDL: mom WEAK→BUILDING  score 65→44.5
14:18:36 | INFO     | __main__:2419 -     #7 BHARATFORG: mom STABLE→BUILDING  score 62→55.1
14:18:36 | INFO     | __main__:2419 -     #8 WELCORP: mom STABLE→HOT  score 62→40.5
14:18:36 | INFO     | __main__:2419 -     #9 BHEL: mom HOT→HOT  score 61→42.3
14:18:36 | INFO     | __main__:2419 -     #10 SAIL: NOT COMPUTED — sheet mom=HOT  score=60
14:18:36 | INFO     | __main__:2419 -     #11 CUMMINSIND: mom STABLE→HOT  score 59→61.0
14:18:36 | INFO     | __main__:2419 -     #14 GRAPHITE: mom #N/A (No matches are found in FILTER evaluation.)→HOT  score 53→58.1
14:18:36 | INFO     | __main__:2419 -     #15 LLOYDSME: mom #N/A (No matches are found in FILTER evaluation.)→HOT  score 52→45.1
14:18:36 | INFO     | __main__:2419 -     #16 KEI: mom STABLE→HOT  score 50→56.7
14:18:36 | INFO     | __main__:2419 -     #17 TATASTEEL: mom STABLE→HOT  score 50→61.4
14:18:36 | INFO     | __main__:2419 -     #18 JINDALSTEL: mom STABLE→BUILDING  score 49→56.4
14:18:36 | INFO     | __main__:2419 -     #19 GPIL: mom STABLE→HOT  score 48→60.7
14:18:36 | INFO     | __main__:2419 -     #20 NMDC: mom BUILDING→HOT  score 47→59.0
14:18:36 | INFO     | __main__:2419 -     #21 HINDZINC: mom STABLE→HOT  score 47→54.8
14:18:36 | INFO     | __main__:2419 -     #22 TORNTPOWER: mom BUILDING→HOT  score 46→56.7
14:18:36 | INFO     | __main__:2419 -     #23 SIEMENS: mom BUILDING→HOT  score 45→60.1
14:18:36 | INFO     | __main__:2419 -     #24 CGPOWER: mom BUILDING→HOT  score 43→57.4
14:18:36 | INFO     | __main__:2419 -     #25 NTPC: mom BUILDING→HOT  score 43→61.0
14:18:36 | INFO     | __main__:2419 -     #26 TATAPOWER: mom BUILDING→HOT  score 42→49.0
14:18:36 | INFO     | __main__:2419 -     #27 SARDAEN: mom BUILDING→HOT  score 42→61.0
14:18:36 | INFO     | __main__:2419 -     #28 POLYCAB: mom STABLE→HOT  score 41→57.2
14:18:36 | INFO     | __main__:2419 -     #29 JSWSTEEL: mom BUILDING→HOT  score 41→62.6
14:18:36 | INFO     | __main__:2419 -     #30 COALINDIA: mom STABLE→HOT  score 40→61.2
14:18:36 | INFO     | __main__:2419 -     #31 SOLARINDS: mom STABLE→HOT  score 38→59.2
14:18:36 | INFO     | __main__:2419 -     #32 POWERGRID: mom STABLE→HOT  score 35→59.6
14:18:36 | INFO     | __main__:2419 -     #33 JAINREC: mom #N/A (No matches are found in FILTER evaluation.)→BUILDING  score 17→43.8
14:18:36 | INFO     | __main__:2435 - Pass 3: writing results...
16:32:37 | INFO     | config:187 - TradeOS v6 config loaded | Capital=₹200,000 | DRY_RUN=True | Phase=2
16:32:37 | INFO     | __main__:2305 - ======================================================================
16:32:37 | INFO     | __main__:2306 - STEP [14]: Compute MSL v3.0 | 2026-04-29 | mode=SHADOW [DRY RUN]
16:32:37 | INFO     | __main__:2310 - ======================================================================
16:32:37 | INFO     | __main__:2312 - Pass 1: loading data (9 bulk queries)...
16:32:37 | INFO     | __main__:287 -   Symbol source: msl_computed (screen_stocks shadow) — 106 symbols
16:32:37 | INFO     | __main__:307 -   Source table: msl_computed (106 symbols)
16:32:37 | WARNING  | __main__:350 -   stock_data_daily: falling back to 2026-04-28
16:32:38 | INFO     | __main__:527 -   Loaded: 106 symbols | 106 stock_data | 497 history | 24 sectors | regime=RECOVERING | 0 open positions | blocked=0 | FII=SELLING | news B:1/b:23
16:32:38 | INFO     | __main__:2318 - Pass 2: computing all fields...
16:38:32 | INFO     | config:187 - TradeOS v6 config loaded | Capital=₹200,000 | DRY_RUN=True | Phase=2
16:38:32 | INFO     | __main__:2305 - ======================================================================
16:38:32 | INFO     | __main__:2306 - STEP [14]: Compute MSL v3.0 | 2026-04-29 | mode=SHADOW [DRY RUN]
16:38:32 | INFO     | __main__:2310 - ======================================================================
16:38:32 | INFO     | __main__:2312 - Pass 1: loading data (9 bulk queries)...
16:38:32 | INFO     | __main__:287 -   Symbol source: msl_computed (screen_stocks shadow) — 106 symbols
16:38:32 | INFO     | __main__:307 -   Source table: msl_computed (106 symbols)
16:38:33 | WARNING  | __main__:350 -   stock_data_daily: falling back to 2026-04-28
16:38:33 | INFO     | __main__:527 -   Loaded: 106 symbols | 106 stock_data | 497 history | 24 sectors | regime=RECOVERING | 0 open positions | blocked=0 | FII=SELLING | news B:1/b:23
16:38:33 | INFO     | __main__:2318 - Pass 2: computing all fields...
16:38:34 | INFO     | __main__:2020 -   Regime context: RECOVERING | RSI extended @72 | regime_boost=+0 | macro_boost=-1.0 | VIX=18.0475 | breadth=45% | FII=SELLING | GIFT=+1.12%
16:38:34 | INFO     | __main__:2206 -   Computed: 106 | skipped: 0
16:38:34 | INFO     | __main__:2328 -   Results: 106 symbols
16:38:34 | INFO     | __main__:2329 -   Avg final_score:         47.9
16:38:34 | INFO     | __main__:2330 -   Avg momentum_score:      69.9
16:38:34 | INFO     | __main__:2331 -   Avg institutional_score: 23.4
16:38:34 | INFO     | __main__:2332 -   Avg breakout_readiness:  23.6
16:38:34 | INFO     | __main__:2333 -   Avg risk_score:          27.9
16:38:34 | INFO     | __main__:2334 -   Avg holding_score:       72.3
16:38:34 | INFO     | __main__:2335 -   Avg MA alignment:        4.9/6
16:38:34 | INFO     | __main__:2337 -   Momentum state:   {'HOT': 68, 'BUILDING': 25, 'WEAK': 10, 'STABLE': 3}
16:38:34 | INFO     | __main__:2338 -   Momentum phase:   {'EXTENDED': 37, 'FLAT': 22, 'EXPANSION': 39, 'EXHAUSTED': 4, 'EARLY': 4}
16:38:34 | INFO     | __main__:2339 -   Trend maturity:   {'LATE': 42, 'FRESH': 14, 'DEVELOPING': 26, 'EXHAUSTED': 8, 'FLAT': 16}
16:38:34 | INFO     | __main__:2340 -   Lifecycle:        {'HOLD': 84, 'EXIT': 12, 'ADD': 10}
16:38:34 | INFO     | __main__:2341 -   Entry timing:     {'REENTRY': 51, 'EXTENDED': 27, 'WAIT': 2, 'APPROACHING': 5, 'CHASING': 20, 'OPTIMAL': 1}
16:38:34 | INFO     | __main__:2342 -   Weekly structure: {'STRONG': 79, 'WEAK': 4, 'CAUTION': 7, 'CONSOLIDATING': 16}
16:38:34 | INFO     | __main__:2343 -   BB context:       {'UPPER_HALF': 59, 'MIDDLE': 11, 'RIDING_UPPER': 30, 'LOWER_HALF': 5, 'NEAR_LOWER': 1}
16:38:34 | INFO     | __main__:2344 -   VWAP alignment:   {'ABOVE_20D': 43, 'MIXED': 20, 'ABOVE_ALL_EXTENDED': 15, 'ABOVE_ALL': 22, 'BELOW_ALL': 4, 'ABOVE_TODAY_ONLY': 2}
16:38:34 | INFO     | __main__:2345 -   Volume trend:     {'STABLE': 55, 'DECLINING': 3, 'CONTRACTING': 17, 'EXPANDING': 31}
16:38:34 | INFO     | __main__:2346 -   Fund quality:     {'STABLE': 103, 'WEAK': 1, 'LOSS_MAKING': 2}
16:38:34 | INFO     | __main__:2356 -   Score distribution: {'≥70': 0, '55-70': 33, '40-55': 57, '<40': 16}
16:38:34 | WARNING  | __main__:2358 -   ⚠ Less than 2 stocks scoring ≥70 — regime/data issue or regime is RISK OFF?
16:38:34 | INFO     | __main__:2362 -   Top 6 by final_score:
16:38:34 | INFO     | __main__:2366 -     HINDALCO     final= 62.5  hold= 85.2  mom=HOT      phase=EXTENDED   MA=6/6  BB=RIDING_UPPER         risk=32.0  struct=YES
16:38:34 | INFO     | __main__:2366 -     CUMMINSIND   final= 61.0  hold= 78.3  mom=HOT      phase=EXPANSION  MA=6/6  BB=UPPER_HALF           risk=30.0  struct=YES
16:38:34 | INFO     | __main__:2366 -     SARDAEN      final= 61.0  hold= 86.6  mom=HOT      phase=EXTENDED   MA=6/6  BB=UPPER_HALF           risk=24.0  struct=YES
16:38:34 | INFO     | __main__:2366 -     GPIL         final= 60.7  hold= 85.2  mom=HOT      phase=EXTENDED   MA=6/6  BB=UPPER_HALF           risk=32.0  struct=YES
16:38:34 | INFO     | __main__:2366 -     ABB          final= 60.1  hold= 79.4  mom=HOT      phase=EXTENDED   MA=6/6  BB=UPPER_HALF           risk=24.0  struct=YES
16:38:34 | INFO     | __main__:2366 -     SIEMENS      final= 60.1  hold= 85.4  mom=HOT      phase=EXTENDED   MA=6/6  BB=UPPER_HALF           risk=31.0  struct=YES
16:38:34 | INFO     | __main__:2383 -   ★ HOT + in zone (new opportunities): ['ABB', 'ABSLAMC', 'AIAENG', 'ANGELONE', 'APARINDS', 'ASTERDM', 'AUBANK', 'AUROPHARMA', 'DATAPATTNS', 'ELGIEQUIP', 'EMMVEE', 'GMDCLTD', 'GRAPHITE', 'HEG', 'HINDZINC', 'ITI', 'JINDALSAW', 'JPPOWER', 'MAHABANK', 'NAM-INDIA', 'NTPCGREEN', 'RPOWER', 'SARDAEN', 'SCHAEFFLER', 'SCHNEIDER', 'SCI', 'SOLARINDS', 'THERMAX', 'TORNTPOWER', 'USHAMART', 'WAAREEENER']
16:38:34 | INFO     | __main__:2393 -   🌱 FRESH trend + struct_edge: ['ABCAPITAL', 'BANDHANBNK', 'BHARATFORG', 'CANFINHOME', 'COALINDIA', 'CUB', 'FEDERALBNK', 'IFCI', 'IPCALAB', 'JSWSTEEL', 'LTF', 'TIMKEN']
16:38:34 | INFO     | __main__:2442 -   Sheet vs computed divergences (31), top 40 by rank:
16:38:34 | INFO     | __main__:2444 -     #1 NATIONALUM: mom WEAK→HOT  score 101→57.0
16:38:34 | INFO     | __main__:2444 -     #2 GVT&D: NOT COMPUTED — sheet mom=HOT  score=96
16:38:34 | INFO     | __main__:2444 -     #3 POWERINDIA: mom HOT→HOT  score 95→41.3
16:38:34 | INFO     | __main__:2444 -     #4 HINDCOPPER: NOT COMPUTED — sheet mom=WEAK  score=82
16:38:34 | INFO     | __main__:2444 -     #5 ADANIPOWER: mom HOT→HOT  score 71→42.3
16:38:34 | INFO     | __main__:2444 -     #6 VEDL: mom WEAK→BUILDING  score 65→41.7
16:38:34 | INFO     | __main__:2444 -     #7 BHARATFORG: mom STABLE→BUILDING  score 62→55.1
16:38:34 | INFO     | __main__:2444 -     #8 WELCORP: mom STABLE→HOT  score 62→40.5
16:38:34 | INFO     | __main__:2444 -     #9 BHEL: mom HOT→HOT  score 61→42.3
16:38:34 | INFO     | __main__:2444 -     #10 SAIL: NOT COMPUTED — sheet mom=HOT  score=60
16:38:34 | INFO     | __main__:2444 -     #11 CUMMINSIND: mom STABLE→HOT  score 59→61.0
16:38:34 | INFO     | __main__:2444 -     #14 GRAPHITE: mom #N/A (No matches are found in FILTER evaluation.)→HOT  score 53→55.2
16:38:34 | INFO     | __main__:2444 -     #15 LLOYDSME: mom #N/A (No matches are found in FILTER evaluation.)→HOT  score 52→45.1
16:38:34 | INFO     | __main__:2444 -     #16 KEI: mom STABLE→HOT  score 50→53.9
16:38:34 | INFO     | __main__:2444 -     #17 TATASTEEL: mom STABLE→HOT  score 50→58.6
16:38:34 | INFO     | __main__:2444 -     #18 JINDALSTEL: mom STABLE→BUILDING  score 49→53.5
16:38:34 | INFO     | __main__:2444 -     #19 GPIL: mom STABLE→HOT  score 48→60.7
16:38:34 | INFO     | __main__:2444 -     #20 NMDC: mom BUILDING→HOT  score 47→59.0
16:38:34 | INFO     | __main__:2444 -     #21 HINDZINC: mom STABLE→HOT  score 47→54.8
16:38:34 | INFO     | __main__:2444 -     #22 TORNTPOWER: mom BUILDING→HOT  score 46→56.7
16:38:34 | INFO     | __main__:2444 -     #23 SIEMENS: mom BUILDING→HOT  score 45→60.1
16:38:34 | INFO     | __main__:2444 -     #24 CGPOWER: mom BUILDING→HOT  score 43→57.4
16:38:34 | INFO     | __main__:2444 -     #25 NTPC: mom BUILDING→HOT  score 43→58.2
16:38:34 | INFO     | __main__:2444 -     #26 TATAPOWER: mom BUILDING→HOT  score 42→49.0
16:38:34 | INFO     | __main__:2444 -     #27 SARDAEN: mom BUILDING→HOT  score 42→61.0
16:38:34 | INFO     | __main__:2444 -     #28 POLYCAB: mom STABLE→HOT  score 41→54.4
16:38:34 | INFO     | __main__:2444 -     #29 JSWSTEEL: mom BUILDING→HOT  score 41→59.8
16:38:34 | INFO     | __main__:2444 -     #30 COALINDIA: mom STABLE→HOT  score 40→58.4
16:38:34 | INFO     | __main__:2444 -     #31 SOLARINDS: mom STABLE→HOT  score 38→59.2
16:38:34 | INFO     | __main__:2444 -     #32 POWERGRID: mom STABLE→HOT  score 35→56.8
16:38:34 | INFO     | __main__:2444 -     #33 JAINREC: mom #N/A (No matches are found in FILTER evaluation.)→BUILDING  score 17→43.8
16:38:34 | INFO     | __main__:2460 - Pass 3: writing results...
16:38:34 | INFO     | __main__:2220 - [DRY RUN] Would write 106 rows | mode=shadow
16:38:34 | INFO     | __main__:2223 -   HINDALCO: final=62.5 mom=HOT phase=EXTENDED MA=6/6 BB=RIDING_UPPER struct=YES hold=85.2 FII=SELLING
16:38:34 | INFO     | __main__:2223 -   CUMMINSIND: final=61.0 mom=HOT phase=EXPANSION MA=6/6 BB=UPPER_HALF struct=YES hold=78.3 FII=SELLING
16:38:34 | INFO     | __main__:2223 -   SARDAEN: final=61.0 mom=HOT phase=EXTENDED MA=6/6 BB=UPPER_HALF struct=YES hold=86.6 FII=SELLING
16:41:16 | INFO     | config:187 - TradeOS v6 config loaded | Capital=₹200,000 | DRY_RUN=False | Phase=2
16:41:16 | INFO     | __main__:2305 - ======================================================================
16:41:16 | INFO     | __main__:2306 - STEP [14]: Compute MSL v3.0 | 2026-04-29 | mode=SHADOW
16:41:16 | INFO     | __main__:2310 - ======================================================================
16:41:16 | INFO     | __main__:2312 - Pass 1: loading data (9 bulk queries)...
16:41:16 | INFO     | __main__:287 -   Symbol source: msl_computed (screen_stocks shadow) — 106 symbols
16:41:16 | INFO     | __main__:307 -   Source table: msl_computed (106 symbols)
16:41:16 | WARNING  | __main__:350 -   stock_data_daily: falling back to 2026-04-28
16:41:17 | INFO     | __main__:527 -   Loaded: 106 symbols | 106 stock_data | 497 history | 24 sectors | regime=RECOVERING | 0 open positions | blocked=0 | FII=SELLING | news B:1/b:23
16:41:17 | INFO     | __main__:2318 - Pass 2: computing all fields...
16:41:17 | INFO     | __main__:2020 -   Regime context: RECOVERING | RSI extended @72 | regime_boost=+0 | macro_boost=-1.0 | VIX=18.0475 | breadth=45% | FII=SELLING | GIFT=+1.12%
16:41:17 | INFO     | __main__:2206 -   Computed: 106 | skipped: 0
16:41:17 | INFO     | __main__:2328 -   Results: 106 symbols
16:41:17 | INFO     | __main__:2329 -   Avg final_score:         47.9
16:41:17 | INFO     | __main__:2330 -   Avg momentum_score:      69.9
16:41:17 | INFO     | __main__:2331 -   Avg institutional_score: 23.4
16:41:17 | INFO     | __main__:2332 -   Avg breakout_readiness:  23.6
16:41:17 | INFO     | __main__:2333 -   Avg risk_score:          27.9
16:41:17 | INFO     | __main__:2334 -   Avg holding_score:       72.3
16:41:17 | INFO     | __main__:2335 -   Avg MA alignment:        4.9/6
16:41:17 | INFO     | __main__:2337 -   Momentum state:   {'HOT': 68, 'BUILDING': 25, 'WEAK': 10, 'STABLE': 3}
16:41:17 | INFO     | __main__:2338 -   Momentum phase:   {'EXTENDED': 37, 'FLAT': 22, 'EXPANSION': 39, 'EXHAUSTED': 4, 'EARLY': 4}
16:41:17 | INFO     | __main__:2339 -   Trend maturity:   {'LATE': 42, 'FRESH': 14, 'DEVELOPING': 26, 'EXHAUSTED': 8, 'FLAT': 16}
16:41:17 | INFO     | __main__:2340 -   Lifecycle:        {'HOLD': 84, 'EXIT': 12, 'ADD': 10}
16:41:17 | INFO     | __main__:2341 -   Entry timing:     {'REENTRY': 51, 'EXTENDED': 27, 'WAIT': 2, 'APPROACHING': 5, 'CHASING': 20, 'OPTIMAL': 1}
16:41:17 | INFO     | __main__:2342 -   Weekly structure: {'STRONG': 79, 'WEAK': 4, 'CAUTION': 7, 'CONSOLIDATING': 16}
16:41:17 | INFO     | __main__:2343 -   BB context:       {'UPPER_HALF': 59, 'MIDDLE': 11, 'RIDING_UPPER': 30, 'LOWER_HALF': 5, 'NEAR_LOWER': 1}
16:41:17 | INFO     | __main__:2344 -   VWAP alignment:   {'ABOVE_20D': 43, 'MIXED': 20, 'ABOVE_ALL_EXTENDED': 15, 'ABOVE_ALL': 22, 'BELOW_ALL': 4, 'ABOVE_TODAY_ONLY': 2}
16:41:17 | INFO     | __main__:2345 -   Volume trend:     {'STABLE': 55, 'DECLINING': 3, 'CONTRACTING': 17, 'EXPANDING': 31}
16:41:17 | INFO     | __main__:2346 -   Fund quality:     {'STABLE': 103, 'WEAK': 1, 'LOSS_MAKING': 2}
16:41:17 | INFO     | __main__:2356 -   Score distribution: {'≥70': 0, '55-70': 33, '40-55': 57, '<40': 16}
16:41:17 | WARNING  | __main__:2358 -   ⚠ Less than 2 stocks scoring ≥70 — regime/data issue or regime is RISK OFF?
16:41:17 | INFO     | __main__:2362 -   Top 6 by final_score:
16:41:17 | INFO     | __main__:2366 -     HINDALCO     final= 62.5  hold= 85.2  mom=HOT      phase=EXTENDED   MA=6/6  BB=RIDING_UPPER         risk=32.0  struct=YES
16:41:17 | INFO     | __main__:2366 -     CUMMINSIND   final= 61.0  hold= 78.3  mom=HOT      phase=EXPANSION  MA=6/6  BB=UPPER_HALF           risk=30.0  struct=YES
16:41:17 | INFO     | __main__:2366 -     SARDAEN      final= 61.0  hold= 86.6  mom=HOT      phase=EXTENDED   MA=6/6  BB=UPPER_HALF           risk=24.0  struct=YES
16:41:17 | INFO     | __main__:2366 -     GPIL         final= 60.7  hold= 85.2  mom=HOT      phase=EXTENDED   MA=6/6  BB=UPPER_HALF           risk=32.0  struct=YES
16:41:17 | INFO     | __main__:2366 -     ABB          final= 60.1  hold= 79.4  mom=HOT      phase=EXTENDED   MA=6/6  BB=UPPER_HALF           risk=24.0  struct=YES
16:41:17 | INFO     | __main__:2366 -     SIEMENS      final= 60.1  hold= 85.4  mom=HOT      phase=EXTENDED   MA=6/6  BB=UPPER_HALF           risk=31.0  struct=YES
16:41:17 | INFO     | __main__:2383 -   ★ HOT + in zone (new opportunities): ['ABB', 'ABSLAMC', 'AIAENG', 'ANGELONE', 'APARINDS', 'ASTERDM', 'AUBANK', 'AUROPHARMA', 'DATAPATTNS', 'ELGIEQUIP', 'EMMVEE', 'GMDCLTD', 'GRAPHITE', 'HEG', 'HINDZINC', 'ITI', 'JINDALSAW', 'JPPOWER', 'MAHABANK', 'NAM-INDIA', 'NTPCGREEN', 'RPOWER', 'SARDAEN', 'SCHAEFFLER', 'SCHNEIDER', 'SCI', 'SOLARINDS', 'THERMAX', 'TORNTPOWER', 'USHAMART', 'WAAREEENER']
16:41:17 | INFO     | __main__:2393 -   🌱 FRESH trend + struct_edge: ['ABCAPITAL', 'BANDHANBNK', 'BHARATFORG', 'CANFINHOME', 'COALINDIA', 'CUB', 'FEDERALBNK', 'IFCI', 'IPCALAB', 'JSWSTEEL', 'LTF', 'TIMKEN']
16:41:17 | INFO     | __main__:2442 -   Sheet vs computed divergences (31), top 40 by rank:
16:41:17 | INFO     | __main__:2444 -     #1 NATIONALUM: mom WEAK→HOT  score 101→57.0
16:41:17 | INFO     | __main__:2444 -     #2 GVT&D: NOT COMPUTED — sheet mom=HOT  score=96
16:41:17 | INFO     | __main__:2444 -     #3 POWERINDIA: mom HOT→HOT  score 95→41.3
16:41:17 | INFO     | __main__:2444 -     #4 HINDCOPPER: NOT COMPUTED — sheet mom=WEAK  score=82
16:41:17 | INFO     | __main__:2444 -     #5 ADANIPOWER: mom HOT→HOT  score 71→42.3
16:41:17 | INFO     | __main__:2444 -     #6 VEDL: mom WEAK→BUILDING  score 65→41.7
16:41:17 | INFO     | __main__:2444 -     #7 BHARATFORG: mom STABLE→BUILDING  score 62→55.1
16:41:17 | INFO     | __main__:2444 -     #8 WELCORP: mom STABLE→HOT  score 62→40.5
16:41:17 | INFO     | __main__:2444 -     #9 BHEL: mom HOT→HOT  score 61→42.3
16:41:17 | INFO     | __main__:2444 -     #10 SAIL: NOT COMPUTED — sheet mom=HOT  score=60
16:41:17 | INFO     | __main__:2444 -     #11 CUMMINSIND: mom STABLE→HOT  score 59→61.0
16:41:17 | INFO     | __main__:2444 -     #14 GRAPHITE: mom #N/A (No matches are found in FILTER evaluation.)→HOT  score 53→55.2
16:41:17 | INFO     | __main__:2444 -     #15 LLOYDSME: mom #N/A (No matches are found in FILTER evaluation.)→HOT  score 52→45.1
16:41:17 | INFO     | __main__:2444 -     #16 KEI: mom STABLE→HOT  score 50→53.9
16:41:17 | INFO     | __main__:2444 -     #17 TATASTEEL: mom STABLE→HOT  score 50→58.6
16:41:17 | INFO     | __main__:2444 -     #18 JINDALSTEL: mom STABLE→BUILDING  score 49→53.5
16:41:17 | INFO     | __main__:2444 -     #19 GPIL: mom STABLE→HOT  score 48→60.7
16:41:17 | INFO     | __main__:2444 -     #20 NMDC: mom BUILDING→HOT  score 47→59.0
16:41:17 | INFO     | __main__:2444 -     #21 HINDZINC: mom STABLE→HOT  score 47→54.8
16:41:17 | INFO     | __main__:2444 -     #22 TORNTPOWER: mom BUILDING→HOT  score 46→56.7
16:41:17 | INFO     | __main__:2444 -     #23 SIEMENS: mom BUILDING→HOT  score 45→60.1
16:41:17 | INFO     | __main__:2444 -     #24 CGPOWER: mom BUILDING→HOT  score 43→57.4
16:41:17 | INFO     | __main__:2444 -     #25 NTPC: mom BUILDING→HOT  score 43→58.2
16:41:17 | INFO     | __main__:2444 -     #26 TATAPOWER: mom BUILDING→HOT  score 42→49.0
16:41:17 | INFO     | __main__:2444 -     #27 SARDAEN: mom BUILDING→HOT  score 42→61.0
16:41:17 | INFO     | __main__:2444 -     #28 POLYCAB: mom STABLE→HOT  score 41→54.4
16:41:17 | INFO     | __main__:2444 -     #29 JSWSTEEL: mom BUILDING→HOT  score 41→59.8
16:41:17 | INFO     | __main__:2444 -     #30 COALINDIA: mom STABLE→HOT  score 40→58.4
16:41:17 | INFO     | __main__:2444 -     #31 SOLARINDS: mom STABLE→HOT  score 38→59.2
16:41:17 | INFO     | __main__:2444 -     #32 POWERGRID: mom STABLE→HOT  score 35→56.8
16:41:17 | INFO     | __main__:2444 -     #33 JAINREC: mom #N/A (No matches are found in FILTER evaluation.)→BUILDING  score 17→43.8
16:41:17 | INFO     | __main__:2460 - Pass 3: writing results...
16:53:25 | INFO     | config:187 - TradeOS v6 config loaded | Capital=₹200,000 | DRY_RUN=False | Phase=2
16:53:25 | INFO     | __main__:2304 - ======================================================================
16:53:25 | INFO     | __main__:2305 - STEP [14]: Compute MSL v3.0 | 2026-04-29 | mode=SHADOW
16:53:25 | INFO     | __main__:2309 - ======================================================================
16:53:25 | INFO     | __main__:2311 - Pass 1: loading data (9 bulk queries)...
16:53:26 | INFO     | __main__:287 -   Symbol source: msl_computed (screen_stocks shadow) — 106 symbols
16:53:26 | INFO     | __main__:307 -   Source table: msl_computed (106 symbols)
16:53:28 | WARNING  | __main__:350 -   stock_data_daily: falling back to 2026-04-28
16:53:29 | INFO     | __main__:527 -   Loaded: 106 symbols | 106 stock_data | 497 history | 24 sectors | regime=RECOVERING | 0 open positions | blocked=0 | FII=SELLING | news B:1/b:23
16:53:29 | INFO     | __main__:2317 - Pass 2: computing all fields...
16:53:30 | INFO     | __main__:2020 -   Regime context: RECOVERING | RSI extended @72 | regime_boost=+0 | macro_boost=-1.0 | VIX=18.0475 | breadth=45% | FII=SELLING | GIFT=+1.12%
16:53:30 | INFO     | __main__:2205 -   Computed: 106 | skipped: 0
16:53:30 | INFO     | __main__:2327 -   Results: 106 symbols
16:53:30 | INFO     | __main__:2328 -   Avg final_score:         47.9
16:53:30 | INFO     | __main__:2329 -   Avg momentum_score:      69.9
16:53:30 | INFO     | __main__:2330 -   Avg institutional_score: 23.4
16:53:30 | INFO     | __main__:2331 -   Avg breakout_readiness:  23.6
16:53:30 | INFO     | __main__:2332 -   Avg risk_score:          27.9
16:53:30 | INFO     | __main__:2333 -   Avg holding_score:       72.3
16:53:30 | INFO     | __main__:2334 -   Avg MA alignment:        4.9/6
16:53:30 | INFO     | __main__:2336 -   Momentum state:   {'HOT': 68, 'BUILDING': 25, 'WEAK': 10, 'STABLE': 3}
16:53:30 | INFO     | __main__:2337 -   Momentum phase:   {'EXTENDED': 37, 'FLAT': 22, 'EXPANSION': 39, 'EXHAUSTED': 4, 'EARLY': 4}
16:53:30 | INFO     | __main__:2338 -   Trend maturity:   {'LATE': 42, 'FRESH': 14, 'DEVELOPING': 26, 'EXHAUSTED': 8, 'FLAT': 16}
16:53:30 | INFO     | __main__:2339 -   Lifecycle:        {'HOLD': 84, 'EXIT': 12, 'ADD': 10}
16:53:30 | INFO     | __main__:2340 -   Entry timing:     {'REENTRY': 51, 'EXTENDED': 27, 'WAIT': 2, 'APPROACHING': 5, 'CHASING': 20, 'OPTIMAL': 1}
16:53:30 | INFO     | __main__:2341 -   Weekly structure: {'STRONG': 79, 'WEAK': 4, 'CAUTION': 7, 'CONSOLIDATING': 16}
16:53:30 | INFO     | __main__:2342 -   BB context:       {'UPPER_HALF': 59, 'MIDDLE': 11, 'RIDING_UPPER': 30, 'LOWER_HALF': 5, 'NEAR_LOWER': 1}
16:53:30 | INFO     | __main__:2343 -   VWAP alignment:   {'ABOVE_20D': 43, 'MIXED': 20, 'ABOVE_ALL_EXTENDED': 15, 'ABOVE_ALL': 22, 'BELOW_ALL': 4, 'ABOVE_TODAY_ONLY': 2}
16:53:30 | INFO     | __main__:2344 -   Volume trend:     {'STABLE': 55, 'DECLINING': 3, 'CONTRACTING': 17, 'EXPANDING': 31}
16:53:30 | INFO     | __main__:2345 -   Fund quality:     {'STABLE': 103, 'WEAK': 1, 'LOSS_MAKING': 2}
16:53:30 | INFO     | __main__:2355 -   Score distribution: {'≥70': 0, '55-70': 33, '40-55': 57, '<40': 16}
16:53:30 | WARNING  | __main__:2357 -   ⚠ Less than 2 stocks scoring ≥70 — regime/data issue or regime is RISK OFF?
16:53:30 | INFO     | __main__:2361 -   Top 6 by final_score:
16:53:30 | INFO     | __main__:2365 -     HINDALCO     final= 62.5  hold= 85.2  mom=HOT      phase=EXTENDED   MA=6/6  BB=RIDING_UPPER         risk=32.0  struct=YES
16:53:30 | INFO     | __main__:2365 -     CUMMINSIND   final= 61.0  hold= 78.3  mom=HOT      phase=EXPANSION  MA=6/6  BB=UPPER_HALF           risk=30.0  struct=YES
16:53:30 | INFO     | __main__:2365 -     SARDAEN      final= 61.0  hold= 86.6  mom=HOT      phase=EXTENDED   MA=6/6  BB=UPPER_HALF           risk=24.0  struct=YES
16:53:30 | INFO     | __main__:2365 -     GPIL         final= 60.7  hold= 85.2  mom=HOT      phase=EXTENDED   MA=6/6  BB=UPPER_HALF           risk=32.0  struct=YES
16:53:30 | INFO     | __main__:2365 -     ABB          final= 60.1  hold= 79.4  mom=HOT      phase=EXTENDED   MA=6/6  BB=UPPER_HALF           risk=24.0  struct=YES
16:53:30 | INFO     | __main__:2365 -     SIEMENS      final= 60.1  hold= 85.4  mom=HOT      phase=EXTENDED   MA=6/6  BB=UPPER_HALF           risk=31.0  struct=YES
16:53:30 | INFO     | __main__:2382 -   ★ HOT + in zone (new opportunities): ['ABB', 'ABSLAMC', 'AIAENG', 'ANGELONE', 'APARINDS', 'ASTERDM', 'AUBANK', 'AUROPHARMA', 'DATAPATTNS', 'ELGIEQUIP', 'EMMVEE', 'GMDCLTD', 'GRAPHITE', 'HEG', 'HINDZINC', 'ITI', 'JINDALSAW', 'JPPOWER', 'MAHABANK', 'NAM-INDIA', 'NTPCGREEN', 'RPOWER', 'SARDAEN', 'SCHAEFFLER', 'SCHNEIDER', 'SCI', 'SOLARINDS', 'THERMAX', 'TORNTPOWER', 'USHAMART', 'WAAREEENER']
16:53:30 | INFO     | __main__:2392 -   🌱 FRESH trend + struct_edge: ['ABCAPITAL', 'BANDHANBNK', 'BHARATFORG', 'CANFINHOME', 'COALINDIA', 'CUB', 'FEDERALBNK', 'IFCI', 'IPCALAB', 'JSWSTEEL', 'LTF', 'TIMKEN']
16:53:30 | INFO     | __main__:2441 -   Sheet vs computed divergences (31), top 40 by rank:
16:53:30 | INFO     | __main__:2443 -     #1 NATIONALUM: mom WEAK→HOT  score 101→57.0
16:53:30 | INFO     | __main__:2443 -     #2 GVT&D: NOT COMPUTED — sheet mom=HOT  score=96
16:53:30 | INFO     | __main__:2443 -     #3 POWERINDIA: mom HOT→HOT  score 95→41.3
16:53:30 | INFO     | __main__:2443 -     #4 HINDCOPPER: NOT COMPUTED — sheet mom=WEAK  score=82
16:53:30 | INFO     | __main__:2443 -     #5 ADANIPOWER: mom HOT→HOT  score 71→42.3
16:53:30 | INFO     | __main__:2443 -     #6 VEDL: mom WEAK→BUILDING  score 65→41.7
16:53:30 | INFO     | __main__:2443 -     #7 BHARATFORG: mom STABLE→BUILDING  score 62→55.1
16:53:30 | INFO     | __main__:2443 -     #8 WELCORP: mom STABLE→HOT  score 62→40.5
16:53:30 | INFO     | __main__:2443 -     #9 BHEL: mom HOT→HOT  score 61→42.3
16:53:30 | INFO     | __main__:2443 -     #10 SAIL: NOT COMPUTED — sheet mom=HOT  score=60
16:53:30 | INFO     | __main__:2443 -     #11 CUMMINSIND: mom STABLE→HOT  score 59→61.0
16:53:30 | INFO     | __main__:2443 -     #14 GRAPHITE: mom #N/A (No matches are found in FILTER evaluation.)→HOT  score 53→55.2
16:53:30 | INFO     | __main__:2443 -     #15 LLOYDSME: mom #N/A (No matches are found in FILTER evaluation.)→HOT  score 52→45.1
16:53:30 | INFO     | __main__:2443 -     #16 KEI: mom STABLE→HOT  score 50→53.9
16:53:30 | INFO     | __main__:2443 -     #17 TATASTEEL: mom STABLE→HOT  score 50→58.6
16:53:30 | INFO     | __main__:2443 -     #18 JINDALSTEL: mom STABLE→BUILDING  score 49→53.5
16:53:30 | INFO     | __main__:2443 -     #19 GPIL: mom STABLE→HOT  score 48→60.7
16:53:30 | INFO     | __main__:2443 -     #20 NMDC: mom BUILDING→HOT  score 47→59.0
16:53:30 | INFO     | __main__:2443 -     #21 HINDZINC: mom STABLE→HOT  score 47→54.8
16:53:30 | INFO     | __main__:2443 -     #22 TORNTPOWER: mom BUILDING→HOT  score 46→56.7
16:53:30 | INFO     | __main__:2443 -     #23 SIEMENS: mom BUILDING→HOT  score 45→60.1
16:53:30 | INFO     | __main__:2443 -     #24 CGPOWER: mom BUILDING→HOT  score 43→57.4
16:53:30 | INFO     | __main__:2443 -     #25 NTPC: mom BUILDING→HOT  score 43→58.2
16:53:30 | INFO     | __main__:2443 -     #26 TATAPOWER: mom BUILDING→HOT  score 42→49.0
16:53:30 | INFO     | __main__:2443 -     #27 SARDAEN: mom BUILDING→HOT  score 42→61.0
16:53:30 | INFO     | __main__:2443 -     #28 POLYCAB: mom STABLE→HOT  score 41→54.4
16:53:30 | INFO     | __main__:2443 -     #29 JSWSTEEL: mom BUILDING→HOT  score 41→59.8
16:53:30 | INFO     | __main__:2443 -     #30 COALINDIA: mom STABLE→HOT  score 40→58.4
16:53:30 | INFO     | __main__:2443 -     #31 SOLARINDS: mom STABLE→HOT  score 38→59.2
16:53:30 | INFO     | __main__:2443 -     #32 POWERGRID: mom STABLE→HOT  score 35→56.8
16:53:30 | INFO     | __main__:2443 -     #33 JAINREC: mom #N/A (No matches are found in FILTER evaluation.)→BUILDING  score 17→43.8
16:53:30 | INFO     | __main__:2459 - Pass 3: writing results...
16:55:27 | INFO     | config:187 - TradeOS v6 config loaded | Capital=₹200,000 | DRY_RUN=False | Phase=2
16:55:27 | INFO     | __main__:2304 - ======================================================================
16:55:27 | INFO     | __main__:2305 - STEP [14]: Compute MSL v3.0 | 2026-04-29 | mode=SHADOW
16:55:27 | INFO     | __main__:2309 - ======================================================================
16:55:27 | INFO     | __main__:2311 - Pass 1: loading data (9 bulk queries)...
16:55:27 | INFO     | __main__:287 -   Symbol source: msl_computed (screen_stocks shadow) — 106 symbols
16:55:27 | INFO     | __main__:307 -   Source table: msl_computed (106 symbols)
16:55:27 | WARNING  | __main__:350 -   stock_data_daily: falling back to 2026-04-28
16:55:28 | INFO     | __main__:527 -   Loaded: 106 symbols | 106 stock_data | 497 history | 24 sectors | regime=RECOVERING | 0 open positions | blocked=0 | FII=SELLING | news B:1/b:23
16:55:28 | INFO     | __main__:2317 - Pass 2: computing all fields...
16:55:28 | INFO     | __main__:2020 -   Regime context: RECOVERING | RSI extended @72 | regime_boost=+0 | macro_boost=-1.0 | VIX=18.0475 | breadth=45% | FII=SELLING | GIFT=+1.12%
16:55:28 | INFO     | __main__:2205 -   Computed: 106 | skipped: 0
16:55:28 | INFO     | __main__:2327 -   Results: 106 symbols
16:55:28 | INFO     | __main__:2328 -   Avg final_score:         47.9
16:55:28 | INFO     | __main__:2329 -   Avg momentum_score:      69.9
16:55:28 | INFO     | __main__:2330 -   Avg institutional_score: 23.4
16:55:28 | INFO     | __main__:2331 -   Avg breakout_readiness:  23.6
16:55:28 | INFO     | __main__:2332 -   Avg risk_score:          27.9
16:55:28 | INFO     | __main__:2333 -   Avg holding_score:       72.3
16:55:28 | INFO     | __main__:2334 -   Avg MA alignment:        4.9/6
16:55:28 | INFO     | __main__:2336 -   Momentum state:   {'HOT': 68, 'BUILDING': 25, 'WEAK': 10, 'STABLE': 3}
16:55:28 | INFO     | __main__:2337 -   Momentum phase:   {'EXTENDED': 37, 'FLAT': 22, 'EXPANSION': 39, 'EXHAUSTED': 4, 'EARLY': 4}
16:55:28 | INFO     | __main__:2338 -   Trend maturity:   {'LATE': 42, 'FRESH': 14, 'DEVELOPING': 26, 'EXHAUSTED': 8, 'FLAT': 16}
16:55:28 | INFO     | __main__:2339 -   Lifecycle:        {'HOLD': 84, 'EXIT': 12, 'ADD': 10}
16:55:28 | INFO     | __main__:2340 -   Entry timing:     {'REENTRY': 51, 'EXTENDED': 27, 'WAIT': 2, 'APPROACHING': 5, 'CHASING': 20, 'OPTIMAL': 1}
16:55:28 | INFO     | __main__:2341 -   Weekly structure: {'STRONG': 79, 'WEAK': 4, 'CAUTION': 7, 'CONSOLIDATING': 16}
16:55:28 | INFO     | __main__:2342 -   BB context:       {'UPPER_HALF': 59, 'MIDDLE': 11, 'RIDING_UPPER': 30, 'LOWER_HALF': 5, 'NEAR_LOWER': 1}
16:55:28 | INFO     | __main__:2343 -   VWAP alignment:   {'ABOVE_20D': 43, 'MIXED': 20, 'ABOVE_ALL_EXTENDED': 15, 'ABOVE_ALL': 22, 'BELOW_ALL': 4, 'ABOVE_TODAY_ONLY': 2}
16:55:28 | INFO     | __main__:2344 -   Volume trend:     {'STABLE': 55, 'DECLINING': 3, 'CONTRACTING': 17, 'EXPANDING': 31}
16:55:28 | INFO     | __main__:2345 -   Fund quality:     {'STABLE': 103, 'WEAK': 1, 'LOSS_MAKING': 2}
16:55:28 | INFO     | __main__:2355 -   Score distribution: {'≥70': 0, '55-70': 33, '40-55': 57, '<40': 16}
16:55:28 | WARNING  | __main__:2357 -   ⚠ Less than 2 stocks scoring ≥70 — regime/data issue or regime is RISK OFF?
16:55:28 | INFO     | __main__:2361 -   Top 6 by final_score:
16:55:28 | INFO     | __main__:2365 -     HINDALCO     final= 62.5  hold= 85.2  mom=HOT      phase=EXTENDED   MA=6/6  BB=RIDING_UPPER         risk=32.0  struct=YES
16:55:28 | INFO     | __main__:2365 -     CUMMINSIND   final= 61.0  hold= 78.3  mom=HOT      phase=EXPANSION  MA=6/6  BB=UPPER_HALF           risk=30.0  struct=YES
16:55:28 | INFO     | __main__:2365 -     SARDAEN      final= 61.0  hold= 86.6  mom=HOT      phase=EXTENDED   MA=6/6  BB=UPPER_HALF           risk=24.0  struct=YES
16:55:28 | INFO     | __main__:2365 -     GPIL         final= 60.7  hold= 85.2  mom=HOT      phase=EXTENDED   MA=6/6  BB=UPPER_HALF           risk=32.0  struct=YES
16:55:28 | INFO     | __main__:2365 -     ABB          final= 60.1  hold= 79.4  mom=HOT      phase=EXTENDED   MA=6/6  BB=UPPER_HALF           risk=24.0  struct=YES
16:55:28 | INFO     | __main__:2365 -     SIEMENS      final= 60.1  hold= 85.4  mom=HOT      phase=EXTENDED   MA=6/6  BB=UPPER_HALF           risk=31.0  struct=YES
16:55:28 | INFO     | __main__:2382 -   ★ HOT + in zone (new opportunities): ['ABB', 'ABSLAMC', 'AIAENG', 'ANGELONE', 'APARINDS', 'ASTERDM', 'AUBANK', 'AUROPHARMA', 'DATAPATTNS', 'ELGIEQUIP', 'EMMVEE', 'GMDCLTD', 'GRAPHITE', 'HEG', 'HINDZINC', 'ITI', 'JINDALSAW', 'JPPOWER', 'MAHABANK', 'NAM-INDIA', 'NTPCGREEN', 'RPOWER', 'SARDAEN', 'SCHAEFFLER', 'SCHNEIDER', 'SCI', 'SOLARINDS', 'THERMAX', 'TORNTPOWER', 'USHAMART', 'WAAREEENER']
16:55:28 | INFO     | __main__:2392 -   🌱 FRESH trend + struct_edge: ['ABCAPITAL', 'BANDHANBNK', 'BHARATFORG', 'CANFINHOME', 'COALINDIA', 'CUB', 'FEDERALBNK', 'IFCI', 'IPCALAB', 'JSWSTEEL', 'LTF', 'TIMKEN']
16:55:28 | INFO     | __main__:2441 -   Sheet vs computed divergences (31), top 40 by rank:
16:55:28 | INFO     | __main__:2443 -     #1 NATIONALUM: mom WEAK→HOT  score 101→57.0
16:55:28 | INFO     | __main__:2443 -     #2 GVT&D: NOT COMPUTED — sheet mom=HOT  score=96
16:55:28 | INFO     | __main__:2443 -     #3 POWERINDIA: mom HOT→HOT  score 95→41.3
16:55:28 | INFO     | __main__:2443 -     #4 HINDCOPPER: NOT COMPUTED — sheet mom=WEAK  score=82
16:55:28 | INFO     | __main__:2443 -     #5 ADANIPOWER: mom HOT→HOT  score 71→42.3
16:55:28 | INFO     | __main__:2443 -     #6 VEDL: mom WEAK→BUILDING  score 65→41.7
16:55:28 | INFO     | __main__:2443 -     #7 BHARATFORG: mom STABLE→BUILDING  score 62→55.1
16:55:28 | INFO     | __main__:2443 -     #8 WELCORP: mom STABLE→HOT  score 62→40.5
16:55:28 | INFO     | __main__:2443 -     #9 BHEL: mom HOT→HOT  score 61→42.3
16:55:28 | INFO     | __main__:2443 -     #10 SAIL: NOT COMPUTED — sheet mom=HOT  score=60
16:55:28 | INFO     | __main__:2443 -     #11 CUMMINSIND: mom STABLE→HOT  score 59→61.0
16:55:28 | INFO     | __main__:2443 -     #14 GRAPHITE: mom #N/A (No matches are found in FILTER evaluation.)→HOT  score 53→55.2
16:55:28 | INFO     | __main__:2443 -     #15 LLOYDSME: mom #N/A (No matches are found in FILTER evaluation.)→HOT  score 52→45.1
16:55:28 | INFO     | __main__:2443 -     #16 KEI: mom STABLE→HOT  score 50→53.9
16:55:28 | INFO     | __main__:2443 -     #17 TATASTEEL: mom STABLE→HOT  score 50→58.6
16:55:28 | INFO     | __main__:2443 -     #18 JINDALSTEL: mom STABLE→BUILDING  score 49→53.5
16:55:28 | INFO     | __main__:2443 -     #19 GPIL: mom STABLE→HOT  score 48→60.7
16:55:28 | INFO     | __main__:2443 -     #20 NMDC: mom BUILDING→HOT  score 47→59.0
16:55:28 | INFO     | __main__:2443 -     #21 HINDZINC: mom STABLE→HOT  score 47→54.8
16:55:28 | INFO     | __main__:2443 -     #22 TORNTPOWER: mom BUILDING→HOT  score 46→56.7
16:55:28 | INFO     | __main__:2443 -     #23 SIEMENS: mom BUILDING→HOT  score 45→60.1
16:55:28 | INFO     | __main__:2443 -     #24 CGPOWER: mom BUILDING→HOT  score 43→57.4
16:55:28 | INFO     | __main__:2443 -     #25 NTPC: mom BUILDING→HOT  score 43→58.2
16:55:28 | INFO     | __main__:2443 -     #26 TATAPOWER: mom BUILDING→HOT  score 42→49.0
16:55:28 | INFO     | __main__:2443 -     #27 SARDAEN: mom BUILDING→HOT  score 42→61.0
16:55:28 | INFO     | __main__:2443 -     #28 POLYCAB: mom STABLE→HOT  score 41→54.4
16:55:28 | INFO     | __main__:2443 -     #29 JSWSTEEL: mom BUILDING→HOT  score 41→59.8
16:55:28 | INFO     | __main__:2443 -     #30 COALINDIA: mom STABLE→HOT  score 40→58.4
16:55:28 | INFO     | __main__:2443 -     #31 SOLARINDS: mom STABLE→HOT  score 38→59.2
16:55:28 | INFO     | __main__:2443 -     #32 POWERGRID: mom STABLE→HOT  score 35→56.8
16:55:28 | INFO     | __main__:2443 -     #33 JAINREC: mom #N/A (No matches are found in FILTER evaluation.)→BUILDING  score 17→43.8
16:55:28 | INFO     | __main__:2459 - Pass 3: writing results...
16:59:08 | INFO     | config:187 - TradeOS v6 config loaded | Capital=₹200,000 | DRY_RUN=False | Phase=2
16:59:08 | INFO     | __main__:2304 - ======================================================================
16:59:08 | INFO     | __main__:2305 - STEP [14]: Compute MSL v3.0 | 2026-04-29 | mode=SHADOW
16:59:08 | INFO     | __main__:2309 - ======================================================================
16:59:08 | INFO     | __main__:2311 - Pass 1: loading data (9 bulk queries)...
16:59:08 | INFO     | __main__:287 -   Symbol source: msl_computed (screen_stocks shadow) — 106 symbols
16:59:08 | INFO     | __main__:307 -   Source table: msl_computed (106 symbols)
16:59:09 | WARNING  | __main__:350 -   stock_data_daily: falling back to 2026-04-28
16:59:09 | INFO     | __main__:527 -   Loaded: 106 symbols | 106 stock_data | 497 history | 24 sectors | regime=RECOVERING | 0 open positions | blocked=0 | FII=SELLING | news B:1/b:23
16:59:09 | INFO     | __main__:2317 - Pass 2: computing all fields...
16:59:10 | INFO     | __main__:2020 -   Regime context: RECOVERING | RSI extended @72 | regime_boost=+0 | macro_boost=-1.0 | VIX=18.0475 | breadth=45% | FII=SELLING | GIFT=+1.12%
16:59:10 | INFO     | __main__:2205 -   Computed: 106 | skipped: 0
16:59:10 | INFO     | __main__:2327 -   Results: 106 symbols
16:59:10 | INFO     | __main__:2328 -   Avg final_score:         47.9
16:59:10 | INFO     | __main__:2329 -   Avg momentum_score:      69.9
16:59:10 | INFO     | __main__:2330 -   Avg institutional_score: 23.4
16:59:10 | INFO     | __main__:2331 -   Avg breakout_readiness:  23.6
16:59:10 | INFO     | __main__:2332 -   Avg risk_score:          27.9
16:59:10 | INFO     | __main__:2333 -   Avg holding_score:       72.3
16:59:10 | INFO     | __main__:2334 -   Avg MA alignment:        4.9/6
16:59:10 | INFO     | __main__:2336 -   Momentum state:   {'HOT': 68, 'BUILDING': 25, 'WEAK': 10, 'STABLE': 3}
16:59:10 | INFO     | __main__:2337 -   Momentum phase:   {'EXTENDED': 37, 'FLAT': 22, 'EXPANSION': 39, 'EXHAUSTED': 4, 'EARLY': 4}
16:59:10 | INFO     | __main__:2338 -   Trend maturity:   {'LATE': 42, 'FRESH': 14, 'DEVELOPING': 26, 'EXHAUSTED': 8, 'FLAT': 16}
16:59:10 | INFO     | __main__:2339 -   Lifecycle:        {'HOLD': 84, 'EXIT': 12, 'ADD': 10}
16:59:10 | INFO     | __main__:2340 -   Entry timing:     {'REENTRY': 51, 'EXTENDED': 27, 'WAIT': 2, 'APPROACHING': 5, 'CHASING': 20, 'OPTIMAL': 1}
16:59:10 | INFO     | __main__:2341 -   Weekly structure: {'STRONG': 79, 'WEAK': 4, 'CAUTION': 7, 'CONSOLIDATING': 16}
16:59:10 | INFO     | __main__:2342 -   BB context:       {'UPPER_HALF': 59, 'MIDDLE': 11, 'RIDING_UPPER': 30, 'LOWER_HALF': 5, 'NEAR_LOWER': 1}
16:59:10 | INFO     | __main__:2343 -   VWAP alignment:   {'ABOVE_20D': 43, 'MIXED': 20, 'ABOVE_ALL_EXTENDED': 15, 'ABOVE_ALL': 22, 'BELOW_ALL': 4, 'ABOVE_TODAY_ONLY': 2}
16:59:10 | INFO     | __main__:2344 -   Volume trend:     {'STABLE': 55, 'DECLINING': 3, 'CONTRACTING': 17, 'EXPANDING': 31}
16:59:10 | INFO     | __main__:2345 -   Fund quality:     {'STABLE': 103, 'WEAK': 1, 'LOSS_MAKING': 2}
16:59:10 | INFO     | __main__:2355 -   Score distribution: {'≥70': 0, '55-70': 33, '40-55': 57, '<40': 16}
16:59:10 | WARNING  | __main__:2357 -   ⚠ Less than 2 stocks scoring ≥70 — regime/data issue or regime is RISK OFF?
16:59:10 | INFO     | __main__:2361 -   Top 6 by final_score:
16:59:10 | INFO     | __main__:2365 -     HINDALCO     final= 62.5  hold= 85.2  mom=HOT      phase=EXTENDED   MA=6/6  BB=RIDING_UPPER         risk=32.0  struct=YES
16:59:10 | INFO     | __main__:2365 -     CUMMINSIND   final= 61.0  hold= 78.3  mom=HOT      phase=EXPANSION  MA=6/6  BB=UPPER_HALF           risk=30.0  struct=YES
16:59:10 | INFO     | __main__:2365 -     SARDAEN      final= 61.0  hold= 86.6  mom=HOT      phase=EXTENDED   MA=6/6  BB=UPPER_HALF           risk=24.0  struct=YES
16:59:10 | INFO     | __main__:2365 -     GPIL         final= 60.7  hold= 85.2  mom=HOT      phase=EXTENDED   MA=6/6  BB=UPPER_HALF           risk=32.0  struct=YES
16:59:10 | INFO     | __main__:2365 -     ABB          final= 60.1  hold= 79.4  mom=HOT      phase=EXTENDED   MA=6/6  BB=UPPER_HALF           risk=24.0  struct=YES
16:59:10 | INFO     | __main__:2365 -     SIEMENS      final= 60.1  hold= 85.4  mom=HOT      phase=EXTENDED   MA=6/6  BB=UPPER_HALF           risk=31.0  struct=YES
16:59:10 | INFO     | __main__:2382 -   ★ HOT + in zone (new opportunities): ['ABB', 'ABSLAMC', 'AIAENG', 'ANGELONE', 'APARINDS', 'ASTERDM', 'AUBANK', 'AUROPHARMA', 'DATAPATTNS', 'ELGIEQUIP', 'EMMVEE', 'GMDCLTD', 'GRAPHITE', 'HEG', 'HINDZINC', 'ITI', 'JINDALSAW', 'JPPOWER', 'MAHABANK', 'NAM-INDIA', 'NTPCGREEN', 'RPOWER', 'SARDAEN', 'SCHAEFFLER', 'SCHNEIDER', 'SCI', 'SOLARINDS', 'THERMAX', 'TORNTPOWER', 'USHAMART', 'WAAREEENER']
16:59:10 | INFO     | __main__:2392 -   🌱 FRESH trend + struct_edge: ['ABCAPITAL', 'BANDHANBNK', 'BHARATFORG', 'CANFINHOME', 'COALINDIA', 'CUB', 'FEDERALBNK', 'IFCI', 'IPCALAB', 'JSWSTEEL', 'LTF', 'TIMKEN']
16:59:10 | INFO     | __main__:2441 -   Sheet vs computed divergences (31), top 40 by rank:
16:59:10 | INFO     | __main__:2443 -     #1 NATIONALUM: mom WEAK→HOT  score 101→57.0
16:59:10 | INFO     | __main__:2443 -     #2 GVT&D: NOT COMPUTED — sheet mom=HOT  score=96
16:59:10 | INFO     | __main__:2443 -     #3 POWERINDIA: mom HOT→HOT  score 95→41.3
16:59:10 | INFO     | __main__:2443 -     #4 HINDCOPPER: NOT COMPUTED — sheet mom=WEAK  score=82
16:59:10 | INFO     | __main__:2443 -     #5 ADANIPOWER: mom HOT→HOT  score 71→42.3
16:59:10 | INFO     | __main__:2443 -     #6 VEDL: mom WEAK→BUILDING  score 65→41.7
16:59:10 | INFO     | __main__:2443 -     #7 BHARATFORG: mom STABLE→BUILDING  score 62→55.1
16:59:10 | INFO     | __main__:2443 -     #8 WELCORP: mom STABLE→HOT  score 62→40.5
16:59:10 | INFO     | __main__:2443 -     #9 BHEL: mom HOT→HOT  score 61→42.3
16:59:10 | INFO     | __main__:2443 -     #10 SAIL: NOT COMPUTED — sheet mom=HOT  score=60
16:59:10 | INFO     | __main__:2443 -     #11 CUMMINSIND: mom STABLE→HOT  score 59→61.0
16:59:10 | INFO     | __main__:2443 -     #14 GRAPHITE: mom #N/A (No matches are found in FILTER evaluation.)→HOT  score 53→55.2
16:59:10 | INFO     | __main__:2443 -     #15 LLOYDSME: mom #N/A (No matches are found in FILTER evaluation.)→HOT  score 52→45.1
16:59:10 | INFO     | __main__:2443 -     #16 KEI: mom STABLE→HOT  score 50→53.9
16:59:10 | INFO     | __main__:2443 -     #17 TATASTEEL: mom STABLE→HOT  score 50→58.6
16:59:10 | INFO     | __main__:2443 -     #18 JINDALSTEL: mom STABLE→BUILDING  score 49→53.5
16:59:10 | INFO     | __main__:2443 -     #19 GPIL: mom STABLE→HOT  score 48→60.7
16:59:10 | INFO     | __main__:2443 -     #20 NMDC: mom BUILDING→HOT  score 47→59.0
16:59:10 | INFO     | __main__:2443 -     #21 HINDZINC: mom STABLE→HOT  score 47→54.8
16:59:10 | INFO     | __main__:2443 -     #22 TORNTPOWER: mom BUILDING→HOT  score 46→56.7
16:59:10 | INFO     | __main__:2443 -     #23 SIEMENS: mom BUILDING→HOT  score 45→60.1
16:59:10 | INFO     | __main__:2443 -     #24 CGPOWER: mom BUILDING→HOT  score 43→57.4
16:59:10 | INFO     | __main__:2443 -     #25 NTPC: mom BUILDING→HOT  score 43→58.2
16:59:10 | INFO     | __main__:2443 -     #26 TATAPOWER: mom BUILDING→HOT  score 42→49.0
16:59:10 | INFO     | __main__:2443 -     #27 SARDAEN: mom BUILDING→HOT  score 42→61.0
16:59:10 | INFO     | __main__:2443 -     #28 POLYCAB: mom STABLE→HOT  score 41→54.4
16:59:10 | INFO     | __main__:2443 -     #29 JSWSTEEL: mom BUILDING→HOT  score 41→59.8
16:59:10 | INFO     | __main__:2443 -     #30 COALINDIA: mom STABLE→HOT  score 40→58.4
16:59:10 | INFO     | __main__:2443 -     #31 SOLARINDS: mom STABLE→HOT  score 38→59.2
16:59:10 | INFO     | __main__:2443 -     #32 POWERGRID: mom STABLE→HOT  score 35→56.8
16:59:10 | INFO     | __main__:2443 -     #33 JAINREC: mom #N/A (No matches are found in FILTER evaluation.)→BUILDING  score 17→43.8
16:59:10 | INFO     | __main__:2459 - Pass 3: writing results...
16:59:10 | SUCCESS  | __main__:2261 - ✓ shadow: 106 → msl_computed (merged)
17:08:59 | INFO     | config:187 - TradeOS v6 config loaded | Capital=₹200,000 | DRY_RUN=False | Phase=2
17:08:59 | INFO     | __main__:2304 - ======================================================================
17:08:59 | INFO     | __main__:2305 - STEP [14]: Compute MSL v3.0 | 2026-04-29 | mode=FULL
17:08:59 | INFO     | __main__:2309 - ======================================================================
17:08:59 | INFO     | __main__:2311 - Pass 1: loading data (9 bulk queries)...
17:09:00 | WARNING  | __main__:303 -   master_shortlist: falling back to 2026-04-28
17:09:00 | INFO     | __main__:307 -   Source table: master_shortlist (33 symbols)
17:09:00 | WARNING  | __main__:350 -   stock_data_daily: falling back to 2026-04-28
17:09:01 | INFO     | __main__:409 -   Safety gate: 1 symbols blocked (ASM/GSM/FO_BAN): ['SAIL']
17:09:01 | INFO     | __main__:527 -   Loaded: 33 symbols | 33 stock_data | 450 history | 24 sectors | regime=RECOVERING | 0 open positions | blocked=1 | FII=SELLING | news B:1/b:23
17:09:01 | INFO     | __main__:2317 - Pass 2: computing all fields...
17:09:01 | INFO     | __main__:2020 -   Regime context: RECOVERING | RSI extended @72 | regime_boost=+0 | macro_boost=-1.0 | VIX=18.0475 | breadth=45% | FII=SELLING | GIFT=+1.12%
17:09:01 | INFO     | __main__:2204 -   Safety-gated: ['SAIL(FO_BAN)']
17:09:01 | INFO     | __main__:2205 -   Computed: 32 | skipped: 1
17:09:01 | INFO     | __main__:2327 -   Results: 32 symbols
17:09:01 | INFO     | __main__:2328 -   Avg final_score:         52.5
17:09:01 | INFO     | __main__:2329 -   Avg momentum_score:      77.9
17:09:01 | INFO     | __main__:2330 -   Avg institutional_score: 26.2
17:09:01 | INFO     | __main__:2331 -   Avg breakout_readiness:  27.2
17:09:01 | INFO     | __main__:2332 -   Avg risk_score:          32.9
17:09:01 | INFO     | __main__:2333 -   Avg holding_score:       80.2
17:09:01 | INFO     | __main__:2334 -   Avg MA alignment:        5.4/6
17:09:01 | INFO     | __main__:2336 -   Momentum state:   {'HOT': 27, 'BUILDING': 5}
17:09:01 | INFO     | __main__:2337 -   Momentum phase:   {'EARLY': 3, 'EXTENDED': 11, 'EXPANSION': 13, 'EXHAUSTED': 4, 'FLAT': 1}
17:09:01 | INFO     | __main__:2338 -   Trend maturity:   {'FRESH': 3, 'DEVELOPING': 9, 'LATE': 13, 'EXHAUSTED': 7}
17:09:01 | INFO     | __main__:2339 -   Lifecycle:        {'HOLD': 27, 'EXIT': 1, 'ADD': 4}
17:09:01 | INFO     | __main__:2340 -   Entry timing:     {'CHASING': 9, 'EXTENDED': 12, 'REENTRY': 11}
17:09:01 | INFO     | __main__:2341 -   Weekly structure: {'STRONG': 27, 'CONSOLIDATING': 3, 'CAUTION': 2}
17:09:01 | INFO     | __main__:2342 -   BB context:       {'RIDING_UPPER': 10, 'UPPER_HALF': 21, 'MIDDLE': 1}
17:09:01 | INFO     | __main__:2343 -   VWAP alignment:   {'ABOVE_20D': 18, 'ABOVE_ALL': 4, 'ABOVE_ALL_EXTENDED': 7, 'MIXED': 3}
17:09:01 | INFO     | __main__:2344 -   Volume trend:     {'STABLE': 21, 'EXPANDING': 9, 'CONTRACTING': 2}
17:09:01 | INFO     | __main__:2345 -   Fund quality:     {'STABLE': 32}
17:09:01 | INFO     | __main__:2355 -   Score distribution: {'≥70': 0, '55-70': 15, '40-55': 16, '<40': 1}
17:09:01 | WARNING  | __main__:2357 -   ⚠ Less than 2 stocks scoring ≥70 — regime/data issue or regime is RISK OFF?
17:09:01 | INFO     | __main__:2361 -   Top 6 by final_score:
17:09:01 | INFO     | __main__:2365 -     HINDALCO     final= 61.1  hold= 85.2  mom=HOT      phase=EXTENDED   MA=6/6  BB=RIDING_UPPER         risk=32.0  struct=YES
17:09:01 | INFO     | __main__:2365 -     SARDAEN      final= 59.9  hold= 86.6  mom=HOT      phase=EXTENDED   MA=6/6  BB=UPPER_HALF           risk=24.0  struct=YES
17:09:01 | INFO     | __main__:2365 -     CUMMINSIND   final= 59.5  hold= 78.3  mom=HOT      phase=EXPANSION  MA=6/6  BB=UPPER_HALF           risk=30.0  struct=YES
17:09:01 | INFO     | __main__:2365 -     GPIL         final= 59.2  hold= 85.2  mom=HOT      phase=EXTENDED   MA=6/6  BB=UPPER_HALF           risk=32.0  struct=YES
17:09:01 | INFO     | __main__:2365 -     ABB          final= 58.4  hold= 79.4  mom=HOT      phase=EXTENDED   MA=6/6  BB=UPPER_HALF           risk=24.0  struct=YES
17:09:01 | INFO     | __main__:2365 -     SIEMENS      final= 58.3  hold= 85.4  mom=HOT      phase=EXTENDED   MA=6/6  BB=UPPER_HALF           risk=31.0  struct=YES
17:09:01 | INFO     | __main__:2382 -   ★ HOT + in zone (new opportunities): ['TORNTPOWER', 'GRAPHITE', 'SOLARINDS', 'ABB', 'HINDZINC', 'SARDAEN']
17:09:01 | INFO     | __main__:2392 -   🌱 FRESH trend + struct_edge: ['COALINDIA', 'JSWSTEEL', 'BHARATFORG']
17:09:01 | WARNING  | __main__:2414 -   Sheet comparison: falling back to 2026-04-28
17:09:01 | INFO     | __main__:2441 -   Sheet vs computed divergences (31), top 40 by rank:
17:09:01 | INFO     | __main__:2443 -     #1 NATIONALUM: mom WEAK→HOT  score 100→57.2
17:09:01 | INFO     | __main__:2443 -     #2 GVT&D: mom HOT→HOT  score 97→57.8
17:09:01 | INFO     | __main__:2443 -     #3 POWERINDIA: mom HOT→HOT  score 94→41.8
17:09:01 | INFO     | __main__:2443 -     #4 HINDCOPPER: mom WEAK→BUILDING  score 81→46.0
17:09:01 | INFO     | __main__:2443 -     #5 ADANIPOWER: mom HOT→HOT  score 68→41.2
17:09:01 | INFO     | __main__:2443 -     #6 VEDL: mom WEAK→BUILDING  score 65→42.4
17:09:01 | INFO     | __main__:2443 -     #7 WELCORP: mom STABLE→HOT  score 63→39.1
17:09:01 | INFO     | __main__:2443 -     #8 BHARATFORG: mom STABLE→BUILDING  score 62→54.1
17:09:01 | INFO     | __main__:2443 -     #9 BHEL: mom HOT→HOT  score 61→40.8
17:09:01 | INFO     | __main__:2443 -     #10 CUMMINSIND: mom STABLE→HOT  score 59→59.5
17:09:01 | INFO     | __main__:2443 -     #11 SAIL: NOT COMPUTED — sheet mom=HOT  score=59
17:09:01 | INFO     | __main__:2443 -     #14 GRAPHITE: mom #N/A (No matches are found in FILTER evaluation.)→HOT  score 52→53.5
17:09:01 | INFO     | __main__:2443 -     #15 LLOYDSME: mom #N/A (No matches are found in FILTER evaluation.)→HOT  score 50→43.1
17:09:01 | INFO     | __main__:2443 -     #16 TATASTEEL: mom STABLE→HOT  score 50→56.7
17:09:01 | INFO     | __main__:2443 -     #17 KEI: mom STABLE→HOT  score 50→52.1
17:09:01 | INFO     | __main__:2443 -     #18 JINDALSTEL: mom STABLE→BUILDING  score 49→53.4
17:09:01 | INFO     | __main__:2443 -     #19 GPIL: mom STABLE→HOT  score 48→59.2
17:09:01 | INFO     | __main__:2443 -     #20 NMDC: mom BUILDING→HOT  score 46→57.2
17:09:01 | INFO     | __main__:2443 -     #21 HINDZINC: mom STABLE→HOT  score 46→54.5
17:09:01 | INFO     | __main__:2443 -     #22 SIEMENS: mom BUILDING→HOT  score 45→58.3
17:09:01 | INFO     | __main__:2443 -     #23 TORNTPOWER: mom BUILDING→HOT  score 45→54.5
17:09:01 | INFO     | __main__:2443 -     #24 CGPOWER: mom BUILDING→HOT  score 43→55.7
17:09:01 | INFO     | __main__:2443 -     #25 NTPC: mom BUILDING→HOT  score 43→56.2
17:09:01 | INFO     | __main__:2443 -     #26 POLYCAB: mom STABLE→HOT  score 42→52.6
17:09:01 | INFO     | __main__:2443 -     #27 TATAPOWER: mom BUILDING→HOT  score 42→46.7
17:09:01 | INFO     | __main__:2443 -     #28 SARDAEN: mom BUILDING→HOT  score 41→59.9
17:09:01 | INFO     | __main__:2443 -     #29 JSWSTEEL: mom BUILDING→HOT  score 41→57.6
17:09:01 | INFO     | __main__:2443 -     #30 COALINDIA: mom STABLE→HOT  score 40→56.8
17:09:01 | INFO     | __main__:2443 -     #31 SOLARINDS: mom STABLE→HOT  score 37→57.3
17:09:01 | INFO     | __main__:2443 -     #32 POWERGRID: mom STABLE→HOT  score 35→54.8
17:09:01 | INFO     | __main__:2443 -     #33 JAINREC: mom #N/A (No matches are found in FILTER evaluation.)→BUILDING  score 16→41.2
17:09:01 | INFO     | __main__:2459 - Pass 3: writing results...
17:13:50 | INFO     | config:187 - TradeOS v6 config loaded | Capital=₹200,000 | DRY_RUN=False | Phase=2
17:13:50 | INFO     | __main__:2304 - ======================================================================
17:13:50 | INFO     | __main__:2305 - STEP [14]: Compute MSL v3.0 | 2026-04-29 | mode=FULL
17:13:50 | INFO     | __main__:2309 - ======================================================================
17:13:50 | INFO     | __main__:2311 - Pass 1: loading data (9 bulk queries)...
17:13:50 | WARNING  | __main__:303 -   master_shortlist: falling back to 2026-04-28
17:13:50 | INFO     | __main__:307 -   Source table: master_shortlist (33 symbols)
17:13:50 | WARNING  | __main__:350 -   stock_data_daily: falling back to 2026-04-28
17:13:51 | INFO     | __main__:409 -   Safety gate: 1 symbols blocked (ASM/GSM/FO_BAN): ['SAIL']
17:13:51 | INFO     | __main__:527 -   Loaded: 33 symbols | 33 stock_data | 450 history | 24 sectors | regime=RECOVERING | 0 open positions | blocked=1 | FII=SELLING | news B:1/b:23
17:13:51 | INFO     | __main__:2317 - Pass 2: computing all fields...
17:13:51 | INFO     | __main__:2020 -   Regime context: RECOVERING | RSI extended @72 | regime_boost=+0 | macro_boost=-1.0 | VIX=18.0475 | breadth=45% | FII=SELLING | GIFT=+1.12%
17:13:51 | INFO     | __main__:2204 -   Safety-gated: ['SAIL(FO_BAN)']
17:13:51 | INFO     | __main__:2205 -   Computed: 32 | skipped: 1
17:13:51 | INFO     | __main__:2327 -   Results: 32 symbols
17:13:51 | INFO     | __main__:2328 -   Avg final_score:         52.5
17:13:51 | INFO     | __main__:2329 -   Avg momentum_score:      77.9
17:13:51 | INFO     | __main__:2330 -   Avg institutional_score: 26.2
17:13:51 | INFO     | __main__:2331 -   Avg breakout_readiness:  27.2
17:13:51 | INFO     | __main__:2332 -   Avg risk_score:          32.9
17:13:51 | INFO     | __main__:2333 -   Avg holding_score:       80.2
17:13:51 | INFO     | __main__:2334 -   Avg MA alignment:        5.4/6
17:13:51 | INFO     | __main__:2336 -   Momentum state:   {'HOT': 27, 'BUILDING': 5}
17:13:51 | INFO     | __main__:2337 -   Momentum phase:   {'EARLY': 3, 'EXTENDED': 11, 'EXPANSION': 13, 'EXHAUSTED': 4, 'FLAT': 1}
17:13:51 | INFO     | __main__:2338 -   Trend maturity:   {'FRESH': 3, 'DEVELOPING': 9, 'LATE': 13, 'EXHAUSTED': 7}
17:13:51 | INFO     | __main__:2339 -   Lifecycle:        {'HOLD': 27, 'EXIT': 1, 'ADD': 4}
17:13:51 | INFO     | __main__:2340 -   Entry timing:     {'CHASING': 9, 'EXTENDED': 12, 'REENTRY': 11}
17:13:51 | INFO     | __main__:2341 -   Weekly structure: {'STRONG': 27, 'CONSOLIDATING': 3, 'CAUTION': 2}
17:13:51 | INFO     | __main__:2342 -   BB context:       {'RIDING_UPPER': 10, 'UPPER_HALF': 21, 'MIDDLE': 1}
17:13:51 | INFO     | __main__:2343 -   VWAP alignment:   {'ABOVE_20D': 18, 'ABOVE_ALL': 4, 'ABOVE_ALL_EXTENDED': 7, 'MIXED': 3}
17:13:51 | INFO     | __main__:2344 -   Volume trend:     {'STABLE': 21, 'EXPANDING': 9, 'CONTRACTING': 2}
17:13:51 | INFO     | __main__:2345 -   Fund quality:     {'STABLE': 32}
17:13:51 | INFO     | __main__:2355 -   Score distribution: {'≥70': 0, '55-70': 15, '40-55': 16, '<40': 1}
17:13:51 | WARNING  | __main__:2357 -   ⚠ Less than 2 stocks scoring ≥70 — regime/data issue or regime is RISK OFF?
17:13:51 | INFO     | __main__:2361 -   Top 6 by final_score:
17:13:51 | INFO     | __main__:2365 -     HINDALCO     final= 61.1  hold= 85.2  mom=HOT      phase=EXTENDED   MA=6/6  BB=RIDING_UPPER         risk=32.0  struct=YES
17:13:51 | INFO     | __main__:2365 -     SARDAEN      final= 59.9  hold= 86.6  mom=HOT      phase=EXTENDED   MA=6/6  BB=UPPER_HALF           risk=24.0  struct=YES
17:13:51 | INFO     | __main__:2365 -     CUMMINSIND   final= 59.5  hold= 78.3  mom=HOT      phase=EXPANSION  MA=6/6  BB=UPPER_HALF           risk=30.0  struct=YES
17:13:51 | INFO     | __main__:2365 -     GPIL         final= 59.2  hold= 85.2  mom=HOT      phase=EXTENDED   MA=6/6  BB=UPPER_HALF           risk=32.0  struct=YES
17:13:51 | INFO     | __main__:2365 -     ABB          final= 58.4  hold= 79.4  mom=HOT      phase=EXTENDED   MA=6/6  BB=UPPER_HALF           risk=24.0  struct=YES
17:13:51 | INFO     | __main__:2365 -     SIEMENS      final= 58.3  hold= 85.4  mom=HOT      phase=EXTENDED   MA=6/6  BB=UPPER_HALF           risk=31.0  struct=YES
17:13:51 | INFO     | __main__:2382 -   ★ HOT + in zone (new opportunities): ['TORNTPOWER', 'GRAPHITE', 'SOLARINDS', 'ABB', 'HINDZINC', 'SARDAEN']
17:13:51 | INFO     | __main__:2392 -   🌱 FRESH trend + struct_edge: ['COALINDIA', 'JSWSTEEL', 'BHARATFORG']
17:13:51 | WARNING  | __main__:2414 -   Sheet comparison: falling back to 2026-04-28
17:13:51 | INFO     | __main__:2441 -   Sheet vs computed divergences (31), top 40 by rank:
17:13:51 | INFO     | __main__:2443 -     #1 NATIONALUM: mom WEAK→HOT  score 100→57.2
17:13:51 | INFO     | __main__:2443 -     #2 GVT&D: mom HOT→HOT  score 97→57.8
17:13:51 | INFO     | __main__:2443 -     #3 POWERINDIA: mom HOT→HOT  score 94→41.8
17:13:51 | INFO     | __main__:2443 -     #4 HINDCOPPER: mom WEAK→BUILDING  score 81→46.0
17:13:51 | INFO     | __main__:2443 -     #5 ADANIPOWER: mom HOT→HOT  score 68→41.2
17:13:51 | INFO     | __main__:2443 -     #6 VEDL: mom WEAK→BUILDING  score 65→42.4
17:13:51 | INFO     | __main__:2443 -     #7 WELCORP: mom STABLE→HOT  score 63→39.1
17:13:51 | INFO     | __main__:2443 -     #8 BHARATFORG: mom STABLE→BUILDING  score 62→54.1
17:13:51 | INFO     | __main__:2443 -     #9 BHEL: mom HOT→HOT  score 61→40.8
17:13:51 | INFO     | __main__:2443 -     #10 CUMMINSIND: mom STABLE→HOT  score 59→59.5
17:13:51 | INFO     | __main__:2443 -     #11 SAIL: NOT COMPUTED — sheet mom=HOT  score=59
17:13:51 | INFO     | __main__:2443 -     #14 GRAPHITE: mom #N/A (No matches are found in FILTER evaluation.)→HOT  score 52→53.5
17:13:51 | INFO     | __main__:2443 -     #15 LLOYDSME: mom #N/A (No matches are found in FILTER evaluation.)→HOT  score 50→43.1
17:13:51 | INFO     | __main__:2443 -     #16 TATASTEEL: mom STABLE→HOT  score 50→56.7
17:13:51 | INFO     | __main__:2443 -     #17 KEI: mom STABLE→HOT  score 50→52.1
17:13:51 | INFO     | __main__:2443 -     #18 JINDALSTEL: mom STABLE→BUILDING  score 49→53.4
17:13:51 | INFO     | __main__:2443 -     #19 GPIL: mom STABLE→HOT  score 48→59.2
17:13:51 | INFO     | __main__:2443 -     #20 NMDC: mom BUILDING→HOT  score 46→57.2
17:13:51 | INFO     | __main__:2443 -     #21 HINDZINC: mom STABLE→HOT  score 46→54.5
17:13:51 | INFO     | __main__:2443 -     #22 SIEMENS: mom BUILDING→HOT  score 45→58.3
17:13:51 | INFO     | __main__:2443 -     #23 TORNTPOWER: mom BUILDING→HOT  score 45→54.5
17:13:51 | INFO     | __main__:2443 -     #24 CGPOWER: mom BUILDING→HOT  score 43→55.7
17:13:51 | INFO     | __main__:2443 -     #25 NTPC: mom BUILDING→HOT  score 43→56.2
17:13:51 | INFO     | __main__:2443 -     #26 POLYCAB: mom STABLE→HOT  score 42→52.6
17:13:51 | INFO     | __main__:2443 -     #27 TATAPOWER: mom BUILDING→HOT  score 42→46.7
17:13:51 | INFO     | __main__:2443 -     #28 SARDAEN: mom BUILDING→HOT  score 41→59.9
17:13:51 | INFO     | __main__:2443 -     #29 JSWSTEEL: mom BUILDING→HOT  score 41→57.6
17:13:51 | INFO     | __main__:2443 -     #30 COALINDIA: mom STABLE→HOT  score 40→56.8
17:13:51 | INFO     | __main__:2443 -     #31 SOLARINDS: mom STABLE→HOT  score 37→57.3
17:13:51 | INFO     | __main__:2443 -     #32 POWERGRID: mom STABLE→HOT  score 35→54.8
17:13:51 | INFO     | __main__:2443 -     #33 JAINREC: mom #N/A (No matches are found in FILTER evaluation.)→BUILDING  score 16→41.2
17:13:51 | INFO     | __main__:2459 - Pass 3: writing results...
17:13:51 | SUCCESS  | __main__:2285 - ✓ full: 32 → master_shortlist
17:16:26 | INFO     | config:187 - TradeOS v6 config loaded | Capital=₹200,000 | DRY_RUN=False | Phase=2
17:16:26 | INFO     | __main__:1419 - =================================================================
17:16:26 | INFO     | __main__:1420 - STEP: Screen Stocks v1.1 | 2026-04-29 | mode=FULL
17:16:26 | INFO     | __main__:1422 - =================================================================
17:16:26 | INFO     | __main__:1424 - Pass 1: loading data...
17:16:26 | WARNING  | __main__:141 - stock_data_daily: falling back to 2026-04-28
17:16:27 | INFO     | __main__:174 -   Loaded: 500 stocks | 24 sectors | regime=RECOVERING | asm=309 | fii=CAUTION | forced=0
17:16:27 | INFO     | __main__:1456 - Pass 2: running engines (regime=RECOVERING)...
17:16:27 | INFO     | __main__:304 -   CTL: 33 candidates
17:16:27 | INFO     | __main__:385 -   SBS: 1 candidates
17:16:27 | INFO     | __main__:465 -   TPO: 0 candidates
17:16:27 | INFO     | __main__:542 -   VBD: 0 candidates
17:16:27 | INFO     | __main__:607 -   IAD: 0 candidates
17:16:27 | INFO     | __main__:661 -   RSB: 1 candidates
17:16:27 | INFO     | __main__:764 -   MOM: 0 candidates [RECOVERING strict mode]
17:16:27 | INFO     | __main__:791 -   RVS: RECOVERING mode — primary engine, relaxed gates
17:16:27 | INFO     | __main__:879 -   RVS: 7 candidates
17:16:27 | INFO     | __main__:907 -   SEC: RECOVERING mode — restricting to top 3 sectors
17:16:27 | INFO     | __main__:955 -   SEC: 33 candidates [top 3 sectors only]
17:16:27 | INFO     | __main__:1485 -   Engine totals: CTL=33 SBS=1 TPO=0 VBD=0 IAD=0 RSB=1 MOM=0 RVS=7 SEC=33 | Total unique=56
17:16:27 | INFO     | __main__:1493 - Pass 3: aggregating and ranking...
17:16:27 | INFO     | __main__:1002 -   Regime weights (RECOVERING): CTL=0.8x | IAD=1.3x | MOM=0.7x | RSB=1.3x | RVS=1.5x | SBS=0.9x | SEC=1.2x | TPO=0.9x | VBD=0.8x
17:16:27 | INFO     | __main__:1113 -   Aggregated: 56 total unique | 51 after hard filters | 51 final
17:16:27 | INFO     | __main__:1507 - 
  ═══ TOP 51 SCREENED SYMBOLS (RECOVERING) ═══
17:16:27 | INFO     | __main__:1510 -      # 1 COALINDIA    score=123.6  engines=CTL,RSB,SBS,SEC              sector=metals & mining      rank=1
17:16:27 | INFO     | __main__:1510 -      # 2 VEDL         score=109.1  engines=CTL,RVS,SEC                  sector=metals & mining      rank=1
17:16:27 | INFO     | __main__:1510 -      # 3 APLAPOLLO    score=108.0  engines=RVS                          sector=industrials          rank=3
17:16:27 | INFO     | __main__:1510 -      # 4 GPIL         score=107.4  engines=CTL,SEC                      sector=metals & mining      rank=1
17:16:27 | INFO     | __main__:1510 -      # 5 AXISBANK     score=106.5  engines=RVS                          sector=bank                 rank=9
17:16:27 | INFO     | __main__:1510 -      # 6 JINDALSTEL   score= 95.6  engines=CTL,SEC                      sector=metals & mining      rank=1
17:16:27 | INFO     | __main__:1510 -      # 7 LUPIN        score= 94.5  engines=RVS                          sector=healthcare           rank=6
17:16:27 | INFO     | __main__:1510 -      # 8 SARDAEN      score= 93.5  engines=CTL,SEC                      sector=metals & mining      rank=1
17:16:27 | INFO     | __main__:1510 -      # 9 LLOYDSME     score= 92.0  engines=CTL                          sector=metals & mining      rank=1
17:16:27 | INFO     | __main__:1510 -      #10 TATASTEEL    score= 91.8  engines=CTL,SEC                      sector=metals & mining      rank=1
17:16:27 | INFO     | __main__:1510 -      #11 BANKINDIA    score= 91.5  engines=RVS                          sector=bank                 rank=9
17:16:27 | INFO     | __main__:1510 -      #12 HINDZINC     score= 90.6  engines=CTL,SEC                      sector=metals & mining      rank=1
17:16:27 | INFO     | __main__:1510 -      #13 HINDALCO     score= 89.2  engines=CTL,SEC                      sector=metals & mining      rank=1
17:16:27 | INFO     | __main__:1510 -      #14 INDUSTOWER   score= 88.5  engines=RVS                          sector=telecom              rank=5
17:16:27 | INFO     | __main__:1510 -      #15 NTPC         score= 87.9  engines=CTL,SEC                      sector=power & utilities    rank=2
17:16:27 | INFO     | __main__:1510 -      #16 JSWSTEEL     score= 86.9  engines=CTL,SEC                      sector=metals & mining      rank=1
17:16:27 | INFO     | __main__:1510 -      #17 NMDC         score= 86.2  engines=CTL,SEC                      sector=metals & mining      rank=1
17:16:27 | INFO     | __main__:1510 -      #18 BHARATFORG   score= 84.1  engines=CTL,SEC                      sector=industrials          rank=3
17:16:27 | INFO     | __main__:1510 -      #19 TORNTPOWER   score= 84.0  engines=CTL                          sector=power & utilities    rank=2
17:16:27 | INFO     | __main__:1510 -      #20 GMDCLTD      score= 84.0  engines=SEC                          sector=metals & mining      rank=1
17:16:27 | INFO     | __main__:1510 -      #21 POLYCAB      score= 82.2  engines=CTL,SEC                      sector=industrials          rank=3
17:16:27 | INFO     | __main__:1510 -      #22 TATAPOWER    score= 81.6  engines=CTL                          sector=power & utilities    rank=2
17:16:27 | INFO     | __main__:1510 -      #23 NATIONALUM   score= 81.6  engines=CTL,SEC                      sector=metals & mining      rank=1
17:16:27 | INFO     | __main__:1510 -      #24 JAINREC      score= 80.4  engines=SEC                          sector=metals & mining      rank=1
17:16:27 | INFO     | __main__:1510 -      #25 GRAVITA      score= 80.4  engines=SEC                          sector=metals & mining      rank=1
17:16:27 | INFO     | __main__:1510 -      #26 NSLNISP      score= 80.4  engines=SEC                          sector=metals & mining      rank=1
17:16:27 | INFO     | __main__:1510 -      #27 WELCORP      score= 79.2  engines=CTL                          sector=industrials          rank=3
17:16:27 | INFO     | __main__:1510 -      #28 BHEL         score= 79.2  engines=CTL                          sector=industrials          rank=3
17:16:27 | INFO     | __main__:1510 -      #29 ABB          score= 79.2  engines=CTL                          sector=industrials          rank=3
17:16:27 | INFO     | __main__:1510 -      #30 POWERGRID    score= 77.5  engines=CTL,SEC                      sector=power & utilities    rank=2
17:16:27 | INFO     | __main__:1510 -      #31 ADANIPOWER   score= 76.0  engines=CTL                          sector=power & utilities    rank=2
17:16:27 | INFO     | __main__:1510 -      #32 CUMMINSIND   score= 76.0  engines=CTL                          sector=industrials          rank=3
17:16:27 | INFO     | __main__:1510 -      #33 GRAPHITE     score= 76.0  engines=CTL                          sector=industrials          rank=3
17:16:27 | INFO     | __main__:1510 -      #34 ABCAPITAL    score= 75.0  engines=RVS                          sector=financials           rank=10
17:16:27 | INFO     | __main__:1510 -      #35 AIAENG       score= 74.4  engines=SEC                          sector=industrials          rank=3
17:16:27 | INFO     | __main__:1510 -      #36 APARINDS     score= 74.4  engines=SEC                          sector=industrials          rank=3
17:16:27 | INFO     | __main__:1510 -      #37 SCHAEFFLER   score= 74.4  engines=SEC                          sector=industrials          rank=3
17:16:27 | INFO     | __main__:1510 -      #38 NHPC         score= 73.2  engines=SEC                          sector=power & utilities    rank=2
17:16:27 | INFO     | __main__:1510 -      #39 SIEMENS      score= 72.8  engines=CTL                          sector=industrials          rank=3
17:16:27 | INFO     | __main__:1510 -      #40 KEI          score= 72.0  engines=CTL                          sector=industrials          rank=3
17:16:27 | INFO     | __main__:1510 -      #41 JINDALSAW    score= 72.0  engines=SEC                          sector=industrials          rank=3
17:16:27 | INFO     | __main__:1510 -      #42 SHYAMMETL    score= 72.0  engines=SEC                          sector=metals & mining      rank=1
17:16:27 | INFO     | __main__:1510 -      #43 CGPOWER      score= 70.4  engines=CTL                          sector=industrials          rank=3
17:16:27 | INFO     | __main__:1510 -      #44 CESC         score= 69.6  engines=CTL                          sector=power & utilities    rank=2
17:16:27 | INFO     | __main__:1510 -      #45 TIMKEN       score= 68.4  engines=SEC                          sector=industrials          rank=3
17:16:27 | INFO     | __main__:1510 -      #46 SJVN         score= 67.2  engines=SEC                          sector=power & utilities    rank=2
17:16:27 | INFO     | __main__:1510 -      #47 JPPOWER      score= 67.2  engines=SEC                          sector=power & utilities    rank=2
17:16:27 | INFO     | __main__:1510 -      #48 NTPCGREEN    score= 67.2  engines=SEC                          sector=power & utilities    rank=2
17:16:27 | INFO     | __main__:1510 -      #49 JSL          score= 66.0  engines=SEC                          sector=metals & mining      rank=1
17:16:27 | INFO     | __main__:1510 -      #50 POWERINDIA   score= 65.6  engines=CTL                          sector=industrials          rank=3
17:16:27 | INFO     | __main__:1510 -      #51 SOLARINDS    score= 64.8  engines=CTL                          sector=aerospace & defence  rank=4
17:16:27 | INFO     | __main__:1526 -   Multi-engine confirmed: 15/51
17:16:27 | INFO     | __main__:1527 -   Sector distribution: {'metals & mining': 18, 'industrials': 17, 'bank': 2, 'healthcare': 1, 'telecom': 1, 'power & utilities': 10, 'financials': 1, 'aerospace & defence': 1}
17:16:27 | INFO     | __main__:1528 -   Engine hits: {'CTL': 30, 'RSB': 1, 'SBS': 1, 'SEC': 30, 'RVS': 7}
17:16:27 | INFO     | __main__:1531 - Pass 4: writing (full mode)...
17:16:28 | SUCCESS  | __main__:1196 - ✓ 51 symbols → master_shortlist
17:16:28 | INFO     | __main__:1221 -   EAP revival: no penalized stocks found yesterday — skipping
17:16:28 | INFO     | __main__:1289 -   Outcomes: no price data for today — skipping
17:19:18 | INFO     | config:187 - TradeOS v6 config loaded | Capital=₹200,000 | DRY_RUN=False | Phase=2
17:19:18 | INFO     | __main__:2304 - ======================================================================
17:19:18 | INFO     | __main__:2305 - STEP [14]: Compute MSL v3.0 | 2026-04-29 | mode=FULL
17:19:18 | INFO     | __main__:2309 - ======================================================================
17:19:18 | INFO     | __main__:2311 - Pass 1: loading data (9 bulk queries)...
17:19:18 | INFO     | __main__:307 -   Source table: master_shortlist (51 symbols)
17:19:19 | WARNING  | __main__:350 -   stock_data_daily: falling back to 2026-04-28
17:19:20 | INFO     | __main__:527 -   Loaded: 51 symbols | 51 stock_data | 451 history | 24 sectors | regime=RECOVERING | 0 open positions | blocked=0 | FII=SELLING | news B:1/b:23
17:19:20 | INFO     | __main__:2317 - Pass 2: computing all fields...
17:19:20 | INFO     | __main__:2020 -   Regime context: RECOVERING | RSI extended @72 | regime_boost=+0 | macro_boost=-1.0 | VIX=18.0475 | breadth=45% | FII=SELLING | GIFT=+1.12%
17:19:20 | INFO     | __main__:2205 -   Computed: 51 | skipped: 0
17:19:20 | INFO     | __main__:2327 -   Results: 51 symbols
17:19:20 | INFO     | __main__:2328 -   Avg final_score:         49.5
17:19:20 | INFO     | __main__:2329 -   Avg momentum_score:      70.6
17:19:20 | INFO     | __main__:2330 -   Avg institutional_score: 23.6
17:19:20 | INFO     | __main__:2331 -   Avg breakout_readiness:  24.4
17:19:20 | INFO     | __main__:2332 -   Avg risk_score:          30.2
17:19:20 | INFO     | __main__:2333 -   Avg holding_score:       72.6
17:19:20 | INFO     | __main__:2334 -   Avg MA alignment:        5.0/6
17:19:20 | INFO     | __main__:2336 -   Momentum state:   {'HOT': 36, 'BUILDING': 10, 'WEAK': 4, 'STABLE': 1}
17:19:20 | INFO     | __main__:2337 -   Momentum phase:   {'EARLY': 3, 'FLAT': 8, 'EXTENDED': 17, 'EXPANSION': 19, 'EXHAUSTED': 4}
17:19:20 | INFO     | __main__:2338 -   Trend maturity:   {'FRESH': 6, 'LATE': 17, 'FLAT': 6, 'DEVELOPING': 14, 'EXHAUSTED': 8}
17:19:20 | INFO     | __main__:2339 -   Lifecycle:        {'HOLD': 40, 'EXIT': 6, 'ADD': 5}
17:19:20 | INFO     | __main__:2340 -   Entry timing:     {'CHASING': 12, 'REENTRY': 22, 'APPROACHING': 3, 'EXTENDED': 14}
17:19:20 | INFO     | __main__:2341 -   Weekly structure: {'STRONG': 39, 'CAUTION': 5, 'CONSOLIDATING': 6, 'WEAK': 1}
17:19:20 | INFO     | __main__:2342 -   BB context:       {'RIDING_UPPER': 14, 'MIDDLE': 6, 'LOWER_HALF': 3, 'UPPER_HALF': 28}
17:19:20 | INFO     | __main__:2343 -   VWAP alignment:   {'ABOVE_20D': 23, 'ABOVE_TODAY_ONLY': 2, 'MIXED': 9, 'ABOVE_ALL_EXTENDED': 10, 'ABOVE_ALL': 6, 'BELOW_ALL': 1}
17:19:20 | INFO     | __main__:2344 -   Volume trend:     {'STABLE': 33, 'EXPANDING': 13, 'CONTRACTING': 3, 'DECLINING': 2}
17:19:20 | INFO     | __main__:2345 -   Fund quality:     {'STABLE': 50, 'LOSS_MAKING': 1}
17:19:20 | INFO     | __main__:2355 -   Score distribution: {'≥70': 0, '55-70': 20, '40-55': 23, '<40': 8}
17:19:20 | WARNING  | __main__:2357 -   ⚠ Less than 2 stocks scoring ≥70 — regime/data issue or regime is RISK OFF?
17:19:20 | INFO     | __main__:2361 -   Top 6 by final_score:
17:19:20 | INFO     | __main__:2365 -     HINDALCO     final= 61.9  hold= 85.2  mom=HOT      phase=EXTENDED   MA=6/6  BB=RIDING_UPPER         risk=32.0  struct=YES
17:19:20 | INFO     | __main__:2365 -     SARDAEN      final= 61.5  hold= 86.6  mom=HOT      phase=EXTENDED   MA=6/6  BB=UPPER_HALF           risk=24.0  struct=YES
17:19:20 | INFO     | __main__:2365 -     GPIL         final= 61.1  hold= 85.2  mom=HOT      phase=EXTENDED   MA=6/6  BB=UPPER_HALF           risk=32.0  struct=YES
17:19:20 | INFO     | __main__:2365 -     CUMMINSIND   final= 60.1  hold= 78.3  mom=HOT      phase=EXPANSION  MA=6/6  BB=UPPER_HALF           risk=30.0  struct=YES
17:19:20 | INFO     | __main__:2365 -     ABB          final= 59.4  hold= 79.4  mom=HOT      phase=EXTENDED   MA=6/6  BB=UPPER_HALF           risk=24.0  struct=YES
17:19:20 | INFO     | __main__:2365 -     SIEMENS      final= 59.4  hold= 85.4  mom=HOT      phase=EXTENDED   MA=6/6  BB=UPPER_HALF           risk=31.0  struct=YES
17:19:20 | INFO     | __main__:2392 -   🌱 FRESH trend + struct_edge: ['COALINDIA', 'JSWSTEEL', 'BHARATFORG', 'ABCAPITAL', 'TIMKEN']
17:19:20 | INFO     | __main__:2441 -   Sheet vs computed divergences (51), top 40 by rank:
17:19:20 | INFO     | __main__:2443 -     #1 COALINDIA: mom None→HOT  score 124→58.7
17:19:20 | INFO     | __main__:2443 -     #2 VEDL: mom None→BUILDING  score 109→43.3
17:19:20 | INFO     | __main__:2443 -     #3 APLAPOLLO: mom None→WEAK  score 108→24.5
17:19:20 | INFO     | __main__:2443 -     #4 GPIL: mom None→HOT  score 107→61.1
17:19:20 | INFO     | __main__:2443 -     #5 AXISBANK: mom None→WEAK  score 106→24.7
17:19:20 | INFO     | __main__:2443 -     #6 JINDALSTEL: mom None→BUILDING  score 96→54.8
17:19:20 | INFO     | __main__:2443 -     #7 LUPIN: mom None→STABLE  score 94→34.3
17:19:20 | INFO     | __main__:2443 -     #8 SARDAEN: mom None→HOT  score 94→61.5
17:19:20 | INFO     | __main__:2443 -     #9 LLOYDSME: mom None→HOT  score 92→44.8
17:19:20 | INFO     | __main__:2443 -     #10 TATASTEEL: mom None→HOT  score 92→58.0
17:19:20 | INFO     | __main__:2443 -     #11 BANKINDIA: mom None→WEAK  score 92→19.7
17:19:20 | INFO     | __main__:2443 -     #12 HINDZINC: mom None→HOT  score 91→55.9
17:19:20 | INFO     | __main__:2443 -     #13 HINDALCO: mom None→HOT  score 89→61.9
17:19:20 | INFO     | __main__:2443 -     #14 INDUSTOWER: mom None→WEAK  score 88→19.5
17:19:20 | INFO     | __main__:2443 -     #15 NTPC: mom None→HOT  score 88→57.6
17:19:20 | INFO     | __main__:2443 -     #16 JSWSTEEL: mom None→HOT  score 87→59.1
17:19:20 | INFO     | __main__:2443 -     #17 NMDC: mom None→HOT  score 86→58.4
17:19:20 | INFO     | __main__:2443 -     #18 BHARATFORG: mom None→BUILDING  score 84→54.6
17:19:20 | INFO     | __main__:2443 -     #19 TORNTPOWER: mom None→HOT  score 84→56.1
17:19:20 | INFO     | __main__:2443 -     #20 GMDCLTD: mom None→HOT  score 84→56.0
17:19:20 | INFO     | __main__:2443 -     #21 POLYCAB: mom None→HOT  score 82→53.8
17:19:20 | INFO     | __main__:2443 -     #22 TATAPOWER: mom None→HOT  score 82→48.3
17:19:20 | INFO     | __main__:2443 -     #23 NATIONALUM: mom None→HOT  score 82→56.1
17:19:20 | INFO     | __main__:2443 -     #24 JAINREC: mom None→BUILDING  score 80→43.8
17:19:20 | INFO     | __main__:2443 -     #25 GRAVITA: mom None→BUILDING  score 80→45.3
17:19:20 | INFO     | __main__:2443 -     #26 NSLNISP: mom None→BUILDING  score 80→43.4
17:19:20 | INFO     | __main__:2443 -     #27 WELCORP: mom None→HOT  score 79→39.7
17:19:20 | INFO     | __main__:2443 -     #28 BHEL: mom None→HOT  score 79→41.5
17:19:20 | INFO     | __main__:2443 -     #29 ABB: mom None→HOT  score 79→59.4
17:19:20 | INFO     | __main__:2443 -     #30 POWERGRID: mom None→HOT  score 78→56.1
17:19:20 | INFO     | __main__:2443 -     #31 ADANIPOWER: mom None→HOT  score 76→41.5
17:19:20 | INFO     | __main__:2443 -     #32 CUMMINSIND: mom None→HOT  score 76→60.1
17:19:20 | INFO     | __main__:2443 -     #33 GRAPHITE: mom None→HOT  score 76→54.5
17:19:20 | INFO     | __main__:2443 -     #34 ABCAPITAL: mom None→BUILDING  score 75→35.9
17:19:20 | INFO     | __main__:2443 -     #35 AIAENG: mom None→HOT  score 74→54.6
17:19:20 | INFO     | __main__:2443 -     #36 APARINDS: mom None→HOT  score 74→55.7
17:19:20 | INFO     | __main__:2443 -     #37 SCHAEFFLER: mom None→HOT  score 74→52.0
17:19:20 | INFO     | __main__:2443 -     #38 NHPC: mom None→HOT  score 73→53.4
17:19:20 | INFO     | __main__:2443 -     #39 SIEMENS: mom None→HOT  score 73→59.4
17:19:20 | INFO     | __main__:2443 -     #40 KEI: mom None→HOT  score 72→53.0
17:19:20 | INFO     | __main__:2459 - Pass 3: writing results...
17:19:20 | SUCCESS  | __main__:2285 - ✓ full: 51 → master_shortlist
17:33:30 | INFO     | config:187 - TradeOS v6 config loaded | Capital=₹200,000 | DRY_RUN=False | Phase=2
17:33:30 | INFO     | __main__:1419 - =================================================================
17:33:30 | INFO     | __main__:1420 - STEP: Screen Stocks v1.1 | 2026-04-29 | mode=SHADOW
17:33:30 | INFO     | __main__:1422 - =================================================================
17:33:30 | INFO     | __main__:1424 - Pass 1: loading data...
17:33:31 | WARNING  | __main__:141 - stock_data_daily: falling back to 2026-04-28
17:33:31 | INFO     | __main__:174 -   Loaded: 500 stocks | 24 sectors | regime=RECOVERING | asm=309 | fii=CAUTION | forced=0
17:33:31 | INFO     | __main__:1456 - Pass 2: running engines (regime=RECOVERING)...
17:33:31 | INFO     | __main__:304 -   CTL: 33 candidates
17:33:31 | INFO     | __main__:385 -   SBS: 1 candidates
17:33:31 | INFO     | __main__:465 -   TPO: 0 candidates
17:33:31 | INFO     | __main__:542 -   VBD: 0 candidates
17:33:31 | INFO     | __main__:607 -   IAD: 0 candidates
17:33:31 | INFO     | __main__:661 -   RSB: 1 candidates
17:33:31 | INFO     | __main__:764 -   MOM: 0 candidates [RECOVERING strict mode]
17:33:31 | INFO     | __main__:791 -   RVS: RECOVERING mode — primary engine, relaxed gates
17:33:31 | INFO     | __main__:879 -   RVS: 7 candidates
17:33:31 | INFO     | __main__:907 -   SEC: RECOVERING mode — restricting to top 3 sectors
17:33:31 | INFO     | __main__:955 -   SEC: 33 candidates [top 3 sectors only]
17:33:31 | INFO     | __main__:1485 -   Engine totals: CTL=33 SBS=1 TPO=0 VBD=0 IAD=0 RSB=1 MOM=0 RVS=7 SEC=33 | Total unique=56
17:33:31 | INFO     | __main__:1493 - Pass 3: aggregating and ranking...
17:33:31 | INFO     | __main__:1002 -   Regime weights (RECOVERING): CTL=0.8x | IAD=1.3x | MOM=0.7x | RSB=1.3x | RVS=1.5x | SBS=0.9x | SEC=1.2x | TPO=0.9x | VBD=0.8x
17:33:31 | INFO     | __main__:1113 -   Aggregated: 56 total unique | 51 after hard filters | 51 final
17:33:31 | INFO     | __main__:1507 - 
  ═══ TOP 51 SCREENED SYMBOLS (RECOVERING) ═══
17:33:31 | INFO     | __main__:1510 -      # 1 COALINDIA    score=123.6  engines=CTL,RSB,SBS,SEC              sector=metals & mining      rank=1
17:33:31 | INFO     | __main__:1510 -      # 2 VEDL         score=109.1  engines=CTL,RVS,SEC                  sector=metals & mining      rank=1
17:33:31 | INFO     | __main__:1510 -      # 3 APLAPOLLO    score=108.0  engines=RVS                          sector=industrials          rank=3
17:33:31 | INFO     | __main__:1510 -      # 4 GPIL         score=107.4  engines=CTL,SEC                      sector=metals & mining      rank=1
17:33:31 | INFO     | __main__:1510 -      # 5 AXISBANK     score=106.5  engines=RVS                          sector=bank                 rank=9
17:33:31 | INFO     | __main__:1510 -      # 6 JINDALSTEL   score= 95.6  engines=CTL,SEC                      sector=metals & mining      rank=1
17:33:31 | INFO     | __main__:1510 -      # 7 LUPIN        score= 94.5  engines=RVS                          sector=healthcare           rank=6
17:33:31 | INFO     | __main__:1510 -      # 8 SARDAEN      score= 93.5  engines=CTL,SEC                      sector=metals & mining      rank=1
17:33:31 | INFO     | __main__:1510 -      # 9 LLOYDSME     score= 92.0  engines=CTL                          sector=metals & mining      rank=1
17:33:31 | INFO     | __main__:1510 -      #10 TATASTEEL    score= 91.8  engines=CTL,SEC                      sector=metals & mining      rank=1
17:33:31 | INFO     | __main__:1510 -      #11 BANKINDIA    score= 91.5  engines=RVS                          sector=bank                 rank=9
17:33:31 | INFO     | __main__:1510 -      #12 HINDZINC     score= 90.6  engines=CTL,SEC                      sector=metals & mining      rank=1
17:33:31 | INFO     | __main__:1510 -      #13 HINDALCO     score= 89.2  engines=CTL,SEC                      sector=metals & mining      rank=1
17:33:31 | INFO     | __main__:1510 -      #14 INDUSTOWER   score= 88.5  engines=RVS                          sector=telecom              rank=5
17:33:31 | INFO     | __main__:1510 -      #15 NTPC         score= 87.9  engines=CTL,SEC                      sector=power & utilities    rank=2
17:33:31 | INFO     | __main__:1510 -      #16 JSWSTEEL     score= 86.9  engines=CTL,SEC                      sector=metals & mining      rank=1
17:33:31 | INFO     | __main__:1510 -      #17 NMDC         score= 86.2  engines=CTL,SEC                      sector=metals & mining      rank=1
17:33:31 | INFO     | __main__:1510 -      #18 BHARATFORG   score= 84.1  engines=CTL,SEC                      sector=industrials          rank=3
17:33:31 | INFO     | __main__:1510 -      #19 TORNTPOWER   score= 84.0  engines=CTL                          sector=power & utilities    rank=2
17:33:31 | INFO     | __main__:1510 -      #20 GMDCLTD      score= 84.0  engines=SEC                          sector=metals & mining      rank=1
17:33:31 | INFO     | __main__:1510 -      #21 POLYCAB      score= 82.2  engines=CTL,SEC                      sector=industrials          rank=3
17:33:31 | INFO     | __main__:1510 -      #22 TATAPOWER    score= 81.6  engines=CTL                          sector=power & utilities    rank=2
17:33:31 | INFO     | __main__:1510 -      #23 NATIONALUM   score= 81.6  engines=CTL,SEC                      sector=metals & mining      rank=1
17:33:31 | INFO     | __main__:1510 -      #24 JAINREC      score= 80.4  engines=SEC                          sector=metals & mining      rank=1
17:33:31 | INFO     | __main__:1510 -      #25 GRAVITA      score= 80.4  engines=SEC                          sector=metals & mining      rank=1
17:33:31 | INFO     | __main__:1510 -      #26 NSLNISP      score= 80.4  engines=SEC                          sector=metals & mining      rank=1
17:33:31 | INFO     | __main__:1510 -      #27 WELCORP      score= 79.2  engines=CTL                          sector=industrials          rank=3
17:33:31 | INFO     | __main__:1510 -      #28 BHEL         score= 79.2  engines=CTL                          sector=industrials          rank=3
17:33:31 | INFO     | __main__:1510 -      #29 ABB          score= 79.2  engines=CTL                          sector=industrials          rank=3
17:33:31 | INFO     | __main__:1510 -      #30 POWERGRID    score= 77.5  engines=CTL,SEC                      sector=power & utilities    rank=2
17:33:31 | INFO     | __main__:1510 -      #31 ADANIPOWER   score= 76.0  engines=CTL                          sector=power & utilities    rank=2
17:33:31 | INFO     | __main__:1510 -      #32 CUMMINSIND   score= 76.0  engines=CTL                          sector=industrials          rank=3
17:33:31 | INFO     | __main__:1510 -      #33 GRAPHITE     score= 76.0  engines=CTL                          sector=industrials          rank=3
17:33:31 | INFO     | __main__:1510 -      #34 ABCAPITAL    score= 75.0  engines=RVS                          sector=financials           rank=10
17:33:31 | INFO     | __main__:1510 -      #35 AIAENG       score= 74.4  engines=SEC                          sector=industrials          rank=3
17:33:31 | INFO     | __main__:1510 -      #36 APARINDS     score= 74.4  engines=SEC                          sector=industrials          rank=3
17:33:31 | INFO     | __main__:1510 -      #37 SCHAEFFLER   score= 74.4  engines=SEC                          sector=industrials          rank=3
17:33:31 | INFO     | __main__:1510 -      #38 NHPC         score= 73.2  engines=SEC                          sector=power & utilities    rank=2
17:33:31 | INFO     | __main__:1510 -      #39 SIEMENS      score= 72.8  engines=CTL                          sector=industrials          rank=3
17:33:31 | INFO     | __main__:1510 -      #40 KEI          score= 72.0  engines=CTL                          sector=industrials          rank=3
17:33:31 | INFO     | __main__:1510 -      #41 JINDALSAW    score= 72.0  engines=SEC                          sector=industrials          rank=3
17:33:31 | INFO     | __main__:1510 -      #42 SHYAMMETL    score= 72.0  engines=SEC                          sector=metals & mining      rank=1
17:33:31 | INFO     | __main__:1510 -      #43 CGPOWER      score= 70.4  engines=CTL                          sector=industrials          rank=3
17:33:31 | INFO     | __main__:1510 -      #44 CESC         score= 69.6  engines=CTL                          sector=power & utilities    rank=2
17:33:31 | INFO     | __main__:1510 -      #45 TIMKEN       score= 68.4  engines=SEC                          sector=industrials          rank=3
17:33:31 | INFO     | __main__:1510 -      #46 SJVN         score= 67.2  engines=SEC                          sector=power & utilities    rank=2
17:33:31 | INFO     | __main__:1510 -      #47 JPPOWER      score= 67.2  engines=SEC                          sector=power & utilities    rank=2
17:33:31 | INFO     | __main__:1510 -      #48 NTPCGREEN    score= 67.2  engines=SEC                          sector=power & utilities    rank=2
17:33:31 | INFO     | __main__:1510 -      #49 JSL          score= 66.0  engines=SEC                          sector=metals & mining      rank=1
17:33:31 | INFO     | __main__:1510 -      #50 POWERINDIA   score= 65.6  engines=CTL                          sector=industrials          rank=3
17:33:31 | INFO     | __main__:1510 -      #51 SOLARINDS    score= 64.8  engines=CTL                          sector=aerospace & defence  rank=4
17:33:31 | INFO     | __main__:1526 -   Multi-engine confirmed: 15/51
17:33:31 | INFO     | __main__:1527 -   Sector distribution: {'metals & mining': 18, 'industrials': 17, 'bank': 2, 'healthcare': 1, 'telecom': 1, 'power & utilities': 10, 'financials': 1, 'aerospace & defence': 1}
17:33:31 | INFO     | __main__:1528 -   Engine hits: {'CTL': 30, 'RSB': 1, 'SBS': 1, 'SEC': 30, 'RVS': 7}
17:33:31 | INFO     | __main__:1531 - Pass 4: writing (shadow mode)...
17:33:31 | SUCCESS  | __main__:1169 - ✓ 51 symbols → msl_computed
17:33:31 | INFO     | __main__:1221 -   EAP revival: no penalized stocks found yesterday — skipping
17:33:31 | INFO     | __main__:1289 -   Outcomes: no price data for today — skipping
17:36:57 | INFO     | config:187 - TradeOS v6 config loaded | Capital=₹200,000 | DRY_RUN=True | Phase=2
17:36:57 | INFO     | __main__:849 - ============================================================
17:36:57 | INFO     | __main__:850 - STEP [15]: Generate Signals v3
17:36:57 | INFO     | __main__:851 - ============================================================
17:36:58 | INFO     | __main__:120 - No stock_data_daily for 2026-04-29 — using last trading day 2026-04-28
17:36:58 | INFO     | __main__:167 -   MSL rows loaded: 51 | compute_source breakdown: {'unknown': 51}
17:36:58 | INFO     | __main__:858 - Signal breakdown:   {'WATCH': 32}
17:36:58 | INFO     | __main__:859 - Subtype breakdown:  {}
17:36:58 | INFO     | __main__:870 -   BUY CANDIDATES:  0 (PRIME: 0)
17:36:58 | INFO     | __main__:872 -   EXIT signals:    0
17:36:58 | INFO     | __main__:873 -   REDUCE signals:  0
17:36:58 | INFO     | __main__:874 -   REGIME WARNS:    0
17:36:58 | INFO     | __main__:878 -   WATCH signals (32) by filter reason:
17:36:58 | INFO     | __main__:881 -     blocked_low_liquidity: 32 — e.g. ABB, HINDALCO, SARDAEN, GPIL
17:36:58 | INFO     | __main__:894 -   Market context: VIX=18.0475 Nifty5d=-2.36 Breadth=44.79% FII20d=-52959.73
17:36:58 | INFO     | __main__:832 - [DRY RUN] Would write 32 signals
17:44:34 | INFO     | config:187 - TradeOS v6 config loaded | Capital=₹200,000 | DRY_RUN=False | Phase=2
17:44:35 | INFO     | __main__:925 - compute_indicators v2.2 — 2026-04-29 — COMPUTE_ONLY
17:44:36 | INFO     | __main__:905 -   Resolved trading date: 2026-04-29 → 2026-04-28
17:44:36 | INFO     | __main__:938 - Pass 1: bulk data fetch...
17:44:36 | INFO     | __main__:389 -   chartink_raw_data: 500 rows
17:44:36 | INFO     | __main__:194 -   fetch_bulk_history_yf: checking price_history_yf cache (500 symbols)...
17:44:38 | INFO     | __main__:237 -   price_history_yf: 0 have base | 0 tail-refresh | 500 full fetch
17:44:38 | INFO     | __main__:269 -   yfinance: 500 full + 0 tail fetches...
17:46:56 | INFO     | config:187 - TradeOS v6 config loaded | Capital=₹200,000 | DRY_RUN=False | Phase=2
17:47:13 | INFO     | __main__:76 - Navigating to Chartink login...
17:47:16 | INFO     | __main__:82 - ✓ Login submitted
17:47:16 | INFO     | __main__:85 - Navigating to Swing dashboard...
17:47:29 | INFO     | __main__:87 - Waiting for widgets to render...
17:47:41 | WARNING  | __main__:108 - 4 widgets failed to load — retrying page...
17:48:05 | INFO     | __main__:128 - Widget box: {'x': 928, 'y': 578, 'width': 441, 'height': 334}
17:48:06 | INFO     | __main__:133 - Widget box after scroll: {'x': 928, 'y': 281, 'width': 441, 'height': 334}
17:48:06 | INFO     | __main__:141 - Moving mouse: neutral → title (988,296) → CSV (1319,296)
17:48:11 | INFO     | __main__:150 - Clicking CSV button...
17:48:11 | INFO     | __main__:156 - ✓ CSV downloaded: 500 rows
17:48:12 | INFO     | __main__:177 - Writing 500 rows to 'Chartink Raw Data_Nifty 500'...
17:48:16 | INFO     | __main__:193 - ✓ Written to 'Chartink Raw Data_Nifty 500': 500 rows, 51 columns
17:48:16 | INFO     | __main__:199 - Upserting 500 rows to Supabase chartink_raw_data...
17:48:18 | INFO     | __main__:265 - ✓ Upserted to chartink_raw_data: 500 rows
17:48:58 | INFO     | config:187 - TradeOS v6 config loaded | Capital=₹200,000 | DRY_RUN=False | Phase=2
17:49:00 | INFO     | __main__:925 - compute_indicators v2.2 — 2026-04-29 — COMPUTE_ONLY
17:49:00 | INFO     | __main__:938 - Pass 1: bulk data fetch...
17:49:00 | INFO     | __main__:389 -   chartink_raw_data: 500 rows
17:49:00 | INFO     | __main__:194 -   fetch_bulk_history_yf: checking price_history_yf cache (500 symbols)...
17:49:02 | INFO     | __main__:237 -   price_history_yf: 0 have base | 0 tail-refresh | 500 full fetch
17:49:02 | INFO     | __main__:269 -   yfinance: 500 full + 0 tail fetches...
17:49:29 | INFO     | __main__:357 -   Caching 154081 rows to price_history_yf...
17:49:52 | INFO     | __main__:363 -   Cached successfully
17:49:52 | INFO     | __main__:375 -   fetch_bulk_history_yf: 500 symbols | 154081 total sessions | 500 fetched from yfinance
17:49:52 | INFO     | __main__:425 -   Upcoming events: 284 symbols with events in next 30d
17:49:53 | INFO     | __main__:449 -   MSL symbols: 51 in shortlist
17:49:53 | INFO     | __main__:473 -   Index membership: 598 symbols mapped
17:49:53 | INFO     | __main__:510 -   raw_prices: 0 symbols with delivery/value data
17:49:53 | INFO     | __main__:954 -   Nifty 1M return: 0.9164%
17:49:53 | INFO     | __main__:961 - Pass 2: computing and reconciling...
17:49:53 | INFO     | __main__:1012 - =================================================================
17:49:53 | INFO     | __main__:1013 - COMPUTE INDICATORS SUMMARY — 2026-04-29 — COMPUTE_ONLY
17:49:53 | INFO     | __main__:1014 -   Symbols: 500 processed | 0 skipped
17:49:53 | INFO     | __main__:1038 - =================================================================
17:49:53 | INFO     | __main__:1054 - Pass 3: writing 500 rows to stock_data_daily...
17:49:54 | SUCCESS  | __main__:1062 - compute_indicators: 500 written | 0 skipped | 0 diverged field types requiring review
17:51:32 | INFO     | config:187 - TradeOS v6 config loaded | Capital=₹200,000 | DRY_RUN=False | Phase=2
17:51:32 | INFO     | __main__:1419 - =================================================================
17:51:32 | INFO     | __main__:1420 - STEP: Screen Stocks v1.1 | 2026-04-29 | mode=FULL
17:51:32 | INFO     | __main__:1422 - =================================================================
17:51:32 | INFO     | __main__:1424 - Pass 1: loading data...
17:51:32 | INFO     | __main__:174 -   Loaded: 500 stocks | 24 sectors | regime=RECOVERING | asm=309 | fii=CAUTION | forced=0
17:51:32 | INFO     | __main__:1456 - Pass 2: running engines (regime=RECOVERING)...
17:51:32 | INFO     | __main__:304 -   CTL: 33 candidates
17:51:32 | INFO     | __main__:385 -   SBS: 0 candidates
17:51:32 | INFO     | __main__:465 -   TPO: 1 candidates
17:51:32 | INFO     | __main__:542 -   VBD: 0 candidates
17:51:32 | INFO     | __main__:607 -   IAD: 0 candidates
17:51:32 | INFO     | __main__:661 -   RSB: 0 candidates
17:51:32 | INFO     | __main__:764 -   MOM: 0 candidates [RECOVERING strict mode]
17:51:32 | INFO     | __main__:791 -   RVS: RECOVERING mode — primary engine, relaxed gates
17:51:32 | INFO     | __main__:879 -   RVS: 3 candidates
17:51:32 | INFO     | __main__:907 -   SEC: RECOVERING mode — restricting to top 3 sectors
17:51:32 | INFO     | __main__:955 -   SEC: 40 candidates [top 3 sectors only]
17:51:32 | INFO     | __main__:1485 -   Engine totals: CTL=33 SBS=0 TPO=1 VBD=0 IAD=0 RSB=0 MOM=0 RVS=3 SEC=40 | Total unique=60
17:51:32 | INFO     | __main__:1493 - Pass 3: aggregating and ranking...
17:51:32 | INFO     | __main__:1002 -   Regime weights (RECOVERING): CTL=0.8x | IAD=1.3x | MOM=0.7x | RSB=1.3x | RVS=1.5x | SBS=0.9x | SEC=1.2x | TPO=0.9x | VBD=0.8x
17:51:32 | INFO     | __main__:1113 -   Aggregated: 60 total unique | 57 after hard filters | 55 final
17:51:32 | INFO     | __main__:1507 - 
  ═══ TOP 55 SCREENED SYMBOLS (RECOVERING) ═══
17:51:32 | INFO     | __main__:1510 -      # 1 FEDERALBNK   score=132.0  engines=RVS                          sector=bank                 rank=9
17:51:32 | INFO     | __main__:1510 -      # 2 JINDALSTEL   score= 98.9  engines=CTL,SEC,TPO                  sector=metals & mining      rank=1
17:51:32 | INFO     | __main__:1510 -      # 3 VEDL         score= 98.4  engines=CTL,SEC                      sector=metals & mining      rank=1
17:51:32 | INFO     | __main__:1510 -      # 4 INDUSTOWER   score= 97.5  engines=RVS                          sector=telecom              rank=5
17:51:32 | INFO     | __main__:1510 -      # 5 GPIL         score= 95.4  engines=CTL,SEC                      sector=metals & mining      rank=1
17:51:32 | INFO     | __main__:1510 -      # 6 COALINDIA    score= 95.0  engines=CTL,SEC                      sector=metals & mining      rank=1
17:51:32 | INFO     | __main__:1510 -      # 7 NATIONALUM   score= 93.2  engines=CTL,SEC                      sector=metals & mining      rank=1
17:51:32 | INFO     | __main__:1510 -      # 8 SHYAMMETL    score= 92.4  engines=SEC                          sector=metals & mining      rank=1
17:51:32 | INFO     | __main__:1510 -      # 9 NTPC         score= 92.3  engines=CTL,SEC                      sector=power & utilities    rank=2
17:51:32 | INFO     | __main__:1510 -      #10 HINDZINC     score= 92.2  engines=CTL,SEC                      sector=metals & mining      rank=1
17:51:32 | INFO     | __main__:1510 -      #11 TATASTEEL    score= 91.8  engines=CTL,SEC                      sector=metals & mining      rank=1
17:51:32 | INFO     | __main__:1510 -      #12 BHARATFORG   score= 90.8  engines=CTL,SEC                      sector=industrials          rank=3
17:51:32 | INFO     | __main__:1510 -      #13 JSWSTEEL     score= 89.9  engines=CTL,SEC                      sector=metals & mining      rank=1
17:51:32 | INFO     | __main__:1510 -      #14 SARDAEN      score= 89.9  engines=CTL,SEC                      sector=metals & mining      rank=1
17:51:32 | INFO     | __main__:1510 -      #15 LLOYDSME     score= 88.8  engines=CTL                          sector=metals & mining      rank=1
17:51:32 | INFO     | __main__:1510 -      #16 HINDALCO     score= 86.5  engines=CTL,SEC                      sector=metals & mining      rank=1
17:51:32 | INFO     | __main__:1510 -      #17 NMDC         score= 86.2  engines=CTL,SEC                      sector=metals & mining      rank=1
17:51:32 | INFO     | __main__:1510 -      #18 WELCORP      score= 85.6  engines=CTL                          sector=industrials          rank=3
17:51:32 | INFO     | __main__:1510 -      #19 TATAPOWER    score= 83.1  engines=CTL,SEC                      sector=power & utilities    rank=2
17:51:32 | INFO     | __main__:1510 -      #20 POWERGRID    score= 83.1  engines=CTL,SEC                      sector=power & utilities    rank=2
17:51:32 | INFO     | __main__:1510 -      #21 NTPCGREEN    score= 81.6  engines=SEC                          sector=power & utilities    rank=2
17:51:32 | INFO     | __main__:1510 -      #22 INDIANB      score= 81.0  engines=RVS                          sector=bank                 rank=9
17:51:32 | INFO     | __main__:1510 -      #23 GRAVITA      score= 80.4  engines=SEC                          sector=metals & mining      rank=1
17:51:32 | INFO     | __main__:1510 -      #24 NSLNISP      score= 80.4  engines=SEC                          sector=metals & mining      rank=1
17:51:32 | INFO     | __main__:1510 -      #25 ABB          score= 79.2  engines=CTL                          sector=industrials          rank=3
17:51:32 | INFO     | __main__:1510 -      #26 BHEL         score= 79.2  engines=CTL                          sector=industrials          rank=3
17:51:32 | INFO     | __main__:1510 -      #27 NHPC         score= 79.2  engines=SEC                          sector=power & utilities    rank=2
17:51:32 | INFO     | __main__:1510 -      #28 CUMMINSIND   score= 76.0  engines=CTL                          sector=industrials          rank=3
17:51:32 | INFO     | __main__:1510 -      #29 GRAPHITE     score= 76.0  engines=CTL                          sector=industrials          rank=3
17:51:32 | INFO     | __main__:1510 -      #30 ADANIPOWER   score= 76.0  engines=CTL                          sector=power & utilities    rank=2
17:51:32 | INFO     | __main__:1510 -      #31 JSWENERGY    score= 75.6  engines=SEC                          sector=power & utilities    rank=2
17:51:32 | INFO     | __main__:1510 -      #32 SJVN         score= 75.6  engines=SEC                          sector=power & utilities    rank=2
17:51:32 | INFO     | __main__:1510 -      #33 JINDALSAW    score= 74.4  engines=SEC                          sector=industrials          rank=3
17:51:32 | INFO     | __main__:1510 -      #34 THERMAX      score= 74.4  engines=SEC                          sector=industrials          rank=3
17:51:32 | INFO     | __main__:1510 -      #35 SCHAEFFLER   score= 74.4  engines=SEC                          sector=industrials          rank=3
17:51:32 | INFO     | __main__:1510 -      #36 TIINDIA      score= 74.4  engines=SEC                          sector=industrials          rank=3
17:51:32 | INFO     | __main__:1510 -      #37 POLYCAB      score= 74.4  engines=SEC                          sector=industrials          rank=3
17:51:32 | INFO     | __main__:1510 -      #38 SIEMENS      score= 72.8  engines=CTL                          sector=industrials          rank=3
17:51:32 | INFO     | __main__:1510 -      #39 KEI          score= 72.0  engines=CTL                          sector=industrials          rank=3
17:51:32 | INFO     | __main__:1510 -      #40 ELGIEQUIP    score= 72.0  engines=SEC                          sector=industrials          rank=3
17:51:32 | INFO     | __main__:1510 -      #41 GMDCLTD      score= 72.0  engines=SEC                          sector=metals & mining      rank=1
17:51:32 | INFO     | __main__:1510 -      #42 APARINDS     score= 72.0  engines=SEC                          sector=industrials          rank=3
17:51:32 | INFO     | __main__:1510 -      #43 CGPOWER      score= 70.4  engines=CTL                          sector=industrials          rank=3
17:51:32 | INFO     | __main__:1510 -      #44 RPOWER       score= 69.6  engines=SEC                          sector=power & utilities    rank=2
17:51:32 | INFO     | __main__:1510 -      #45 AIAENG       score= 68.4  engines=SEC                          sector=industrials          rank=3
17:51:32 | INFO     | __main__:1510 -      #46 JPPOWER      score= 67.2  engines=SEC                          sector=power & utilities    rank=2
17:51:32 | INFO     | __main__:1510 -      #47 TORNTPOWER   score= 67.2  engines=SEC                          sector=power & utilities    rank=2
17:51:32 | INFO     | __main__:1510 -      #48 USHAMART     score= 66.0  engines=SEC                          sector=metals & mining      rank=1
17:51:32 | INFO     | __main__:1510 -      #49 JSL          score= 66.0  engines=SEC                          sector=metals & mining      rank=1
17:51:32 | INFO     | __main__:1510 -      #50 RKFORGE      score= 66.0  engines=SEC                          sector=industrials          rank=3
17:51:32 | INFO     | __main__:1510 -      #51 JAINREC      score= 66.0  engines=SEC                          sector=metals & mining      rank=1
17:51:32 | INFO     | __main__:1510 -      #52 POWERINDIA   score= 65.6  engines=CTL                          sector=industrials          rank=3
17:51:32 | INFO     | __main__:1510 -      #53 SOLARINDS    score= 64.8  engines=CTL                          sector=aerospace & defence  rank=4
17:51:32 | INFO     | __main__:1510 -      #54 KIRLOSENG    score= 62.4  engines=CTL                          sector=industrials          rank=3
17:51:32 | INFO     | __main__:1510 -      #55 CESC         score= 60.0  engines=CTL                          sector=power & utilities    rank=2
17:51:32 | INFO     | __main__:1526 -   Multi-engine confirmed: 15/55
17:51:32 | INFO     | __main__:1527 -   Sector distribution: {'bank': 2, 'metals & mining': 19, 'telecom': 1, 'power & utilities': 12, 'industrials': 20, 'aerospace & defence': 1}
17:51:32 | INFO     | __main__:1528 -   Engine hits: {'RVS': 3, 'CTL': 29, 'SEC': 38, 'TPO': 1}
17:51:32 | INFO     | __main__:1531 - Pass 4: writing (full mode)...
17:51:33 | INFO     | __main__:1195 -   Removed 6 stale symbols from master_shortlist
17:51:33 | SUCCESS  | __main__:1196 - ✓ 55 symbols → master_shortlist
17:51:33 | INFO     | __main__:1221 -   EAP revival: no penalized stocks found yesterday — skipping
17:51:33 | INFO     | __main__:1336 -   Outcomes: 5d period — 106 stocks from 2026-04-24
17:51:33 | INFO     | __main__:1310 -   Outcomes: no msl_computed data for 2026-04-19 — skipping 10d
17:51:33 | INFO     | __main__:1336 -   Outcomes: 15d period — 72 stocks from 2026-04-14
17:51:34 | SUCCESS  | __main__:1359 -   Outcomes logged: 178 records | 130/178 positive (73% hit rate)
17:52:23 | INFO     | config:187 - TradeOS v6 config loaded | Capital=₹200,000 | DRY_RUN=False | Phase=2
17:52:23 | INFO     | __main__:2304 - ======================================================================
17:52:23 | INFO     | __main__:2305 - STEP [14]: Compute MSL v3.0 | 2026-04-29 | mode=FULL
17:52:23 | INFO     | __main__:2309 - ======================================================================
17:52:23 | INFO     | __main__:2311 - Pass 1: loading data (9 bulk queries)...
17:52:23 | INFO     | __main__:307 -   Source table: master_shortlist (55 symbols)
17:52:24 | INFO     | __main__:527 -   Loaded: 55 symbols | 55 stock_data | 451 history | 24 sectors | regime=RECOVERING | 0 open positions | blocked=0 | FII=SELLING | news B:1/b:23
17:52:24 | INFO     | __main__:2317 - Pass 2: computing all fields...
17:52:25 | INFO     | __main__:2020 -   Regime context: RECOVERING | RSI extended @72 | regime_boost=+0 | macro_boost=-1.0 | VIX=18.0475 | breadth=45% | FII=SELLING | GIFT=+1.12%
17:52:25 | INFO     | __main__:2205 -   Computed: 55 | skipped: 0
17:52:25 | INFO     | __main__:2327 -   Results: 55 symbols
17:52:25 | INFO     | __main__:2328 -   Avg final_score:         51.6
17:52:25 | INFO     | __main__:2329 -   Avg momentum_score:      74.1
17:52:25 | INFO     | __main__:2330 -   Avg institutional_score: 25.2
17:52:25 | INFO     | __main__:2331 -   Avg breakout_readiness:  23.0
17:52:25 | INFO     | __main__:2332 -   Avg risk_score:          29.1
17:52:25 | INFO     | __main__:2333 -   Avg holding_score:       74.4
17:52:25 | INFO     | __main__:2334 -   Avg MA alignment:        5.2/6
17:52:25 | INFO     | __main__:2336 -   Momentum state:   {'HOT': 39, 'BUILDING': 14, 'WEAK': 2}
17:52:25 | INFO     | __main__:2337 -   Momentum phase:   {'FLAT': 5, 'EXPANSION': 28, 'EARLY': 2, 'EXTENDED': 15, 'EXHAUSTED': 5}
17:52:25 | INFO     | __main__:2338 -   Trend maturity:   {'FLAT': 4, 'FRESH': 4, 'LATE': 26, 'DEVELOPING': 16, 'EXHAUSTED': 5}
17:52:25 | INFO     | __main__:2339 -   Lifecycle:        {'HOLD': 49, 'ADD': 2, 'EXIT': 4}
17:52:25 | INFO     | __main__:2340 -   Entry timing:     {'REENTRY': 37, 'CHASING': 6, 'EXTENDED': 9, 'OPTIMAL': 2, 'APPROACHING': 1}
17:52:25 | INFO     | __main__:2341 -   Weekly structure: {'STRONG': 37, 'CONSOLIDATING': 4, 'CAUTION': 7, 'WEAK': 7}
17:52:25 | INFO     | __main__:2342 -   BB context:       {'MIDDLE': 5, 'UPPER_HALF': 38, 'RIDING_UPPER': 10, 'NEAR_LOWER': 1, 'LOWER_HALF': 1}
17:52:25 | INFO     | __main__:2343 -   VWAP alignment:   {'MIXED': 5, 'ABOVE_20D': 36, 'ABOVE_ALL': 7, 'BELOW_ALL': 2, 'ABOVE_ALL_EXTENDED': 5}
17:52:25 | INFO     | __main__:2344 -   Volume trend:     {'STABLE': 27, 'EXPANDING': 17, 'CONTRACTING': 10, 'DECLINING': 1}
17:52:25 | INFO     | __main__:2345 -   Fund quality:     {'STABLE': 54, 'LOSS_MAKING': 1}
17:52:25 | INFO     | __main__:2355 -   Score distribution: {'≥70': 0, '55-70': 24, '40-55': 27, '<40': 4}
17:52:25 | WARNING  | __main__:2357 -   ⚠ Less than 2 stocks scoring ≥70 — regime/data issue or regime is RISK OFF?
17:52:25 | INFO     | __main__:2361 -   Top 6 by final_score:
17:52:25 | INFO     | __main__:2365 -     JSWSTEEL     final= 61.3  hold= 74.1  mom=HOT      phase=EXPANSION  MA=6/6  BB=UPPER_HALF           risk=18.0  struct=YES
17:52:25 | INFO     | __main__:2365 -     HINDALCO     final= 61.0  hold= 85.2  mom=HOT      phase=EXTENDED   MA=6/6  BB=UPPER_HALF           risk=32.0  struct=YES
17:52:25 | INFO     | __main__:2365 -     SIEMENS      final= 60.8  hold= 78.1  mom=HOT      phase=EXTENDED   MA=6/6  BB=UPPER_HALF           risk=31.0  struct=YES
17:52:25 | INFO     | __main__:2365 -     TORNTPOWER   final= 60.4  hold= 85.4  mom=HOT      phase=EXTENDED   MA=6/6  BB=UPPER_HALF           risk=31.0  struct=YES
17:52:25 | INFO     | __main__:2365 -     SOLARINDS    final= 59.0  hold= 79.9  mom=HOT      phase=EXPANSION  MA=6/6  BB=UPPER_HALF           risk=21.0  struct=YES
17:52:25 | INFO     | __main__:2365 -     NATIONALUM   final= 58.8  hold= 72.8  mom=HOT      phase=EXPANSION  MA=6/6  BB=UPPER_HALF           risk=25.0  struct=YES
17:52:25 | INFO     | __main__:2392 -   🌱 FRESH trend + struct_edge: ['JSWSTEEL', 'SARDAEN', 'AIAENG']
17:52:25 | INFO     | __main__:2441 -   Sheet vs computed divergences (50), top 40 by rank:
17:52:25 | INFO     | __main__:2443 -     #1 FEDERALBNK: mom None→HOT  score 132→35.6
17:52:25 | INFO     | __main__:2443 -     #2 JINDALSTEL: mom BUILDING→BUILDING  score 99→45.3
17:52:25 | INFO     | __main__:2443 -     #3 VEDL: mom BUILDING→BUILDING  score 98→52.2
17:52:25 | INFO     | __main__:2443 -     #4 INDUSTOWER: mom WEAK→WEAK  score 98→21.1
17:52:25 | INFO     | __main__:2443 -     #5 GPIL: mom HOT→BUILDING  score 95→55.7
17:52:25 | INFO     | __main__:2443 -     #6 COALINDIA: mom HOT→HOT  score 95→57.4
17:52:25 | INFO     | __main__:2443 -     #7 NATIONALUM: mom HOT→HOT  score 93→58.8
17:52:25 | INFO     | __main__:2443 -     #8 SHYAMMETL: mom BUILDING→BUILDING  score 92→51.3
17:52:25 | INFO     | __main__:2443 -     #9 NTPC: mom HOT→HOT  score 92→56.9
17:52:25 | INFO     | __main__:2443 -     #10 HINDZINC: mom HOT→BUILDING  score 92→53.3
17:52:25 | INFO     | __main__:2443 -     #11 TATASTEEL: mom HOT→HOT  score 92→58.7
17:52:25 | INFO     | __main__:2443 -     #12 BHARATFORG: mom BUILDING→HOT  score 91→55.7
17:52:25 | INFO     | __main__:2443 -     #13 JSWSTEEL: mom HOT→HOT  score 90→61.3
17:52:25 | INFO     | __main__:2443 -     #14 SARDAEN: mom HOT→BUILDING  score 90→56.9
17:52:25 | INFO     | __main__:2443 -     #15 LLOYDSME: mom HOT→HOT  score 89→43.9
17:52:25 | INFO     | __main__:2443 -     #16 HINDALCO: mom HOT→HOT  score 86→61.0
17:52:25 | INFO     | __main__:2443 -     #17 NMDC: mom HOT→HOT  score 86→58.0
17:52:25 | INFO     | __main__:2443 -     #18 WELCORP: mom HOT→HOT  score 86→40.2
17:52:25 | INFO     | __main__:2443 -     #19 TATAPOWER: mom HOT→HOT  score 83→58.6
17:52:25 | INFO     | __main__:2443 -     #20 POWERGRID: mom HOT→HOT  score 83→56.6
17:52:25 | INFO     | __main__:2443 -     #21 NTPCGREEN: mom HOT→HOT  score 82→50.1
17:52:25 | INFO     | __main__:2443 -     #22 INDIANB: mom None→WEAK  score 81→17.2
17:52:25 | INFO     | __main__:2443 -     #23 GRAVITA: mom BUILDING→BUILDING  score 80→46.4
17:52:25 | INFO     | __main__:2443 -     #24 NSLNISP: mom BUILDING→BUILDING  score 80→45.1
17:52:25 | INFO     | __main__:2443 -     #25 ABB: mom HOT→HOT  score 79→56.2
17:52:25 | INFO     | __main__:2443 -     #26 BHEL: mom HOT→HOT  score 79→56.7
17:52:25 | INFO     | __main__:2443 -     #27 NHPC: mom HOT→HOT  score 79→57.1
17:52:25 | INFO     | __main__:2443 -     #28 CUMMINSIND: mom HOT→HOT  score 76→58.0
17:52:25 | INFO     | __main__:2443 -     #29 GRAPHITE: mom HOT→HOT  score 76→55.8
17:52:25 | INFO     | __main__:2443 -     #30 ADANIPOWER: mom HOT→HOT  score 76→49.6
17:52:25 | INFO     | __main__:2443 -     #31 JSWENERGY: mom None→BUILDING  score 76→54.7
17:52:25 | INFO     | __main__:2443 -     #32 SJVN: mom HOT→HOT  score 76→55.1
17:52:25 | INFO     | __main__:2443 -     #33 JINDALSAW: mom HOT→HOT  score 74→50.1
17:52:25 | INFO     | __main__:2443 -     #34 THERMAX: mom None→BUILDING  score 74→48.0
17:52:25 | INFO     | __main__:2443 -     #35 SCHAEFFLER: mom HOT→HOT  score 74→52.4
17:52:25 | INFO     | __main__:2443 -     #36 TIINDIA: mom None→HOT  score 74→52.5
17:52:25 | INFO     | __main__:2443 -     #37 POLYCAB: mom HOT→HOT  score 74→51.8
17:52:25 | INFO     | __main__:2443 -     #39 KEI: mom HOT→HOT  score 72→54.5
17:52:25 | INFO     | __main__:2443 -     #40 ELGIEQUIP: mom None→HOT  score 72→56.4
17:52:25 | INFO     | __main__:2443 -     #41 GMDCLTD: mom HOT→HOT  score 72→54.5
17:52:25 | INFO     | __main__:2459 - Pass 3: writing results...
17:52:25 | SUCCESS  | __main__:2285 - ✓ full: 55 → master_shortlist
17:53:08 | INFO     | config:187 - TradeOS v6 config loaded | Capital=₹200,000 | DRY_RUN=False | Phase=2
17:53:08 | INFO     | __main__:849 - ============================================================
17:53:08 | INFO     | __main__:850 - STEP [15]: Generate Signals v3
17:53:08 | INFO     | __main__:851 - ============================================================
17:53:09 | INFO     | __main__:167 -   MSL rows loaded: 55 | compute_source breakdown: {'unknown': 55}
17:53:09 | INFO     | __main__:858 - Signal breakdown:   {'WATCH': 39}
17:53:09 | INFO     | __main__:859 - Subtype breakdown:  {}
17:53:09 | INFO     | __main__:870 -   BUY CANDIDATES:  0 (PRIME: 0)
17:53:09 | INFO     | __main__:872 -   EXIT signals:    0
17:53:09 | INFO     | __main__:873 -   REDUCE signals:  0
17:53:09 | INFO     | __main__:874 -   REGIME WARNS:    0
17:53:09 | INFO     | __main__:878 -   WATCH signals (39) by filter reason:
17:53:09 | INFO     | __main__:881 -     blocked_low_liquidity: 39 — e.g. TORNTPOWER, SOLARINDS, USHAMART, JSWSTEEL
17:53:09 | INFO     | __main__:894 -   Market context: VIX=18.0475 Nifty5d=-2.36 Breadth=44.79% FII20d=-52959.73
18:03:11 | INFO     | config:187 - TradeOS v6 config loaded | Capital=₹200,000 | DRY_RUN=False | Phase=2
18:03:11 | INFO     | __main__:849 - ============================================================
18:03:11 | INFO     | __main__:850 - STEP [15]: Generate Signals v3
18:03:11 | INFO     | __main__:851 - ============================================================
18:03:12 | INFO     | __main__:167 -   MSL rows loaded: 55 | compute_source breakdown: {'unknown': 55}
18:03:12 | INFO     | __main__:858 - Signal breakdown:   {'WATCH': 39}
18:03:12 | INFO     | __main__:859 - Subtype breakdown:  {}
18:03:12 | INFO     | __main__:870 -   BUY CANDIDATES:  0 (PRIME: 0)
18:03:12 | INFO     | __main__:872 -   EXIT signals:    0
18:03:12 | INFO     | __main__:873 -   REDUCE signals:  0
18:03:12 | INFO     | __main__:874 -   REGIME WARNS:    0
18:03:12 | INFO     | __main__:878 -   WATCH signals (39) by filter reason:
18:03:12 | INFO     | __main__:881 -     blocked_low_liquidity: 39 — e.g. TORNTPOWER, SOLARINDS, USHAMART, JSWSTEEL
18:03:12 | INFO     | __main__:894 -   Market context: VIX=18.0475 Nifty5d=-2.36 Breadth=44.79% FII20d=-52959.73
18:06:02 | INFO     | config:187 - TradeOS v6 config loaded | Capital=₹200,000 | DRY_RUN=False | Phase=2
18:06:02 | INFO     | __main__:849 - ============================================================
18:06:02 | INFO     | __main__:850 - STEP [15]: Generate Signals v3
18:06:02 | INFO     | __main__:851 - ============================================================
18:06:04 | INFO     | __main__:167 -   MSL rows loaded: 55 | compute_source breakdown: {'unknown': 55}
18:06:04 | INFO     | __main__:858 - Signal breakdown:   {'WATCH': 39}
18:06:04 | INFO     | __main__:859 - Subtype breakdown:  {}
18:06:04 | INFO     | __main__:870 -   BUY CANDIDATES:  0 (PRIME: 0)
18:06:04 | INFO     | __main__:872 -   EXIT signals:    0
18:06:04 | INFO     | __main__:873 -   REDUCE signals:  0
18:06:04 | INFO     | __main__:874 -   REGIME WARNS:    0
18:06:04 | INFO     | __main__:878 -   WATCH signals (39) by filter reason:
18:06:04 | INFO     | __main__:881 -     blocked_low_liquidity: 39 — e.g. TORNTPOWER, SOLARINDS, USHAMART, JSWSTEEL
18:06:04 | INFO     | __main__:894 -   Market context: VIX=18.0475 Nifty5d=-2.36 Breadth=44.79% FII20d=-52959.73
18:06:31 | INFO     | config:187 - TradeOS v6 config loaded | Capital=₹200,000 | DRY_RUN=False | Phase=2
18:06:31 | INFO     | __main__:849 - ============================================================
18:06:31 | INFO     | __main__:850 - STEP [15]: Generate Signals v3
18:06:31 | INFO     | __main__:851 - ============================================================
18:06:32 | INFO     | __main__:167 -   MSL rows loaded: 55 | compute_source breakdown: {'unknown': 55}
18:06:32 | INFO     | __main__:858 - Signal breakdown:   {'WATCH': 39}
18:06:32 | INFO     | __main__:859 - Subtype breakdown:  {}
18:06:32 | INFO     | __main__:870 -   BUY CANDIDATES:  0 (PRIME: 0)
18:06:32 | INFO     | __main__:872 -   EXIT signals:    0
18:06:32 | INFO     | __main__:873 -   REDUCE signals:  0
18:06:32 | INFO     | __main__:874 -   REGIME WARNS:    0
18:06:32 | INFO     | __main__:878 -   WATCH signals (39) by filter reason:
18:06:32 | INFO     | __main__:881 -     blocked_low_liquidity: 39 — e.g. TORNTPOWER, SOLARINDS, USHAMART, JSWSTEEL
18:06:32 | INFO     | __main__:894 -   Market context: VIX=18.0475 Nifty5d=-2.36 Breadth=44.79% FII20d=-52959.73
18:11:49 | INFO     | config:187 - TradeOS v6 config loaded | Capital=₹200,000 | DRY_RUN=False | Phase=2
18:11:49 | INFO     | __main__:2304 - ======================================================================
18:11:49 | INFO     | __main__:2305 - STEP [14]: Compute MSL v3.0 | 2026-04-29 | mode=FULL
18:11:49 | INFO     | __main__:2309 - ======================================================================
18:11:49 | INFO     | __main__:2311 - Pass 1: loading data (9 bulk queries)...
18:11:49 | INFO     | __main__:307 -   Source table: master_shortlist (55 symbols)
18:11:50 | INFO     | __main__:527 -   Loaded: 55 symbols | 55 stock_data | 451 history | 24 sectors | regime=RECOVERING | 0 open positions | blocked=0 | FII=SELLING | news B:1/b:23
18:11:50 | INFO     | __main__:2317 - Pass 2: computing all fields...
18:11:50 | INFO     | __main__:2020 -   Regime context: RECOVERING | RSI extended @72 | regime_boost=+0 | macro_boost=-1.0 | VIX=18.0475 | breadth=45% | FII=SELLING | GIFT=+1.12%
18:11:50 | INFO     | __main__:2205 -   Computed: 55 | skipped: 0
18:11:50 | INFO     | __main__:2327 -   Results: 55 symbols
18:11:50 | INFO     | __main__:2328 -   Avg final_score:         51.6
18:11:50 | INFO     | __main__:2329 -   Avg momentum_score:      74.1
18:11:50 | INFO     | __main__:2330 -   Avg institutional_score: 25.2
18:11:50 | INFO     | __main__:2331 -   Avg breakout_readiness:  23.0
18:11:50 | INFO     | __main__:2332 -   Avg risk_score:          29.1
18:11:50 | INFO     | __main__:2333 -   Avg holding_score:       74.4
18:11:50 | INFO     | __main__:2334 -   Avg MA alignment:        5.2/6
18:11:50 | INFO     | __main__:2336 -   Momentum state:   {'HOT': 39, 'WEAK': 2, 'BUILDING': 14}
18:11:50 | INFO     | __main__:2337 -   Momentum phase:   {'FLAT': 5, 'EXTENDED': 15, 'EXPANSION': 28, 'EARLY': 2, 'EXHAUSTED': 5}
18:11:50 | INFO     | __main__:2338 -   Trend maturity:   {'FLAT': 4, 'LATE': 26, 'DEVELOPING': 16, 'FRESH': 4, 'EXHAUSTED': 5}
18:11:50 | INFO     | __main__:2339 -   Lifecycle:        {'HOLD': 49, 'EXIT': 4, 'ADD': 2}
18:11:50 | INFO     | __main__:2340 -   Entry timing:     {'REENTRY': 37, 'OPTIMAL': 2, 'EXTENDED': 9, 'CHASING': 6, 'APPROACHING': 1}
18:11:50 | INFO     | __main__:2341 -   Weekly structure: {'STRONG': 37, 'WEAK': 7, 'CAUTION': 7, 'CONSOLIDATING': 4}
18:11:50 | INFO     | __main__:2342 -   BB context:       {'MIDDLE': 5, 'NEAR_LOWER': 1, 'UPPER_HALF': 38, 'RIDING_UPPER': 10, 'LOWER_HALF': 1}
18:11:50 | INFO     | __main__:2343 -   VWAP alignment:   {'MIXED': 5, 'BELOW_ALL': 2, 'ABOVE_20D': 36, 'ABOVE_ALL': 7, 'ABOVE_ALL_EXTENDED': 5}
18:11:50 | INFO     | __main__:2344 -   Volume trend:     {'STABLE': 27, 'CONTRACTING': 10, 'EXPANDING': 17, 'DECLINING': 1}
18:11:50 | INFO     | __main__:2345 -   Fund quality:     {'STABLE': 54, 'LOSS_MAKING': 1}
18:11:50 | INFO     | __main__:2355 -   Score distribution: {'≥70': 0, '55-70': 24, '40-55': 27, '<40': 4}
18:11:50 | WARNING  | __main__:2357 -   ⚠ Less than 2 stocks scoring ≥70 — regime/data issue or regime is RISK OFF?
18:11:50 | INFO     | __main__:2361 -   Top 6 by final_score:
18:11:50 | INFO     | __main__:2365 -     JSWSTEEL     final= 61.3  hold= 74.1  mom=HOT      phase=EXPANSION  MA=6/6  BB=UPPER_HALF           risk=18.0  struct=YES
18:11:50 | INFO     | __main__:2365 -     HINDALCO     final= 61.0  hold= 85.2  mom=HOT      phase=EXTENDED   MA=6/6  BB=UPPER_HALF           risk=32.0  struct=YES
18:11:50 | INFO     | __main__:2365 -     SIEMENS      final= 60.8  hold= 78.1  mom=HOT      phase=EXTENDED   MA=6/6  BB=UPPER_HALF           risk=31.0  struct=YES
18:11:50 | INFO     | __main__:2365 -     TORNTPOWER   final= 60.4  hold= 85.4  mom=HOT      phase=EXTENDED   MA=6/6  BB=UPPER_HALF           risk=31.0  struct=YES
18:11:50 | INFO     | __main__:2365 -     SOLARINDS    final= 59.0  hold= 79.9  mom=HOT      phase=EXPANSION  MA=6/6  BB=UPPER_HALF           risk=21.0  struct=YES
18:11:50 | INFO     | __main__:2365 -     NATIONALUM   final= 58.8  hold= 72.8  mom=HOT      phase=EXPANSION  MA=6/6  BB=UPPER_HALF           risk=25.0  struct=YES
18:11:50 | INFO     | __main__:2392 -   🌱 FRESH trend + struct_edge: ['AIAENG', 'JSWSTEEL', 'SARDAEN']
18:11:50 | INFO     | __main__:2445 -   ✅ Computed values closely match Sheet
18:11:50 | INFO     | __main__:2459 - Pass 3: writing results...
18:11:51 | SUCCESS  | __main__:2285 - ✓ full: 55 → master_shortlist
18:13:12 | INFO     | config:187 - TradeOS v6 config loaded | Capital=₹200,000 | DRY_RUN=False | Phase=2
18:13:12 | INFO     | __main__:849 - ============================================================
18:13:12 | INFO     | __main__:850 - STEP [15]: Generate Signals v3
18:13:12 | INFO     | __main__:851 - ============================================================
18:13:13 | INFO     | __main__:167 -   MSL rows loaded: 55 | compute_source breakdown: {'unknown': 55}
18:13:13 | INFO     | __main__:858 - Signal breakdown:   {'WATCH': 39}
18:13:13 | INFO     | __main__:859 - Subtype breakdown:  {}
18:13:13 | INFO     | __main__:870 -   BUY CANDIDATES:  0 (PRIME: 0)
18:13:13 | INFO     | __main__:872 -   EXIT signals:    0
18:13:13 | INFO     | __main__:873 -   REDUCE signals:  0
18:13:13 | INFO     | __main__:874 -   REGIME WARNS:    0
18:13:13 | INFO     | __main__:878 -   WATCH signals (39) by filter reason:
18:13:13 | INFO     | __main__:881 -     blocked_low_liquidity: 39 — e.g. TORNTPOWER, SOLARINDS, USHAMART, NTPC
18:13:13 | INFO     | __main__:894 -   Market context: VIX=18.0475 Nifty5d=-2.36 Breadth=44.79% FII20d=-52959.73
18:15:18 | INFO     | config:187 - TradeOS v6 config loaded | Capital=₹200,000 | DRY_RUN=False | Phase=2
18:15:18 | INFO     | __main__:849 - ============================================================
18:15:18 | INFO     | __main__:850 - STEP [15]: Generate Signals v3
18:15:18 | INFO     | __main__:851 - ============================================================
18:15:19 | INFO     | __main__:167 -   MSL rows loaded: 55 | compute_source breakdown: {'unknown': 55}
18:15:19 | INFO     | __main__:858 - Signal breakdown:   {'WATCH': 39}
18:15:19 | INFO     | __main__:859 - Subtype breakdown:  {}
18:15:19 | INFO     | __main__:870 -   BUY CANDIDATES:  0 (PRIME: 0)
18:15:19 | INFO     | __main__:872 -   EXIT signals:    0
18:15:19 | INFO     | __main__:873 -   REDUCE signals:  0
18:15:19 | INFO     | __main__:874 -   REGIME WARNS:    0
18:15:19 | INFO     | __main__:878 -   WATCH signals (39) by filter reason:
18:15:19 | INFO     | __main__:881 -     blocked_low_liquidity: 39 — e.g. TORNTPOWER, SOLARINDS, USHAMART, NTPC
18:15:19 | INFO     | __main__:894 -   Market context: VIX=18.0475 Nifty5d=-2.36 Breadth=44.79% FII20d=-52959.73
18:40:03 | INFO     | config:187 - TradeOS v6 config loaded | Capital=₹200,000 | DRY_RUN=False | Phase=2
18:40:03 | INFO     | __main__:2415 - ======================================================================
18:40:03 | INFO     | __main__:2416 - STEP [14]: Compute MSL v3.0 | 2026-04-29 | mode=FULL
18:40:03 | INFO     | __main__:2420 - ======================================================================
18:40:03 | INFO     | __main__:2422 - Pass 1: loading data (9 bulk queries)...
18:40:03 | INFO     | __main__:307 -   Source table: master_shortlist (55 symbols)
18:40:04 | INFO     | __main__:635 -   Loaded: 55 symbols | 55 stock_data | 451 history | 24 sectors | regime=RECOVERING | 0 open positions | blocked=0 | FII=SELLING | news B:1/b:23
18:40:04 | ERROR    | __main__:441 - ============================================================
18:40:04 | ERROR    | __main__:442 - UPSTREAM DATA MISSING — COMPUTE RESULTS WILL BE WRONG
18:40:04 | ERROR    | __main__:443 - ============================================================
18:40:04 | ERROR    | __main__:445 -   CRITICAL: 'value_cr' only 0.0% populated in stock_data_daily — run ingest_bhavcopy.py first
18:40:04 | ERROR    | __main__:445 -   CRITICAL: 'delivery_pct' only 0.0% populated in stock_data_daily — run ingest_bhavcopy.py first
18:40:04 | ERROR    | __main__:449 - ============================================================
18:40:04 | WARNING  | __main__:452 - Upstream field coverage warnings:
18:40:04 | WARNING  | __main__:454 -   WARNING:  'delivery_qty' only 0.0% populated in stock_data_daily — run ingest_bhavcopy.py to improve signal quality
18:40:04 | ERROR    | __main__:2436 -   ABORT: 'value_cr' is only 0.0% populated — upstream script has not run. Fix pipeline order and retry.
18:40:04 | ERROR    | __main__:2436 -   ABORT: 'delivery_pct' is only 0.0% populated — upstream script has not run. Fix pipeline order and retry.
18:41:49 | INFO     | config:187 - TradeOS v6 config loaded | Capital=₹200,000 | DRY_RUN=False | Phase=2
18:41:49 | INFO     | __main__:398 - ════════════════════════════════════════════════════════════
18:41:49 | INFO     | __main__:399 -   STEP: Ingest Bhavcopy (NSE primary + BSE fallback)
18:41:49 | INFO     | __main__:400 - ════════════════════════════════════════════════════════════
18:41:49 | INFO     | __main__:403 - Trade date: 2026-04-29
18:41:51 | INFO     | __main__:137 - [NSE] Fetching: https://archives.nseindia.com/products/content/sec_bhavdata_full_29042026.csv
18:41:52 | INFO     | __main__:189 - [NSE] ✓ 2475 EQ records | delivery coverage: 2475 stocks
18:41:52 | INFO     | __main__:194 - [NSE] value_cr sample: [1.6834, 0.0075, 71.8845, 2.0764, 0.7519]
18:41:52 | INFO     | __main__:195 - [NSE] value_cr nulls: 0 / 2475
18:41:53 | SUCCESS  | __main__:485 - ✓ Bhavcopy (NSE): 2475 rows → raw_prices in 3.9s | date=2026-04-29 | delivery coverage: 2475 stocks
18:43:00 | INFO     | config:187 - TradeOS v6 config loaded | Capital=₹200,000 | DRY_RUN=False | Phase=2
18:43:00 | INFO     | __main__:2415 - ======================================================================
18:43:00 | INFO     | __main__:2416 - STEP [14]: Compute MSL v3.0 | 2026-04-29 | mode=FULL
18:43:00 | INFO     | __main__:2420 - ======================================================================
18:43:00 | INFO     | __main__:2422 - Pass 1: loading data (9 bulk queries)...
18:43:00 | INFO     | __main__:307 -   Source table: master_shortlist (55 symbols)
18:43:01 | INFO     | __main__:635 -   Loaded: 55 symbols | 55 stock_data | 451 history | 24 sectors | regime=RECOVERING | 0 open positions | blocked=0 | FII=SELLING | news B:1/b:23
18:43:01 | ERROR    | __main__:441 - ============================================================
18:43:01 | ERROR    | __main__:442 - UPSTREAM DATA MISSING — COMPUTE RESULTS WILL BE WRONG
18:43:01 | ERROR    | __main__:443 - ============================================================
18:43:01 | ERROR    | __main__:445 -   CRITICAL: 'value_cr' only 0.0% populated in stock_data_daily — run ingest_bhavcopy.py first
18:43:01 | ERROR    | __main__:445 -   CRITICAL: 'delivery_pct' only 0.0% populated in stock_data_daily — run ingest_bhavcopy.py first
18:43:01 | ERROR    | __main__:449 - ============================================================
18:43:01 | WARNING  | __main__:452 - Upstream field coverage warnings:
18:43:01 | WARNING  | __main__:454 -   WARNING:  'delivery_qty' only 0.0% populated in stock_data_daily — run ingest_bhavcopy.py to improve signal quality
18:43:01 | ERROR    | __main__:2436 -   ABORT: 'value_cr' is only 0.0% populated — upstream script has not run. Fix pipeline order and retry.
18:43:01 | ERROR    | __main__:2436 -   ABORT: 'delivery_pct' is only 0.0% populated — upstream script has not run. Fix pipeline order and retry.
18:43:40 | INFO     | config:187 - TradeOS v6 config loaded | Capital=₹200,000 | DRY_RUN=False | Phase=2
18:43:42 | INFO     | __main__:925 - compute_indicators v2.2 — 2026-04-29 — COMPUTE_ONLY
18:43:42 | INFO     | __main__:938 - Pass 1: bulk data fetch...
18:43:42 | INFO     | __main__:389 -   chartink_raw_data: 500 rows
18:43:42 | INFO     | __main__:194 -   fetch_bulk_history_yf: checking price_history_yf cache (500 symbols)...
18:43:44 | INFO     | __main__:237 -   price_history_yf: 0 have base | 0 tail-refresh | 500 full fetch
18:43:44 | INFO     | __main__:269 -   yfinance: 500 full + 0 tail fetches...
18:44:09 | INFO     | __main__:357 -   Caching 154081 rows to price_history_yf...
18:44:35 | INFO     | __main__:363 -   Cached successfully
18:44:35 | INFO     | __main__:375 -   fetch_bulk_history_yf: 500 symbols | 154081 total sessions | 500 fetched from yfinance
18:44:35 | INFO     | __main__:425 -   Upcoming events: 284 symbols with events in next 30d
18:44:35 | INFO     | __main__:449 -   MSL symbols: 55 in shortlist
18:44:35 | INFO     | __main__:473 -   Index membership: 598 symbols mapped
18:44:36 | INFO     | __main__:510 -   raw_prices: 1000 symbols with delivery/value data
18:44:36 | INFO     | __main__:954 -   Nifty 1M return: 0.9164%
18:44:36 | INFO     | __main__:961 - Pass 2: computing and reconciling...
18:44:36 | INFO     | __main__:1012 - =================================================================
18:44:36 | INFO     | __main__:1013 - COMPUTE INDICATORS SUMMARY — 2026-04-29 — COMPUTE_ONLY
18:44:36 | INFO     | __main__:1014 -   Symbols: 500 processed | 0 skipped
18:44:36 | INFO     | __main__:1038 - =================================================================
18:44:36 | INFO     | __main__:1054 - Pass 3: writing 500 rows to stock_data_daily...
18:44:36 | SUCCESS  | __main__:1062 - compute_indicators: 500 written | 0 skipped | 0 diverged field types requiring review
18:45:44 | INFO     | config:187 - TradeOS v6 config loaded | Capital=₹200,000 | DRY_RUN=False | Phase=2
18:45:44 | INFO     | __main__:2415 - ======================================================================
18:45:44 | INFO     | __main__:2416 - STEP [14]: Compute MSL v3.0 | 2026-04-29 | mode=FULL
18:45:44 | INFO     | __main__:2420 - ======================================================================
18:45:44 | INFO     | __main__:2422 - Pass 1: loading data (9 bulk queries)...
18:45:44 | INFO     | __main__:307 -   Source table: master_shortlist (55 symbols)
18:45:44 | INFO     | __main__:635 -   Loaded: 55 symbols | 55 stock_data | 451 history | 24 sectors | regime=RECOVERING | 0 open positions | blocked=0 | FII=SELLING | news B:1/b:23
18:45:44 | ERROR    | __main__:441 - ============================================================
18:45:44 | ERROR    | __main__:442 - UPSTREAM DATA MISSING — COMPUTE RESULTS WILL BE WRONG
18:45:44 | ERROR    | __main__:443 - ============================================================
18:45:44 | ERROR    | __main__:445 -   CRITICAL: 'value_cr' only 0.0% populated in stock_data_daily — run ingest_bhavcopy.py first
18:45:44 | ERROR    | __main__:445 -   CRITICAL: 'delivery_pct' only 0.0% populated in stock_data_daily — run ingest_bhavcopy.py first
18:45:44 | ERROR    | __main__:449 - ============================================================
18:45:44 | WARNING  | __main__:452 - Upstream field coverage warnings:
18:45:44 | WARNING  | __main__:454 -   WARNING:  'delivery_qty' only 0.0% populated in stock_data_daily — run ingest_bhavcopy.py to improve signal quality
18:45:44 | ERROR    | __main__:2436 -   ABORT: 'value_cr' is only 0.0% populated — upstream script has not run. Fix pipeline order and retry.
18:45:44 | ERROR    | __main__:2436 -   ABORT: 'delivery_pct' is only 0.0% populated — upstream script has not run. Fix pipeline order and retry.
19:23:34 | INFO     | config:187 - TradeOS v6 config loaded | Capital=₹200,000 | DRY_RUN=False | Phase=2
19:23:34 | INFO     | __main__:472 - ════════════════════════════════════════════════════════════
19:23:34 | INFO     | __main__:473 -   STEP: Ingest Bhavcopy (NSE primary + BSE fallback)
19:23:34 | INFO     | __main__:474 - ════════════════════════════════════════════════════════════
19:23:34 | INFO     | __main__:477 - Trade date: 2026-04-29
19:23:35 | INFO     | __main__:491 - raw_prices already has 2475 rows for 2026-04-29 — skipping
19:24:29 | INFO     | config:187 - TradeOS v6 config loaded | Capital=₹200,000 | DRY_RUN=False | Phase=2
19:24:29 | INFO     | __main__:472 - ════════════════════════════════════════════════════════════
19:24:29 | INFO     | __main__:473 -   STEP: Ingest Bhavcopy (NSE primary + BSE fallback)
19:24:29 | INFO     | __main__:474 - ════════════════════════════════════════════════════════════
19:24:29 | INFO     | __main__:477 - Trade date: 2026-04-29
19:24:31 | INFO     | __main__:143 - [NSE] Fetching: https://archives.nseindia.com/products/content/sec_bhavdata_full_29042026.csv
19:24:31 | INFO     | __main__:195 - [NSE] ✓ 2475 EQ records | delivery coverage: 2475 stocks
19:24:31 | INFO     | __main__:200 - [NSE] value_cr sample: [1.6834, 0.0075, 71.8845, 2.0764, 0.7519]
19:24:31 | INFO     | __main__:201 - [NSE] value_cr nulls: 0 / 2475
19:24:39 | INFO     | __main__:461 - [SDD] ✓ 2475 rows upserted to stock_data_daily
19:24:39 | SUCCESS  | __main__:570 - ✓ Bhavcopy (NSE): 2475 rows → raw_prices | 2475 rows → stock_data_daily in 10.6s | date=2026-04-29 | delivery coverage: 2475 stocks
19:27:53 | INFO     | config:187 - TradeOS v6 config loaded | Capital=₹200,000 | DRY_RUN=False | Phase=2
19:27:53 | INFO     | __main__:1419 - =================================================================
19:27:53 | INFO     | __main__:1420 - STEP: Screen Stocks v1.1 | 2026-04-29 | mode=FULL
19:27:53 | INFO     | __main__:1422 - =================================================================
19:27:53 | INFO     | __main__:1424 - Pass 1: loading data...
19:27:54 | INFO     | __main__:174 -   Loaded: 1000 stocks | 24 sectors | regime=RECOVERING | asm=309 | fii=CAUTION | forced=0
19:27:54 | INFO     | __main__:1456 - Pass 2: running engines (regime=RECOVERING)...
19:27:54 | INFO     | __main__:304 -   CTL: 28 candidates
19:27:54 | INFO     | __main__:385 -   SBS: 0 candidates
19:27:54 | INFO     | __main__:465 -   TPO: 1 candidates
19:27:54 | INFO     | __main__:542 -   VBD: 1 candidates
19:27:54 | INFO     | __main__:607 -   IAD: 3 candidates
19:27:54 | INFO     | __main__:661 -   RSB: 0 candidates
19:27:54 | INFO     | __main__:764 -   MOM: 18 candidates [RECOVERING strict mode]
19:27:54 | INFO     | __main__:791 -   RVS: RECOVERING mode — primary engine, relaxed gates
19:27:54 | INFO     | __main__:879 -   RVS: 15 candidates
19:27:54 | INFO     | __main__:907 -   SEC: RECOVERING mode — restricting to top 3 sectors
19:27:54 | INFO     | __main__:955 -   SEC: 41 candidates [top 3 sectors only]
19:27:54 | INFO     | __main__:1485 -   Engine totals: CTL=28 SBS=0 TPO=1 VBD=1 IAD=3 RSB=0 MOM=18 RVS=15 SEC=41 | Total unique=76
19:27:54 | INFO     | __main__:1493 - Pass 3: aggregating and ranking...
19:27:54 | INFO     | __main__:1002 -   Regime weights (RECOVERING): CTL=0.8x | IAD=1.3x | MOM=0.7x | RSB=1.3x | RVS=1.5x | SBS=0.9x | SEC=1.2x | TPO=0.9x | VBD=0.8x
19:27:54 | INFO     | __main__:1113 -   Aggregated: 76 total unique | 71 after hard filters | 70 final
19:27:54 | INFO     | __main__:1507 - 
  ═══ TOP 70 SCREENED SYMBOLS (RECOVERING) ═══
19:27:54 | INFO     | __main__:1510 -      # 1 JINDALSTEL   score=154.0  engines=CTL,RVS,SEC,TPO              sector=metals & mining      rank=1
19:27:54 | INFO     | __main__:1510 -      # 2 SBIN         score=132.0  engines=RVS                          sector=bank                 rank=9
19:27:54 | INFO     | __main__:1510 -      # 3 FEDERALBNK   score=132.0  engines=RVS                          sector=bank                 rank=9
19:27:54 | INFO     | __main__:1510 -      # 4 CANFINHOME   score=124.5  engines=RVS                          sector=financials           rank=10
19:27:54 | INFO     | __main__:1510 -      # 5 CANBK        score=123.0  engines=RVS                          sector=bank                 rank=9
19:27:54 | INFO     | __main__:1510 -      # 6 AJANTPHARM   score=123.0  engines=RVS                          sector=healthcare           rank=6
19:27:54 | INFO     | __main__:1510 -      # 7 BEL          score=120.0  engines=RVS                          sector=aerospace & defence  rank=4
19:27:54 | INFO     | __main__:1510 -      # 8 IFCI         score=115.5  engines=RVS                          sector=financials           rank=10
19:27:54 | INFO     | __main__:1510 -      # 9 NTPC         score=112.3  engines=CTL,MOM,SEC                  sector=power & utilities    rank=2
19:27:54 | INFO     | __main__:1510 -      #10 VEDL         score=110.9  engines=CTL,SEC,VBD                  sector=metals & mining      rank=1
19:27:54 | INFO     | __main__:1510 -      #11 INDUSTOWER   score=109.5  engines=RVS                          sector=telecom              rank=5
19:27:54 | INFO     | __main__:1510 -      #12 GPIL         score=105.8  engines=CTL,SEC                      sector=metals & mining      rank=1
19:27:54 | INFO     | __main__:1510 -      #13 MUTHOOTFIN   score=105.0  engines=RVS                          sector=financials           rank=10
19:27:54 | INFO     | __main__:1510 -      #14 SHYAMMETL    score=102.0  engines=SEC                          sector=metals & mining      rank=1
19:27:54 | INFO     | __main__:1510 -      #15 TIMKEN       score=100.5  engines=RVS                          sector=industrials          rank=3
19:27:54 | INFO     | __main__:1510 -      #16 AXISBANK     score= 97.5  engines=RVS                          sector=bank                 rank=9
19:27:54 | INFO     | __main__:1510 -      #17 POWERGRID    score= 97.4  engines=CTL,MOM,SEC                  sector=power & utilities    rank=2
19:27:54 | INFO     | __main__:1510 -      #18 ABB          score= 96.8  engines=CTL,MOM,SEC                  sector=industrials          rank=3
19:27:54 | INFO     | __main__:1510 -      #19 CUMMINSIND   score= 95.6  engines=CTL,MOM,SEC                  sector=industrials          rank=3
19:27:54 | INFO     | __main__:1510 -      #20 COALINDIA    score= 95.0  engines=CTL,SEC                      sector=metals & mining      rank=1
19:27:54 | INFO     | __main__:1510 -      #21 SCHAEFFLER   score= 94.3  engines=MOM,SEC                      sector=industrials          rank=3
19:27:54 | INFO     | __main__:1510 -      #22 NTPCGREEN    score= 93.6  engines=SEC                          sector=power & utilities    rank=2
19:27:54 | INFO     | __main__:1510 -      #23 NATIONALUM   score= 93.2  engines=CTL,SEC                      sector=metals & mining      rank=1
19:27:54 | INFO     | __main__:1510 -      #24 APLAPOLLO    score= 93.0  engines=RVS                          sector=industrials          rank=3
19:27:54 | INFO     | __main__:1510 -      #25 GRAVITA      score= 92.4  engines=SEC                          sector=metals & mining      rank=1
19:27:54 | INFO     | __main__:1510 -      #26 NSLNISP      score= 92.4  engines=SEC                          sector=metals & mining      rank=1
19:27:54 | INFO     | __main__:1510 -      #27 TATASTEEL    score= 91.8  engines=CTL,SEC                      sector=metals & mining      rank=1
19:27:54 | INFO     | __main__:1510 -      #28 BHARATFORG   score= 90.8  engines=CTL,SEC                      sector=industrials          rank=3
19:27:54 | INFO     | __main__:1510 -      #29 TORNTPOWER   score= 90.3  engines=MOM,SEC                      sector=power & utilities    rank=2
19:27:54 | INFO     | __main__:1510 -      #30 SARDAEN      score= 89.9  engines=CTL,SEC                      sector=metals & mining      rank=1
19:27:54 | INFO     | __main__:1510 -      #31 NMDC         score= 89.4  engines=CTL,SEC                      sector=metals & mining      rank=1
19:27:54 | INFO     | __main__:1510 -      #32 NHPC         score= 88.8  engines=SEC                          sector=power & utilities    rank=2
19:27:54 | INFO     | __main__:1510 -      #33 LLOYDSME     score= 88.8  engines=CTL                          sector=metals & mining      rank=1
19:27:54 | INFO     | __main__:1510 -      #34 CGPOWER      score= 88.7  engines=CTL,MOM,SEC                  sector=industrials          rank=3
19:27:54 | INFO     | __main__:1510 -      #35 RELIANCE     score= 88.4  engines=IAD                          sector=energy               rank=11
19:27:54 | INFO     | __main__:1510 -      #36 JSWENERGY    score= 87.6  engines=SEC                          sector=power & utilities    rank=2
19:27:54 | INFO     | __main__:1510 -      #37 TIINDIA      score= 86.4  engines=SEC                          sector=industrials          rank=3
19:27:54 | INFO     | __main__:1510 -      #38 SUNPHARMA    score= 85.8  engines=IAD                          sector=healthcare           rank=6
19:27:54 | INFO     | __main__:1510 -      #39 WELCORP      score= 85.6  engines=CTL                          sector=industrials          rank=3
19:27:54 | INFO     | __main__:1510 -      #40 KIRLOSENG    score= 85.4  engines=CTL,MOM,SEC                  sector=industrials          rank=3
19:27:54 | INFO     | __main__:1510 -      #41 INDIANB      score= 81.0  engines=RVS                          sector=bank                 rank=9
19:27:54 | INFO     | __main__:1510 -      #42 AIAENG       score= 80.4  engines=SEC                          sector=industrials          rank=3
19:27:54 | INFO     | __main__:1510 -      #43 BANKINDIA    score= 79.5  engines=RVS                          sector=bank                 rank=9
19:27:54 | INFO     | __main__:1510 -      #44 BHEL         score= 79.2  engines=CTL                          sector=industrials          rank=3
19:27:54 | INFO     | __main__:1510 -      #45 ELGIEQUIP    score= 79.0  engines=MOM,SEC                      sector=industrials          rank=3
19:27:54 | INFO     | __main__:1510 -      #46 APARINDS     score= 78.8  engines=MOM,SEC                      sector=industrials          rank=3
19:27:54 | INFO     | __main__:1510 -      #47 USHAMART     score= 78.0  engines=SEC                          sector=metals & mining      rank=1
19:27:54 | INFO     | __main__:1510 -      #48 AADHARHFC    score= 76.7  engines=IAD                          sector=financials           rank=10
19:27:54 | INFO     | __main__:1510 -      #49 GRAPHITE     score= 76.0  engines=CTL                          sector=industrials          rank=3
19:27:54 | INFO     | __main__:1510 -      #50 ADANIPOWER   score= 76.0  engines=CTL                          sector=power & utilities    rank=2
19:27:54 | INFO     | __main__:1510 -      #51 SJVN         score= 75.6  engines=SEC                          sector=power & utilities    rank=2
19:27:54 | INFO     | __main__:1510 -      #52 TARIL        score= 74.4  engines=SEC                          sector=industrials          rank=3
19:27:54 | INFO     | __main__:1510 -      #53 JINDALSAW    score= 74.4  engines=SEC                          sector=industrials          rank=3
19:27:54 | INFO     | __main__:1510 -      #54 POLYCAB      score= 74.4  engines=SEC                          sector=industrials          rank=3
19:27:54 | INFO     | __main__:1510 -      #55 ACE          score= 74.4  engines=SEC                          sector=industrials          rank=3
19:27:54 | INFO     | __main__:1510 -      #56 SOLARINDS    score= 73.3  engines=CTL,MOM                      sector=aerospace & defence  rank=4
19:27:54 | INFO     | __main__:1510 -      #57 SIEMENS      score= 72.8  engines=CTL                          sector=industrials          rank=3
19:27:54 | INFO     | __main__:1510 -      #58 KEI          score= 72.0  engines=CTL                          sector=industrials          rank=3
19:27:54 | INFO     | __main__:1510 -      #59 GMDCLTD      score= 72.0  engines=SEC                          sector=metals & mining      rank=1
19:27:54 | INFO     | __main__:1510 -      #60 GICRE        score= 70.0  engines=MOM                          sector=financials           rank=10
19:27:54 | INFO     | __main__:1510 -      #61 RPOWER       score= 69.6  engines=SEC                          sector=power & utilities    rank=2
19:27:54 | INFO     | __main__:1510 -      #62 RKFORGE      score= 66.0  engines=SEC                          sector=industrials          rank=3
19:27:54 | INFO     | __main__:1510 -      #63 JAINREC      score= 66.0  engines=SEC                          sector=metals & mining      rank=1
19:27:54 | INFO     | __main__:1510 -      #64 DRREDDY      score= 65.8  engines=MOM                          sector=healthcare           rank=6
19:27:54 | INFO     | __main__:1510 -      #65 POWERINDIA   score= 65.6  engines=CTL                          sector=industrials          rank=3
19:27:54 | INFO     | __main__:1510 -      #66 AUBANK       score= 63.0  engines=MOM                          sector=bank                 rank=9
19:27:54 | INFO     | __main__:1510 -      #67 FINCABLES    score= 62.3  engines=MOM                          sector=industrials          rank=3
19:27:54 | INFO     | __main__:1510 -      #68 CESC         score= 60.0  engines=CTL                          sector=power & utilities    rank=2
19:27:54 | INFO     | __main__:1510 -      #69 ASTERDM      score= 58.1  engines=MOM                          sector=healthcare           rank=6
19:27:54 | INFO     | __main__:1510 -      #70 ADANIPORTS   score= 56.0  engines=MOM                          sector=transportation       rank=7
19:27:54 | INFO     | __main__:1526 -   Multi-engine confirmed: 20/70
19:27:54 | INFO     | __main__:1527 -   Sector distribution: {'metals & mining': 15, 'bank': 7, 'financials': 5, 'healthcare': 4, 'aerospace & defence': 2, 'power & utilities': 10, 'telecom': 1, 'industrials': 24, 'energy': 1, 'transportation': 1}
19:27:54 | INFO     | __main__:1528 -   Engine hits: {'CTL': 25, 'RVS': 15, 'SEC': 37, 'TPO': 1, 'MOM': 17, 'VBD': 1, 'IAD': 3}
19:27:54 | INFO     | __main__:1531 - Pass 4: writing (full mode)...
19:27:55 | INFO     | __main__:1195 -   Removed 7 stale symbols from master_shortlist
19:27:55 | SUCCESS  | __main__:1196 - ✓ 70 symbols → master_shortlist
19:27:55 | INFO     | __main__:1221 -   EAP revival: no penalized stocks found yesterday — skipping
19:27:55 | INFO     | __main__:1336 -   Outcomes: 5d period — 91 stocks from 2026-04-24
19:27:55 | INFO     | __main__:1310 -   Outcomes: no msl_computed data for 2026-04-19 — skipping 10d
19:27:55 | INFO     | __main__:1336 -   Outcomes: 15d period — 65 stocks from 2026-04-14
19:27:55 | SUCCESS  | __main__:1359 -   Outcomes logged: 156 records | 110/156 positive (71% hit rate)
19:28:15 | INFO     | config:187 - TradeOS v6 config loaded | Capital=₹200,000 | DRY_RUN=False | Phase=2
19:28:15 | INFO     | __main__:2415 - ======================================================================
19:28:15 | INFO     | __main__:2416 - STEP [14]: Compute MSL v3.0 | 2026-04-29 | mode=FULL
19:28:15 | INFO     | __main__:2420 - ======================================================================
19:28:15 | INFO     | __main__:2422 - Pass 1: loading data (9 bulk queries)...
19:28:15 | INFO     | __main__:307 -   Source table: master_shortlist (70 symbols)
19:28:15 | INFO     | __main__:635 -   Loaded: 70 symbols | 70 stock_data | 431 history | 24 sectors | regime=RECOVERING | 0 open positions | blocked=0 | FII=SELLING | news B:1/b:23
19:28:15 | INFO     | __main__:2444 - Pass 2: computing all fields...
19:28:15 | INFO     | __main__:2131 -   Regime context: RECOVERING | RSI extended @72 | regime_boost=+0 | macro_boost=-1.0 | VIX=18.0475 | breadth=45% | FII=SELLING | GIFT=+1.12%
19:28:15 | INFO     | __main__:2316 -   Computed: 70 | skipped: 0
19:28:15 | INFO     | __main__:2454 -   Results: 70 symbols
19:28:15 | INFO     | __main__:2455 -   Avg final_score:         50.6
19:28:15 | INFO     | __main__:2456 -   Avg momentum_score:      66.4
19:28:15 | INFO     | __main__:2457 -   Avg institutional_score: 35.7
19:28:15 | INFO     | __main__:2458 -   Avg breakout_readiness:  25.5
19:28:15 | INFO     | __main__:2459 -   Avg risk_score:          19.0
19:28:15 | INFO     | __main__:2460 -   Avg holding_score:       70.7
19:28:15 | INFO     | __main__:2461 -   Avg MA alignment:        4.8/6
19:28:15 | INFO     | __main__:2463 -   Momentum state:   {'WEAK': 8, 'HOT': 40, 'STABLE': 4, 'BUILDING': 18}
19:28:15 | INFO     | __main__:2464 -   Momentum phase:   {'FLAT': 15, 'EARLY': 3, 'EXPANSION': 34, 'EXHAUSTED': 4, 'EXTENDED': 14}
19:28:15 | INFO     | __main__:2465 -   Trend maturity:   {'FLAT': 13, 'FRESH': 7, 'LATE': 23, 'DEVELOPING': 22, 'EXHAUSTED': 5}
19:28:15 | INFO     | __main__:2466 -   Lifecycle:        {'HOLD': 57, 'EXIT': 9, 'ADD': 4}
19:28:15 | INFO     | __main__:2467 -   Entry timing:     {'CHASING': 10, 'REENTRY': 43, 'OPTIMAL': 3, 'EXTENDED': 11, 'APPROACHING': 3}
19:28:15 | INFO     | __main__:2468 -   Weekly structure: {'CONSOLIDATING': 8, 'STRONG': 41, 'WEAK': 13, 'CAUTION': 8}
19:28:15 | INFO     | __main__:2469 -   BB context:       {'MIDDLE': 14, 'UPPER_HALF': 38, 'LOWER_HALF': 3, 'RIDING_UPPER': 14, 'NEAR_LOWER': 1}
19:28:15 | INFO     | __main__:2470 -   VWAP alignment:   {'MIXED': 11, 'ABOVE_TODAY_ONLY': 1, 'ABOVE_20D': 41, 'ABOVE_ALL': 8, 'BELOW_ALL': 4, 'ABOVE_ALL_EXTENDED': 5}
19:28:15 | INFO     | __main__:2471 -   Volume trend:     {'STABLE': 33, 'EXPANDING': 20, 'CONTRACTING': 15, 'DECLINING': 2}
19:28:15 | INFO     | __main__:2472 -   Fund quality:     {'STABLE': 69, 'LOSS_MAKING': 1}
19:28:15 | INFO     | __main__:2482 -   Score distribution: {'≥70': 0, '55-70': 36, '40-55': 21, '<40': 13}
19:28:15 | WARNING  | __main__:2484 -   ⚠ Less than 2 stocks scoring ≥70 — regime/data issue or regime is RISK OFF?
19:28:15 | INFO     | __main__:2488 -   Top 6 by final_score:
19:28:15 | INFO     | __main__:2492 -     TORNTPOWER   final= 67.3  hold= 86.8  mom=HOT      phase=EXTENDED   MA=6/6  BB=UPPER_HALF           risk=23.0  struct=YES
19:28:15 | INFO     | __main__:2492 -     POWERGRID    final= 65.8  hold= 81.5  mom=HOT      phase=EXPANSION  MA=5/6  BB=UPPER_HALF           risk=12.0  struct=YES
19:28:15 | INFO     | __main__:2492 -     CUMMINSIND   final= 64.3  hold= 87.7  mom=HOT      phase=EXPANSION  MA=6/6  BB=UPPER_HALF           risk=18.0  struct=YES
19:28:15 | INFO     | __main__:2492 -     APARINDS     final= 64.1  hold= 84.1  mom=HOT      phase=EXTENDED   MA=6/6  BB=RIDING_UPPER         risk=38.0  struct=YES
19:28:15 | INFO     | __main__:2492 -     NTPC         final= 64.0  hold= 82.4  mom=HOT      phase=EXPANSION  MA=5/6  BB=UPPER_HALF           risk= 7.0  struct=YES
19:28:15 | INFO     | __main__:2492 -     CGPOWER      final= 62.6  hold= 79.5  mom=HOT      phase=EXTENDED   MA=6/6  BB=UPPER_HALF           risk=23.0  struct=YES
19:28:15 | INFO     | __main__:2519 -   🌱 FRESH trend + struct_edge: ['SARDAEN', 'AIAENG']
19:28:15 | INFO     | __main__:2568 -   Sheet vs computed divergences (68), top 40 by rank:
19:28:15 | INFO     | __main__:2570 -     #1 JINDALSTEL: mom BUILDING→BUILDING  score 154→46.4
19:28:15 | INFO     | __main__:2570 -     #2 SBIN: mom None→WEAK  score 132→38.3
19:28:15 | INFO     | __main__:2570 -     #3 FEDERALBNK: mom HOT→HOT  score 132→36.5
19:28:15 | INFO     | __main__:2570 -     #4 CANFINHOME: mom None→STABLE  score 124→42.2
19:28:15 | INFO     | __main__:2570 -     #5 CANBK: mom None→STABLE  score 123→20.4
19:28:15 | INFO     | __main__:2570 -     #6 AJANTPHARM: mom None→WEAK  score 123→25.5
19:28:15 | INFO     | __main__:2570 -     #7 BEL: mom None→WEAK  score 120→30.9
19:28:15 | INFO     | __main__:2570 -     #8 IFCI: mom None→BUILDING  score 116→36.8
19:28:15 | INFO     | __main__:2570 -     #9 NTPC: mom HOT→HOT  score 112→64.0
19:28:15 | INFO     | __main__:2570 -     #10 VEDL: mom BUILDING→BUILDING  score 111→57.3
19:28:15 | INFO     | __main__:2570 -     #11 INDUSTOWER: mom WEAK→WEAK  score 110→25.5
19:28:15 | INFO     | __main__:2570 -     #12 GPIL: mom BUILDING→BUILDING  score 106→57.4
19:28:15 | INFO     | __main__:2570 -     #13 MUTHOOTFIN: mom None→STABLE  score 105→30.1
19:28:15 | INFO     | __main__:2570 -     #14 SHYAMMETL: mom BUILDING→BUILDING  score 102→55.5
19:28:15 | INFO     | __main__:2570 -     #15 TIMKEN: mom None→STABLE  score 100→44.1
19:28:15 | INFO     | __main__:2570 -     #16 AXISBANK: mom None→WEAK  score 98→30.8
19:28:15 | INFO     | __main__:2570 -     #17 POWERGRID: mom HOT→HOT  score 97→65.8
19:28:15 | INFO     | __main__:2570 -     #18 ABB: mom HOT→HOT  score 97→60.5
19:28:15 | INFO     | __main__:2570 -     #19 CUMMINSIND: mom HOT→HOT  score 96→64.3
19:28:15 | INFO     | __main__:2570 -     #20 COALINDIA: mom HOT→HOT  score 95→59.6
19:28:15 | INFO     | __main__:2570 -     #21 SCHAEFFLER: mom HOT→HOT  score 94→58.9
19:28:15 | INFO     | __main__:2570 -     #22 NTPCGREEN: mom HOT→HOT  score 94→54.5
19:28:15 | INFO     | __main__:2570 -     #23 NATIONALUM: mom HOT→HOT  score 93→59.5
19:28:15 | INFO     | __main__:2570 -     #24 APLAPOLLO: mom None→WEAK  score 93→21.4
19:28:15 | INFO     | __main__:2570 -     #25 GRAVITA: mom BUILDING→BUILDING  score 92→50.5
19:28:15 | INFO     | __main__:2570 -     #26 NSLNISP: mom BUILDING→BUILDING  score 92→46.8
19:28:15 | INFO     | __main__:2570 -     #27 TATASTEEL: mom HOT→HOT  score 92→60.9
19:28:15 | INFO     | __main__:2570 -     #28 BHARATFORG: mom HOT→HOT  score 91→57.6
19:28:15 | INFO     | __main__:2570 -     #29 TORNTPOWER: mom HOT→HOT  score 90→67.3
19:28:15 | INFO     | __main__:2570 -     #30 SARDAEN: mom BUILDING→BUILDING  score 90→58.2
19:28:15 | INFO     | __main__:2570 -     #31 NMDC: mom HOT→HOT  score 89→60.0
19:28:15 | INFO     | __main__:2570 -     #32 NHPC: mom HOT→HOT  score 89→61.8
19:28:15 | INFO     | __main__:2570 -     #33 LLOYDSME: mom HOT→HOT  score 89→55.3
19:28:15 | INFO     | __main__:2570 -     #34 CGPOWER: mom HOT→HOT  score 89→62.6
19:28:15 | INFO     | __main__:2570 -     #35 RELIANCE: mom None→BUILDING  score 88→47.9
19:28:15 | INFO     | __main__:2570 -     #36 JSWENERGY: mom BUILDING→BUILDING  score 88→59.5
19:28:15 | INFO     | __main__:2570 -     #37 TIINDIA: mom HOT→HOT  score 86→54.2
19:28:15 | INFO     | __main__:2570 -     #38 SUNPHARMA: mom None→BUILDING  score 86→46.7
19:28:15 | INFO     | __main__:2570 -     #39 WELCORP: mom HOT→HOT  score 86→42.1
19:28:15 | INFO     | __main__:2570 -     #40 KIRLOSENG: mom HOT→HOT  score 85→55.7
19:28:15 | INFO     | __main__:2586 - Pass 3: writing results...
19:28:16 | SUCCESS  | __main__:2396 - ✓ full: 70 → master_shortlist
19:28:53 | INFO     | config:187 - TradeOS v6 config loaded | Capital=₹200,000 | DRY_RUN=False | Phase=2
19:28:53 | INFO     | __main__:849 - ============================================================
19:28:53 | INFO     | __main__:850 - STEP [15]: Generate Signals v3
19:28:53 | INFO     | __main__:851 - ============================================================
19:28:54 | INFO     | __main__:167 -   MSL rows loaded: 70 | compute_source breakdown: {'unknown': 70}
19:28:54 | INFO     | __main__:858 - Signal breakdown:   {'WATCH': 38, 'REENTRY_SETUP': 6, 'BUY_CANDIDATE': 3}
19:28:54 | INFO     | __main__:859 - Subtype breakdown:  {'reentry_pullback': 6, 'in_zone': 3}
19:28:54 | INFO     | __main__:870 -   BUY CANDIDATES:  9 (PRIME: 0)
19:28:54 | INFO     | __main__:872 -   EXIT signals:    0
19:28:54 | INFO     | __main__:873 -   REDUCE signals:  0
19:28:54 | INFO     | __main__:874 -   REGIME WARNS:    0
19:28:54 | INFO     | __main__:878 -   WATCH signals (38) by filter reason:
19:28:54 | INFO     | __main__:881 -     far_above_extended: 22 — e.g. JSWENERGY, TORNTPOWER, SOLARINDS, KIRLOSENG
19:28:54 | INFO     | __main__:881 -     extended_timing_no_reentry: 6 — e.g. APARINDS, ADANIPORTS, FINCABLES, LLOYDSME
19:28:54 | INFO     | __main__:881 -     moderate_above_insufficient_momentum: 5 — e.g. GPIL, VEDL, NHPC, KEI
19:28:54 | INFO     | __main__:881 -     blocked_low_liquidity: 4 — e.g. SARDAEN, USHAMART, GICRE, AIAENG
19:28:54 | INFO     | __main__:881 -     slight_above_weak_momentum: 1 — e.g. AADHARHFC
19:28:54 | INFO     | __main__:894 -   Market context: VIX=18.0475 Nifty5d=-2.36 Breadth=44.79% FII20d=-52959.73
19:55:12 | INFO     | config:187 - TradeOS v6 config loaded | Capital=₹200,000 | DRY_RUN=False | Phase=2
19:55:12 | INFO     | __main__:826 - ============================================================
19:55:12 | INFO     | __main__:827 - STEP [15]: Generate Signals v3
19:55:12 | INFO     | __main__:828 - ============================================================
19:55:13 | INFO     | __main__:140 -   MSL rows loaded: 70 | compute_source breakdown: {'unknown': 70}
19:55:14 | INFO     | __main__:835 - Signal breakdown:   {'WATCH': 38, 'REENTRY_SETUP': 6, 'BUY_CANDIDATE': 3}
19:55:14 | INFO     | __main__:836 - Subtype breakdown:  {'reentry_pullback': 6, 'in_zone': 3}
19:55:14 | INFO     | __main__:847 -   BUY CANDIDATES:  9 (PRIME: 0)
19:55:14 | INFO     | __main__:849 -   EXIT signals:    0
19:55:14 | INFO     | __main__:850 -   REDUCE signals:  0
19:55:14 | INFO     | __main__:851 -   REGIME WARNS:    0
19:55:14 | INFO     | __main__:855 -   WATCH signals (38) by filter reason:
19:55:14 | INFO     | __main__:858 -     far_above_extended: 24 — e.g. JSWENERGY, TORNTPOWER, SOLARINDS, GICRE
19:55:14 | INFO     | __main__:858 -     extended_timing_no_reentry: 7 — e.g. APARINDS, ADANIPORTS, FINCABLES, USHAMART
19:55:14 | INFO     | __main__:858 -     moderate_above_insufficient_momentum: 6 — e.g. SARDAEN, GPIL, VEDL, NHPC
19:55:14 | INFO     | __main__:858 -     slight_above_weak_momentum: 1 — e.g. AADHARHFC
19:55:14 | INFO     | __main__:871 -   Market context: VIX=18.0475 Nifty5d=-2.36 Breadth=44.79% FII20d=-52959.73
19:55:14 | INFO     | __main__:814 - ✓ 47 signals written to signal_log
20:08:34 | INFO     | config:187 - TradeOS v6 config loaded | Capital=₹200,000 | DRY_RUN=False | Phase=2
20:08:34 | INFO     | __main__:1478 - =================================================================
20:08:34 | INFO     | __main__:1479 - STEP: Screen Stocks v1.1 | 2026-04-29 | mode=FULL
20:08:34 | INFO     | __main__:1481 - =================================================================
20:08:34 | INFO     | __main__:1483 - Pass 1: loading data...
20:08:35 | INFO     | __main__:174 -   Loaded: 1000 stocks | 24 sectors | regime=RECOVERING | asm=309 | fii=CAUTION | forced=0
20:08:35 | INFO     | __main__:1515 - Pass 2: running engines (regime=RECOVERING)...
20:08:35 | INFO     | __main__:304 -   CTL: 28 candidates
20:08:35 | INFO     | __main__:385 -   SBS: 0 candidates
20:08:35 | INFO     | __main__:465 -   TPO: 1 candidates
20:08:35 | INFO     | __main__:542 -   VBD: 1 candidates
20:08:35 | INFO     | __main__:607 -   IAD: 3 candidates
20:08:35 | INFO     | __main__:661 -   RSB: 0 candidates
20:08:35 | INFO     | __main__:764 -   MOM: 18 candidates [RECOVERING strict mode]
20:08:35 | INFO     | __main__:791 -   RVS: RECOVERING mode — primary engine, relaxed gates
20:08:35 | INFO     | __main__:879 -   RVS: 15 candidates
20:08:35 | INFO     | __main__:907 -   SEC: RECOVERING mode — restricting to top 3 sectors
20:08:35 | INFO     | __main__:955 -   SEC: 41 candidates [top 3 sectors only]
20:08:35 | INFO     | __main__:1544 -   Engine totals: CTL=28 SBS=0 TPO=1 VBD=1 IAD=3 RSB=0 MOM=18 RVS=15 SEC=41 | Total unique=76
20:08:35 | INFO     | __main__:1552 - Pass 3: aggregating and ranking...
20:08:35 | INFO     | __main__:1002 -   Regime weights (RECOVERING): CTL=0.8x | IAD=1.3x | MOM=0.7x | RSB=1.3x | RVS=1.5x | SBS=0.9x | SEC=1.2x | TPO=0.9x | VBD=0.8x
20:08:35 | INFO     | __main__:1113 -   Aggregated: 76 total unique | 71 after hard filters | 70 final
20:08:35 | INFO     | __main__:1566 - 
  ═══ TOP 70 SCREENED SYMBOLS (RECOVERING) ═══
20:08:35 | INFO     | __main__:1569 -      # 1 JINDALSTEL   score=154.0  engines=CTL,RVS,SEC,TPO              sector=metals & mining      rank=1
20:08:35 | INFO     | __main__:1569 -      # 2 SBIN         score=132.0  engines=RVS                          sector=bank                 rank=9
20:08:35 | INFO     | __main__:1569 -      # 3 FEDERALBNK   score=132.0  engines=RVS                          sector=bank                 rank=9
20:08:35 | INFO     | __main__:1569 -      # 4 CANFINHOME   score=124.5  engines=RVS                          sector=financials           rank=10
20:08:35 | INFO     | __main__:1569 -      # 5 CANBK        score=123.0  engines=RVS                          sector=bank                 rank=9
20:08:35 | INFO     | __main__:1569 -      # 6 AJANTPHARM   score=123.0  engines=RVS                          sector=healthcare           rank=6
20:08:35 | INFO     | __main__:1569 -      # 7 BEL          score=120.0  engines=RVS                          sector=aerospace & defence  rank=4
20:08:35 | INFO     | __main__:1569 -      # 8 IFCI         score=115.5  engines=RVS                          sector=financials           rank=10
20:08:35 | INFO     | __main__:1569 -      # 9 NTPC         score=112.3  engines=CTL,MOM,SEC                  sector=power & utilities    rank=2
20:08:35 | INFO     | __main__:1569 -      #10 VEDL         score=110.9  engines=CTL,SEC,VBD                  sector=metals & mining      rank=1
20:08:35 | INFO     | __main__:1569 -      #11 INDUSTOWER   score=109.5  engines=RVS                          sector=telecom              rank=5
20:08:35 | INFO     | __main__:1569 -      #12 GPIL         score=105.8  engines=CTL,SEC                      sector=metals & mining      rank=1
20:08:35 | INFO     | __main__:1569 -      #13 MUTHOOTFIN   score=105.0  engines=RVS                          sector=financials           rank=10
20:08:35 | INFO     | __main__:1569 -      #14 SHYAMMETL    score=102.0  engines=SEC                          sector=metals & mining      rank=1
20:08:35 | INFO     | __main__:1569 -      #15 TIMKEN       score=100.5  engines=RVS                          sector=industrials          rank=3
20:08:35 | INFO     | __main__:1569 -      #16 AXISBANK     score= 97.5  engines=RVS                          sector=bank                 rank=9
20:08:35 | INFO     | __main__:1569 -      #17 POWERGRID    score= 97.4  engines=CTL,MOM,SEC                  sector=power & utilities    rank=2
20:08:35 | INFO     | __main__:1569 -      #18 ABB          score= 96.8  engines=CTL,MOM,SEC                  sector=industrials          rank=3
20:08:35 | INFO     | __main__:1569 -      #19 CUMMINSIND   score= 95.6  engines=CTL,MOM,SEC                  sector=industrials          rank=3
20:08:35 | INFO     | __main__:1569 -      #20 COALINDIA    score= 95.0  engines=CTL,SEC                      sector=metals & mining      rank=1
20:08:35 | INFO     | __main__:1569 -      #21 SCHAEFFLER   score= 94.3  engines=MOM,SEC                      sector=industrials          rank=3
20:08:35 | INFO     | __main__:1569 -      #22 NTPCGREEN    score= 93.6  engines=SEC                          sector=power & utilities    rank=2
20:08:35 | INFO     | __main__:1569 -      #23 NATIONALUM   score= 93.2  engines=CTL,SEC                      sector=metals & mining      rank=1
20:08:35 | INFO     | __main__:1569 -      #24 APLAPOLLO    score= 93.0  engines=RVS                          sector=industrials          rank=3
20:08:35 | INFO     | __main__:1569 -      #25 GRAVITA      score= 92.4  engines=SEC                          sector=metals & mining      rank=1
20:08:35 | INFO     | __main__:1569 -      #26 NSLNISP      score= 92.4  engines=SEC                          sector=metals & mining      rank=1
20:08:35 | INFO     | __main__:1569 -      #27 TATASTEEL    score= 91.8  engines=CTL,SEC                      sector=metals & mining      rank=1
20:08:35 | INFO     | __main__:1569 -      #28 BHARATFORG   score= 90.8  engines=CTL,SEC                      sector=industrials          rank=3
20:08:35 | INFO     | __main__:1569 -      #29 TORNTPOWER   score= 90.3  engines=MOM,SEC                      sector=power & utilities    rank=2
20:08:35 | INFO     | __main__:1569 -      #30 SARDAEN      score= 89.9  engines=CTL,SEC                      sector=metals & mining      rank=1
20:08:35 | INFO     | __main__:1569 -      #31 NMDC         score= 89.4  engines=CTL,SEC                      sector=metals & mining      rank=1
20:08:35 | INFO     | __main__:1569 -      #32 NHPC         score= 88.8  engines=SEC                          sector=power & utilities    rank=2
20:08:35 | INFO     | __main__:1569 -      #33 LLOYDSME     score= 88.8  engines=CTL                          sector=metals & mining      rank=1
20:08:35 | INFO     | __main__:1569 -      #34 CGPOWER      score= 88.7  engines=CTL,MOM,SEC                  sector=industrials          rank=3
20:08:35 | INFO     | __main__:1569 -      #35 RELIANCE     score= 88.4  engines=IAD                          sector=energy               rank=11
20:08:35 | INFO     | __main__:1569 -      #36 JSWENERGY    score= 87.6  engines=SEC                          sector=power & utilities    rank=2
20:08:35 | INFO     | __main__:1569 -      #37 TIINDIA      score= 86.4  engines=SEC                          sector=industrials          rank=3
20:08:35 | INFO     | __main__:1569 -      #38 SUNPHARMA    score= 85.8  engines=IAD                          sector=healthcare           rank=6
20:08:35 | INFO     | __main__:1569 -      #39 WELCORP      score= 85.6  engines=CTL                          sector=industrials          rank=3
20:08:35 | INFO     | __main__:1569 -      #40 KIRLOSENG    score= 85.4  engines=CTL,MOM,SEC                  sector=industrials          rank=3
20:08:35 | INFO     | __main__:1569 -      #41 INDIANB      score= 81.0  engines=RVS                          sector=bank                 rank=9
20:08:35 | INFO     | __main__:1569 -      #42 AIAENG       score= 80.4  engines=SEC                          sector=industrials          rank=3
20:08:35 | INFO     | __main__:1569 -      #43 BANKINDIA    score= 79.5  engines=RVS                          sector=bank                 rank=9
20:08:35 | INFO     | __main__:1569 -      #44 BHEL         score= 79.2  engines=CTL                          sector=industrials          rank=3
20:08:35 | INFO     | __main__:1569 -      #45 ELGIEQUIP    score= 79.0  engines=MOM,SEC                      sector=industrials          rank=3
20:08:35 | INFO     | __main__:1569 -      #46 APARINDS     score= 78.8  engines=MOM,SEC                      sector=industrials          rank=3
20:08:35 | INFO     | __main__:1569 -      #47 USHAMART     score= 78.0  engines=SEC                          sector=metals & mining      rank=1
20:08:35 | INFO     | __main__:1569 -      #48 AADHARHFC    score= 76.7  engines=IAD                          sector=financials           rank=10
20:08:35 | INFO     | __main__:1569 -      #49 GRAPHITE     score= 76.0  engines=CTL                          sector=industrials          rank=3
20:08:35 | INFO     | __main__:1569 -      #50 ADANIPOWER   score= 76.0  engines=CTL                          sector=power & utilities    rank=2
20:08:35 | INFO     | __main__:1569 -      #51 SJVN         score= 75.6  engines=SEC                          sector=power & utilities    rank=2
20:08:35 | INFO     | __main__:1569 -      #52 TARIL        score= 74.4  engines=SEC                          sector=industrials          rank=3
20:08:35 | INFO     | __main__:1569 -      #53 JINDALSAW    score= 74.4  engines=SEC                          sector=industrials          rank=3
20:08:35 | INFO     | __main__:1569 -      #54 POLYCAB      score= 74.4  engines=SEC                          sector=industrials          rank=3
20:08:35 | INFO     | __main__:1569 -      #55 ACE          score= 74.4  engines=SEC                          sector=industrials          rank=3
20:08:35 | INFO     | __main__:1569 -      #56 SOLARINDS    score= 73.3  engines=CTL,MOM                      sector=aerospace & defence  rank=4
20:08:35 | INFO     | __main__:1569 -      #57 SIEMENS      score= 72.8  engines=CTL                          sector=industrials          rank=3
20:08:35 | INFO     | __main__:1569 -      #58 KEI          score= 72.0  engines=CTL                          sector=industrials          rank=3
20:08:35 | INFO     | __main__:1569 -      #59 GMDCLTD      score= 72.0  engines=SEC                          sector=metals & mining      rank=1
20:08:35 | INFO     | __main__:1569 -      #60 GICRE        score= 70.0  engines=MOM                          sector=financials           rank=10
20:08:35 | INFO     | __main__:1569 -      #61 RPOWER       score= 69.6  engines=SEC                          sector=power & utilities    rank=2
20:08:35 | INFO     | __main__:1569 -      #62 RKFORGE      score= 66.0  engines=SEC                          sector=industrials          rank=3
20:08:35 | INFO     | __main__:1569 -      #63 JAINREC      score= 66.0  engines=SEC                          sector=metals & mining      rank=1
20:08:35 | INFO     | __main__:1569 -      #64 DRREDDY      score= 65.8  engines=MOM                          sector=healthcare           rank=6
20:08:35 | INFO     | __main__:1569 -      #65 POWERINDIA   score= 65.6  engines=CTL                          sector=industrials          rank=3
20:08:35 | INFO     | __main__:1569 -      #66 AUBANK       score= 63.0  engines=MOM                          sector=bank                 rank=9
20:08:35 | INFO     | __main__:1569 -      #67 FINCABLES    score= 62.3  engines=MOM                          sector=industrials          rank=3
20:08:35 | INFO     | __main__:1569 -      #68 CESC         score= 60.0  engines=CTL                          sector=power & utilities    rank=2
20:08:35 | INFO     | __main__:1569 -      #69 ASTERDM      score= 58.1  engines=MOM                          sector=healthcare           rank=6
20:08:35 | INFO     | __main__:1569 -      #70 ADANIPORTS   score= 56.0  engines=MOM                          sector=transportation       rank=7
20:08:35 | INFO     | __main__:1585 -   Multi-engine confirmed: 20/70
20:08:35 | INFO     | __main__:1586 -   Sector distribution: {'metals & mining': 15, 'bank': 7, 'financials': 5, 'healthcare': 4, 'aerospace & defence': 2, 'power & utilities': 10, 'telecom': 1, 'industrials': 24, 'energy': 1, 'transportation': 1}
20:08:35 | INFO     | __main__:1587 -   Engine hits: {'CTL': 25, 'RVS': 15, 'SEC': 37, 'TPO': 1, 'MOM': 17, 'VBD': 1, 'IAD': 3}
20:08:35 | INFO     | __main__:1590 - Pass 4: writing (full mode)...
20:08:35 | SUCCESS  | __main__:1203 - ✓ 70 symbols → master_shortlist
20:08:35 | INFO     | __main__:1410 - Checking master_shortlist completeness...
20:08:35 | INFO     | __main__:1439 - ======================================================================
20:08:35 | INFO     | __main__:1440 - MASTER_SHORTLIST COMPLETENESS REPORT
20:08:35 | INFO     | __main__:1441 - ======================================================================
20:08:35 | WARNING  | __main__:1445 - ai_conviction             NULL in 70/70 rows (100.0%)
20:08:35 | WARNING  | __main__:1445 - ai_conviction_reason      NULL in 70/70 rows (100.0%)
20:08:35 | WARNING  | __main__:1445 - ai_fallback_used          NULL in 70/70 rows (100.0%)
20:08:35 | WARNING  | __main__:1445 - ai_note                   NULL in 70/70 rows (100.0%)
20:08:35 | WARNING  | __main__:1445 - ai_provider               NULL in 70/70 rows (100.0%)
20:08:35 | WARNING  | __main__:1445 - ai_risks                  NULL in 70/70 rows (100.0%)
20:08:35 | WARNING  | __main__:1445 - ai_shortlist_rank         NULL in 70/70 rows (100.0%)
20:08:35 | WARNING  | __main__:1445 - ai_shortlist_reason       NULL in 70/70 rows (100.0%)
20:08:35 | WARNING  | __main__:1445 - ai_suggested_action       NULL in 70/70 rows (100.0%)
20:08:35 | WARNING  | __main__:1445 - company_name              NULL in 16/70 rows (22.9%)
20:08:35 | WARNING  | __main__:1445 - composite_score           NULL in 70/70 rows (100.0%)
20:08:35 | WARNING  | __main__:1445 - compute_source            NULL in 70/70 rows (100.0%)
20:08:35 | WARNING  | __main__:1445 - eap_revival               NULL in 70/70 rows (100.0%)
20:08:35 | WARNING  | __main__:1445 - entry_action              NULL in 70/70 rows (100.0%)
20:08:35 | WARNING  | __main__:1445 - entry_mode                NULL in 70/70 rows (100.0%)
20:08:35 | WARNING  | __main__:1445 - entry_ready               NULL in 70/70 rows (100.0%)
20:08:35 | WARNING  | __main__:1445 - event_bias                NULL in 70/70 rows (100.0%)
20:08:35 | WARNING  | __main__:1445 - event_sectors             NULL in 70/70 rows (100.0%)
20:08:35 | WARNING  | __main__:1445 - exec_eligibility          NULL in 70/70 rows (100.0%)
20:08:35 | WARNING  | __main__:1445 - fv_high                   NULL in 70/70 rows (100.0%)
20:08:35 | WARNING  | __main__:1445 - fv_low                    NULL in 70/70 rows (100.0%)
20:08:35 | WARNING  | __main__:1445 - is_ipo                    NULL in 70/70 rows (100.0%)
20:08:35 | WARNING  | __main__:1445 - ma_levels                 NULL in 70/70 rows (100.0%)
20:08:35 | WARNING  | __main__:1445 - notes                     NULL in 70/70 rows (100.0%)
20:08:35 | WARNING  | __main__:1445 - opp_type                  NULL in 70/70 rows (100.0%)
20:08:35 | WARNING  | __main__:1445 - persistent_phase          NULL in 32/70 rows (45.7%)
20:08:35 | WARNING  | __main__:1445 - pos_type                  NULL in 70/70 rows (100.0%)
20:08:35 | WARNING  | __main__:1445 - rank_vel_3d               NULL in 38/70 rows (54.3%)
20:08:35 | WARNING  | __main__:1445 - score_vel_5d              NULL in 45/70 rows (64.3%)
20:08:35 | WARNING  | __main__:1445 - screener_source           NULL in 70/70 rows (100.0%)
20:08:35 | WARNING  | __main__:1445 - st_cushion_pct            NULL in 3/70 rows (4.3%)
20:08:35 | WARNING  | __main__:1445 - suggested                 NULL in 70/70 rows (100.0%)
20:08:35 | WARNING  | __main__:1445 - trade_allowed             NULL in 70/70 rows (100.0%)
20:08:35 | WARNING  | __main__:1445 - upcoming_news             NULL in 70/70 rows (100.0%)
20:08:35 | INFO     | __main__:1447 - ======================================================================
20:08:35 | ERROR    | __main__:1452 - Columns never populated by script:
20:08:35 | ERROR    | __main__:1454 -    -> ai_conviction
20:08:35 | ERROR    | __main__:1454 -    -> ai_conviction_reason
20:08:35 | ERROR    | __main__:1454 -    -> ai_fallback_used
20:08:35 | ERROR    | __main__:1454 -    -> ai_note
20:08:35 | ERROR    | __main__:1454 -    -> ai_provider
20:08:35 | ERROR    | __main__:1454 -    -> ai_risks
20:08:35 | ERROR    | __main__:1454 -    -> ai_shortlist_rank
20:08:35 | ERROR    | __main__:1454 -    -> ai_shortlist_reason
20:08:35 | ERROR    | __main__:1454 -    -> ai_suggested_action
20:08:35 | ERROR    | __main__:1454 -    -> composite_score
20:08:35 | ERROR    | __main__:1454 -    -> compute_source
20:08:35 | ERROR    | __main__:1454 -    -> eap_revival
20:08:35 | ERROR    | __main__:1454 -    -> entry_action
20:08:35 | ERROR    | __main__:1454 -    -> entry_mode
20:08:35 | ERROR    | __main__:1454 -    -> entry_ready
20:08:35 | ERROR    | __main__:1454 -    -> event_bias
20:08:35 | ERROR    | __main__:1454 -    -> event_sectors
20:08:35 | ERROR    | __main__:1454 -    -> exec_eligibility
20:08:35 | ERROR    | __main__:1454 -    -> fv_high
20:08:35 | ERROR    | __main__:1454 -    -> fv_low
20:08:35 | ERROR    | __main__:1454 -    -> is_ipo
20:08:35 | ERROR    | __main__:1454 -    -> ma_levels
20:08:35 | ERROR    | __main__:1454 -    -> notes
20:08:35 | ERROR    | __main__:1454 -    -> opp_type
20:08:35 | ERROR    | __main__:1454 -    -> pos_type
20:08:35 | ERROR    | __main__:1454 -    -> screener_source
20:08:35 | ERROR    | __main__:1454 -    -> suggested
20:08:35 | ERROR    | __main__:1454 -    -> trade_allowed
20:08:35 | ERROR    | __main__:1454 -    -> upcoming_news
20:08:35 | SUCCESS  | __main__:1456 - Completeness check finished.
20:08:35 | INFO     | __main__:1228 -   EAP revival: no penalized stocks found yesterday — skipping
20:08:36 | INFO     | __main__:1343 -   Outcomes: 5d period — 91 stocks from 2026-04-24
20:08:36 | INFO     | __main__:1317 -   Outcomes: no msl_computed data for 2026-04-19 — skipping 10d
20:08:36 | INFO     | __main__:1343 -   Outcomes: 15d period — 65 stocks from 2026-04-14
20:08:36 | SUCCESS  | __main__:1366 -   Outcomes logged: 156 records | 110/156 positive (71% hit rate)
20:15:40 | INFO     | config:187 - TradeOS v6 config loaded | Capital=₹200,000 | DRY_RUN=False | Phase=2
20:15:40 | INFO     | __main__:1478 - =================================================================
20:15:40 | INFO     | __main__:1479 - STEP: Screen Stocks v1.1 | 2026-04-29 | mode=SHADOW
20:15:40 | INFO     | __main__:1481 - =================================================================
20:15:40 | INFO     | __main__:1483 - Pass 1: loading data...
20:15:41 | INFO     | __main__:174 -   Loaded: 1000 stocks | 24 sectors | regime=NEUTRAL | asm=321 | fii=CAUTION | forced=0
20:15:41 | INFO     | __main__:1515 - Pass 2: running engines (regime=NEUTRAL)...
20:15:41 | INFO     | __main__:304 -   CTL: 28 candidates
20:15:41 | INFO     | __main__:385 -   SBS: 0 candidates
20:15:41 | INFO     | __main__:465 -   TPO: 1 candidates
20:15:41 | INFO     | __main__:542 -   VBD: 1 candidates
20:15:41 | INFO     | __main__:607 -   IAD: 3 candidates
20:15:41 | INFO     | __main__:661 -   RSB: 1 candidates
20:15:41 | INFO     | __main__:764 -   MOM: 44 candidates
20:15:41 | INFO     | __main__:879 -   RVS: 10 candidates
20:15:41 | INFO     | __main__:955 -   SEC: 45 candidates
20:15:41 | INFO     | __main__:1544 -   Engine totals: CTL=28 SBS=0 TPO=1 VBD=1 IAD=3 RSB=1 MOM=44 RVS=10 SEC=45 | Total unique=86
20:15:41 | INFO     | __main__:1552 - Pass 3: aggregating and ranking...
20:15:41 | INFO     | __main__:1002 -   Regime weights (NEUTRAL):  (all 1.0x)
20:15:41 | INFO     | __main__:1113 -   Aggregated: 86 total unique | 82 after hard filters | 82 final
20:15:41 | INFO     | __main__:1566 - 
  ═══ TOP 82 SCREENED SYMBOLS (NEUTRAL) ═══
20:15:41 | INFO     | __main__:1569 -      # 1 NTPC         score=130.0  engines=CTL,MOM,SEC                  sector=power & utilities    rank=2
20:15:41 | INFO     | __main__:1569 -      # 2 JINDALSTEL   score=127.7  engines=CTL,RVS,SEC,TPO              sector=metals & mining      rank=1
20:15:41 | INFO     | __main__:1569 -      # 3 CUMMINSIND   score=124.1  engines=CTL,MOM,SEC                  sector=industrials          rank=3
20:15:41 | INFO     | __main__:1569 -      # 4 COALINDIA    score=122.0  engines=CTL,MOM,SEC                  sector=metals & mining      rank=1
20:15:41 | INFO     | __main__:1569 -      # 5 ABB          score=118.4  engines=CTL,MOM,SEC                  sector=industrials          rank=3
20:15:41 | INFO     | __main__:1569 -      # 6 NATIONALUM   score=118.2  engines=CTL,MOM,SEC                  sector=metals & mining      rank=1
20:15:41 | INFO     | __main__:1569 -      # 7 POWERGRID    score=117.8  engines=CTL,MOM,SEC                  sector=power & utilities    rank=2
20:15:41 | INFO     | __main__:1569 -      # 8 TORNTPOWER   score=116.4  engines=MOM,SEC                      sector=power & utilities    rank=2
20:15:41 | INFO     | __main__:1569 -      # 9 NMDC         score=115.6  engines=CTL,MOM,SEC                  sector=metals & mining      rank=1
20:15:41 | INFO     | __main__:1569 -      #10 BHARATFORG   score=114.3  engines=CTL,MOM,SEC                  sector=industrials          rank=3
20:15:41 | INFO     | __main__:1569 -      #11 SARDAEN      score=113.9  engines=CTL,MOM,SEC                  sector=metals & mining      rank=1
20:15:41 | INFO     | __main__:1569 -      #12 SIEMENS      score=111.0  engines=CTL,MOM                      sector=industrials          rank=3
20:15:41 | INFO     | __main__:1569 -      #13 SAIL         score=111.0  engines=CTL                          sector=metals & mining      rank=1
20:15:41 | INFO     | __main__:1569 -      #14 LLOYDSME     score=111.0  engines=CTL                          sector=metals & mining      rank=1
20:15:41 | INFO     | __main__:1569 -      #15 SOLARINDS    score=109.6  engines=CTL,MOM,SEC                  sector=aerospace & defence  rank=4
20:15:41 | INFO     | __main__:1569 -      #16 SCHAEFFLER   score=109.3  engines=MOM,SEC                      sector=industrials          rank=3
20:15:41 | INFO     | __main__:1569 -      #17 TATASTEEL    score=107.4  engines=CTL,SEC                      sector=metals & mining      rank=1
20:15:41 | INFO     | __main__:1569 -      #18 WELCORP      score=107.0  engines=CTL                          sector=industrials          rank=3
20:15:41 | INFO     | __main__:1569 -      #19 CGPOWER      score=106.1  engines=CTL,MOM,SEC                  sector=industrials          rank=3
20:15:41 | INFO     | __main__:1569 -      #20 GRAPHITE     score=106.0  engines=CTL,MOM                      sector=industrials          rank=3
20:15:41 | INFO     | __main__:1569 -      #21 KEI          score=105.2  engines=CTL,MOM                      sector=industrials          rank=3
20:15:41 | INFO     | __main__:1569 -      #22 GPIL         score=105.1  engines=CTL,SEC                      sector=metals & mining      rank=1
20:15:41 | INFO     | __main__:1569 -      #23 VEDL         score=104.3  engines=CTL,SEC,VBD                  sector=metals & mining      rank=1
20:15:41 | INFO     | __main__:1569 -      #24 JINDALSAW    score=104.1  engines=MOM,SEC                      sector=industrials          rank=3
20:15:41 | INFO     | __main__:1569 -      #25 BHEL         score= 99.0  engines=CTL                          sector=industrials          rank=3
20:15:41 | INFO     | __main__:1569 -      #26 POLYCAB      score= 98.0  engines=MOM,SEC                      sector=industrials          rank=3
20:15:41 | INFO     | __main__:1569 -      #27 AIAENG       score= 96.7  engines=MOM,SEC                      sector=industrials          rank=3
20:15:41 | INFO     | __main__:1569 -      #28 KIRLOSENG    score= 95.6  engines=CTL,MOM,SEC                  sector=industrials          rank=3
20:15:41 | INFO     | __main__:1569 -      #29 ADANIPOWER   score= 95.0  engines=CTL                          sector=power & utilities    rank=2
20:15:41 | INFO     | __main__:1569 -      #30 GMDCLTD      score= 94.9  engines=MOM,SEC                      sector=metals & mining      rank=1
20:15:41 | INFO     | __main__:1569 -      #31 DRREDDY      score= 94.0  engines=MOM                          sector=healthcare           rank=6
20:15:41 | INFO     | __main__:1569 -      #32 ELGIEQUIP    score= 93.1  engines=MOM,SEC                      sector=industrials          rank=3
20:15:41 | INFO     | __main__:1569 -      #33 NLCINDIA     score= 93.0  engines=MOM                          sector=power & utilities    rank=2
20:15:41 | INFO     | __main__:1569 -      #34 APARINDS     score= 92.3  engines=MOM,SEC                      sector=industrials          rank=3
20:15:41 | INFO     | __main__:1569 -      #35 ONGC         score= 90.0  engines=MOM                          sector=energy               rank=10
20:15:41 | INFO     | __main__:1569 -      #36 AUBANK       score= 90.0  engines=MOM                          sector=bank                 rank=8
20:15:41 | INFO     | __main__:1569 -      #37 SCHNEIDER    score= 90.0  engines=MOM                          sector=industrials          rank=3
20:15:41 | INFO     | __main__:1569 -      #38 OIL          score= 89.0  engines=MOM                          sector=energy               rank=10
20:15:41 | INFO     | __main__:1569 -      #39 FINCABLES    score= 89.0  engines=MOM                          sector=industrials          rank=3
20:15:41 | INFO     | __main__:1569 -      #40 SBIN         score= 88.0  engines=RVS                          sector=bank                 rank=8
20:15:41 | INFO     | __main__:1569 -      #41 FEDERALBNK   score= 88.0  engines=RVS                          sector=bank                 rank=8
20:15:41 | INFO     | __main__:1569 -      #42 DATAPATTNS   score= 87.0  engines=MOM                          sector=aerospace & defence  rank=4
20:15:41 | INFO     | __main__:1569 -      #43 SHYAMMETL    score= 85.0  engines=SEC                          sector=metals & mining      rank=1
20:15:41 | INFO     | __main__:1569 -      #44 CUB          score= 84.0  engines=MOM                          sector=bank                 rank=8
20:15:41 | INFO     | __main__:1569 -      #45 ASTERDM      score= 83.0  engines=MOM                          sector=healthcare           rank=6
20:15:41 | INFO     | __main__:1569 -      #46 CANBK        score= 82.0  engines=RVS                          sector=bank                 rank=8
20:15:41 | INFO     | __main__:1569 -      #47 AJANTPHARM   score= 82.0  engines=RVS                          sector=healthcare           rank=6
20:15:41 | INFO     | __main__:1569 -      #48 POWERINDIA   score= 82.0  engines=CTL                          sector=industrials          rank=3
20:15:41 | INFO     | __main__:1569 -      #49 ADANIPORTS   score= 80.0  engines=MOM                          sector=transportation       rank=7
20:15:41 | INFO     | __main__:1569 -      #50 BEL          score= 80.0  engines=RVS                          sector=aerospace & defence  rank=4
20:15:41 | INFO     | __main__:1569 -      #51 INDUSINDBK   score= 79.0  engines=MOM                          sector=bank                 rank=8
20:15:41 | INFO     | __main__:1569 -      #52 NTPCGREEN    score= 78.0  engines=SEC                          sector=power & utilities    rank=2
20:15:41 | INFO     | __main__:1569 -      #53 GRAVITA      score= 77.0  engines=SEC                          sector=metals & mining      rank=1
20:15:41 | INFO     | __main__:1569 -      #54 NSLNISP      score= 77.0  engines=SEC                          sector=metals & mining      rank=1
20:15:41 | INFO     | __main__:1569 -      #55 SCI          score= 76.0  engines=MOM                          sector=transportation       rank=7
20:15:41 | INFO     | __main__:1569 -      #56 RELIANCE     score= 75.5  engines=IAD,RSB                      sector=energy               rank=10
20:15:41 | INFO     | __main__:1569 -      #57 CESC         score= 75.0  engines=CTL                          sector=power & utilities    rank=2
20:15:41 | INFO     | __main__:1569 -      #58 SUNPHARMA    score= 74.3  engines=IAD,MOM                      sector=healthcare           rank=6
20:15:41 | INFO     | __main__:1569 -      #59 RBLBANK      score= 74.0  engines=MOM                          sector=bank                 rank=8
20:15:41 | INFO     | __main__:1569 -      #60 NHPC         score= 74.0  engines=SEC                          sector=power & utilities    rank=2
20:15:41 | INFO     | __main__:1569 -      #61 INDUSTOWER   score= 73.0  engines=RVS                          sector=telecom              rank=5
20:15:41 | INFO     | __main__:1569 -      #62 JSWENERGY    score= 73.0  engines=SEC                          sector=power & utilities    rank=2
20:15:41 | INFO     | __main__:1569 -      #63 TIINDIA      score= 72.0  engines=SEC                          sector=industrials          rank=3
20:15:41 | INFO     | __main__:1569 -      #64 IPCALAB      score= 69.0  engines=MOM                          sector=healthcare           rank=6
20:15:41 | INFO     | __main__:1569 -      #65 GLENMARK     score= 69.0  engines=MOM                          sector=healthcare           rank=6
20:15:41 | INFO     | __main__:1569 -      #66 HAL          score= 67.0  engines=SEC                          sector=aerospace & defence  rank=4
20:15:41 | INFO     | __main__:1569 -      #67 TIMKEN       score= 67.0  engines=RVS                          sector=industrials          rank=3
20:15:41 | INFO     | __main__:1569 -      #68 AXISBANK     score= 65.0  engines=RVS                          sector=bank                 rank=8
20:15:41 | INFO     | __main__:1569 -      #69 USHAMART     score= 65.0  engines=SEC                          sector=metals & mining      rank=1
20:15:41 | INFO     | __main__:1569 -      #70 VTL          score= 63.0  engines=MOM                          sector=textiles             rank=9
20:15:41 | INFO     | __main__:1569 -      #71 SJVN         score= 63.0  engines=SEC                          sector=power & utilities    rank=2
20:15:41 | INFO     | __main__:1569 -      #72 APLAPOLLO    score= 62.0  engines=RVS                          sector=industrials          rank=3
20:15:41 | INFO     | __main__:1569 -      #73 TARIL        score= 62.0  engines=SEC                          sector=industrials          rank=3
20:15:41 | INFO     | __main__:1569 -      #74 ACE          score= 62.0  engines=SEC                          sector=industrials          rank=3
20:15:41 | INFO     | __main__:1569 -      #75 AADHARHFC    score= 59.0  engines=IAD                          sector=financials           rank=12
20:15:41 | INFO     | __main__:1569 -      #76 BANDHANBNK   score= 59.0  engines=MOM                          sector=bank                 rank=8
20:15:41 | INFO     | __main__:1569 -      #77 RPOWER       score= 58.0  engines=SEC                          sector=power & utilities    rank=2
20:15:41 | INFO     | __main__:1569 -      #78 BDL          score= 57.0  engines=SEC                          sector=aerospace & defence  rank=4
20:15:41 | INFO     | __main__:1569 -      #79 ITI          score= 57.0  engines=SEC                          sector=aerospace & defence  rank=4
20:15:41 | INFO     | __main__:1569 -      #80 RKFORGE      score= 55.0  engines=SEC                          sector=industrials          rank=3
20:15:41 | INFO     | __main__:1569 -      #81 JAINREC      score= 55.0  engines=SEC                          sector=metals & mining      rank=1
20:15:41 | INFO     | __main__:1569 -      #82 WAAREEENER   score= 54.0  engines=CTL                          sector=industrials          rank=3
20:15:41 | INFO     | __main__:1585 -   Multi-engine confirmed: 29/82
20:15:41 | INFO     | __main__:1586 -   Sector distribution: {'power & utilities': 11, 'metals & mining': 16, 'industrials': 26, 'aerospace & defence': 6, 'healthcare': 6, 'energy': 3, 'bank': 9, 'transportation': 2, 'telecom': 1, 'textiles': 1, 'financials': 1}
20:15:41 | INFO     | __main__:1587 -   Engine hits: {'CTL': 27, 'MOM': 42, 'SEC': 41, 'RVS': 10, 'TPO': 1, 'VBD': 1, 'IAD': 3, 'RSB': 1}
20:15:41 | INFO     | __main__:1590 - Pass 4: writing (shadow mode)...
20:15:41 | SUCCESS  | __main__:1169 - ✓ 82 symbols → msl_computed
20:15:41 | INFO     | __main__:1228 -   EAP revival: no penalized stocks found yesterday — skipping
20:15:41 | INFO     | __main__:1317 -   Outcomes: no msl_computed data for 2026-04-24 — skipping 5d
20:15:41 | INFO     | __main__:1317 -   Outcomes: no msl_computed data for 2026-04-19 — skipping 10d
20:15:41 | INFO     | __main__:1317 -   Outcomes: no msl_computed data for 2026-04-14 — skipping 15d
20:15:41 | INFO     | __main__:1346 -   Outcomes: nothing to log (no past data aligns with today)
21:03:40 | INFO     | config:187 - TradeOS v6 config loaded | Capital=₹200,000 | DRY_RUN=False | Phase=2
21:03:40 | INFO     | __main__:1491 - =================================================================
21:03:40 | INFO     | __main__:1492 - STEP: Screen Stocks v1.1 | 2026-04-29 | mode=FULL
21:03:40 | INFO     | __main__:1494 - =================================================================
21:03:40 | INFO     | __main__:1496 - Pass 1: loading data...
21:03:40 | INFO     | __main__:174 -   Loaded: 1000 stocks | 24 sectors | regime=NEUTRAL | asm=321 | fii=CAUTION | forced=0
21:03:40 | INFO     | __main__:1528 - Pass 2: running engines (regime=NEUTRAL)...
21:03:40 | INFO     | __main__:304 -   CTL: 22 candidates
21:03:40 | INFO     | __main__:385 -   SBS: 0 candidates
21:03:40 | INFO     | __main__:465 -   TPO: 1 candidates
21:03:40 | INFO     | __main__:542 -   VBD: 1 candidates
21:03:40 | INFO     | __main__:607 -   IAD: 3 candidates
21:03:40 | INFO     | __main__:661 -   RSB: 0 candidates
21:03:40 | INFO     | __main__:764 -   MOM: 39 candidates
21:03:40 | INFO     | __main__:879 -   RVS: 8 candidates
21:03:40 | INFO     | __main__:955 -   SEC: 40 candidates
21:03:40 | INFO     | __main__:1557 -   Engine totals: CTL=22 SBS=0 TPO=1 VBD=1 IAD=3 RSB=0 MOM=39 RVS=8 SEC=40 | Total unique=75
21:03:40 | INFO     | __main__:1565 - Pass 3: aggregating and ranking...
21:03:40 | INFO     | __main__:1002 -   Regime weights (NEUTRAL):  (all 1.0x)
21:03:40 | INFO     | __main__:1113 -   Aggregated: 75 total unique | 71 after hard filters | 71 final
21:03:40 | INFO     | __main__:1579 - 
  ═══ TOP 71 SCREENED SYMBOLS (NEUTRAL) ═══
21:03:40 | INFO     | __main__:1582 -      # 1 NTPC         score=130.0  engines=CTL,MOM,SEC                  sector=power & utilities    rank=2
21:03:40 | INFO     | __main__:1582 -      # 2 JINDALSTEL   score=127.7  engines=CTL,RVS,SEC,TPO              sector=metals & mining      rank=1
21:03:40 | INFO     | __main__:1582 -      # 3 CUMMINSIND   score=124.1  engines=CTL,MOM,SEC                  sector=industrials          rank=3
21:03:40 | INFO     | __main__:1582 -      # 4 NATIONALUM   score=118.2  engines=CTL,MOM,SEC                  sector=metals & mining      rank=1
21:03:40 | INFO     | __main__:1582 -      # 5 TORNTPOWER   score=116.4  engines=MOM,SEC                      sector=power & utilities    rank=2
21:03:40 | INFO     | __main__:1582 -      # 6 NMDC         score=115.6  engines=CTL,MOM,SEC                  sector=metals & mining      rank=1
21:03:40 | INFO     | __main__:1582 -      # 7 BHARATFORG   score=114.3  engines=CTL,MOM,SEC                  sector=industrials          rank=3
21:03:40 | INFO     | __main__:1582 -      # 8 SARDAEN      score=113.9  engines=CTL,MOM,SEC                  sector=metals & mining      rank=1
21:03:40 | INFO     | __main__:1582 -      # 9 SIEMENS      score=111.0  engines=CTL,MOM                      sector=industrials          rank=3
21:03:40 | INFO     | __main__:1582 -      #10 LLOYDSME     score=111.0  engines=CTL                          sector=metals & mining      rank=1
21:03:40 | INFO     | __main__:1582 -      #11 SOLARINDS    score=109.6  engines=CTL,MOM,SEC                  sector=aerospace & defence  rank=4
21:03:40 | INFO     | __main__:1582 -      #12 SCHAEFFLER   score=109.3  engines=MOM,SEC                      sector=industrials          rank=3
21:03:40 | INFO     | __main__:1582 -      #13 TATASTEEL    score=107.4  engines=CTL,SEC                      sector=metals & mining      rank=1
21:03:40 | INFO     | __main__:1582 -      #14 WELCORP      score=107.0  engines=CTL                          sector=industrials          rank=3
21:03:40 | INFO     | __main__:1582 -      #15 CGPOWER      score=106.1  engines=CTL,MOM,SEC                  sector=industrials          rank=3
21:03:40 | INFO     | __main__:1582 -      #16 KEI          score=105.2  engines=CTL,MOM                      sector=industrials          rank=3
21:03:40 | INFO     | __main__:1582 -      #17 GPIL         score=105.1  engines=CTL,SEC                      sector=metals & mining      rank=1
21:03:40 | INFO     | __main__:1582 -      #18 VEDL         score=104.3  engines=CTL,SEC,VBD                  sector=metals & mining      rank=1
21:03:40 | INFO     | __main__:1582 -      #19 JINDALSAW    score=104.1  engines=MOM,SEC                      sector=industrials          rank=3
21:03:40 | INFO     | __main__:1582 -      #20 POLYCAB      score= 98.0  engines=MOM,SEC                      sector=industrials          rank=3
21:03:40 | INFO     | __main__:1582 -      #21 AIAENG       score= 96.7  engines=MOM,SEC                      sector=industrials          rank=3
21:03:40 | INFO     | __main__:1582 -      #22 KIRLOSENG    score= 95.6  engines=CTL,MOM,SEC                  sector=industrials          rank=3
21:03:40 | INFO     | __main__:1582 -      #23 ADANIPOWER   score= 95.0  engines=CTL                          sector=power & utilities    rank=2
21:03:40 | INFO     | __main__:1582 -      #24 GMDCLTD      score= 94.9  engines=MOM,SEC                      sector=metals & mining      rank=1
21:03:40 | INFO     | __main__:1582 -      #25 ELGIEQUIP    score= 93.1  engines=MOM,SEC                      sector=industrials          rank=3
21:03:40 | INFO     | __main__:1582 -      #26 NLCINDIA     score= 93.0  engines=MOM                          sector=power & utilities    rank=2
21:03:40 | INFO     | __main__:1582 -      #27 APARINDS     score= 92.3  engines=MOM,SEC                      sector=industrials          rank=3
21:03:40 | INFO     | __main__:1582 -      #28 ONGC         score= 90.0  engines=MOM                          sector=energy               rank=10
21:03:40 | INFO     | __main__:1582 -      #29 SCHNEIDER    score= 90.0  engines=MOM                          sector=industrials          rank=3
21:03:40 | INFO     | __main__:1582 -      #30 OIL          score= 89.0  engines=MOM                          sector=energy               rank=10
21:03:40 | INFO     | __main__:1582 -      #31 FINCABLES    score= 89.0  engines=MOM                          sector=industrials          rank=3
21:03:40 | INFO     | __main__:1582 -      #32 FEDERALBNK   score= 88.0  engines=RVS                          sector=bank                 rank=8
21:03:40 | INFO     | __main__:1582 -      #33 DATAPATTNS   score= 87.0  engines=MOM                          sector=aerospace & defence  rank=4
21:03:40 | INFO     | __main__:1582 -      #34 SHYAMMETL    score= 85.0  engines=SEC                          sector=metals & mining      rank=1
21:03:40 | INFO     | __main__:1582 -      #35 CUB          score= 84.0  engines=MOM                          sector=bank                 rank=8
21:03:40 | INFO     | __main__:1582 -      #36 ASTERDM      score= 83.0  engines=MOM                          sector=healthcare           rank=6
21:03:40 | INFO     | __main__:1582 -      #37 CANBK        score= 82.0  engines=RVS                          sector=bank                 rank=8
21:03:40 | INFO     | __main__:1582 -      #38 AJANTPHARM   score= 82.0  engines=RVS                          sector=healthcare           rank=6
21:03:40 | INFO     | __main__:1582 -      #39 POWERINDIA   score= 82.0  engines=CTL                          sector=industrials          rank=3
21:03:40 | INFO     | __main__:1582 -      #40 ADANIPORTS   score= 80.0  engines=MOM                          sector=transportation       rank=7
21:03:40 | INFO     | __main__:1582 -      #41 INDUSINDBK   score= 79.0  engines=MOM                          sector=bank                 rank=8
21:03:40 | INFO     | __main__:1582 -      #42 NTPCGREEN    score= 78.0  engines=SEC                          sector=power & utilities    rank=2
21:03:40 | INFO     | __main__:1582 -      #43 GRAVITA      score= 77.0  engines=SEC                          sector=metals & mining      rank=1
21:03:40 | INFO     | __main__:1582 -      #44 NSLNISP      score= 77.0  engines=SEC                          sector=metals & mining      rank=1
21:03:40 | INFO     | __main__:1582 -      #45 SCI          score= 76.0  engines=MOM                          sector=transportation       rank=7
21:03:40 | INFO     | __main__:1582 -      #46 CESC         score= 75.0  engines=CTL                          sector=power & utilities    rank=2
21:03:40 | INFO     | __main__:1582 -      #47 SUNPHARMA    score= 74.3  engines=IAD,MOM                      sector=healthcare           rank=6
21:03:40 | INFO     | __main__:1582 -      #48 RBLBANK      score= 74.0  engines=MOM                          sector=bank                 rank=8
21:03:40 | INFO     | __main__:1582 -      #49 NHPC         score= 74.0  engines=SEC                          sector=power & utilities    rank=2
21:03:40 | INFO     | __main__:1582 -      #50 INDUSTOWER   score= 73.0  engines=RVS                          sector=telecom              rank=5
21:03:40 | INFO     | __main__:1582 -      #51 TIINDIA      score= 72.0  engines=SEC                          sector=industrials          rank=3
21:03:40 | INFO     | __main__:1582 -      #52 IPCALAB      score= 69.0  engines=MOM                          sector=healthcare           rank=6
21:03:40 | INFO     | __main__:1582 -      #53 GLENMARK     score= 69.0  engines=MOM                          sector=healthcare           rank=6
21:03:40 | INFO     | __main__:1582 -      #54 GESHIP       score= 68.0  engines=MOM                          sector=transportation       rank=7
21:03:40 | INFO     | __main__:1582 -      #55 HAL          score= 67.0  engines=SEC                          sector=aerospace & defence  rank=4
21:03:40 | INFO     | __main__:1582 -      #56 TIMKEN       score= 67.0  engines=RVS                          sector=industrials          rank=3
21:03:40 | INFO     | __main__:1582 -      #57 AXISBANK     score= 65.0  engines=RVS                          sector=bank                 rank=8
21:03:40 | INFO     | __main__:1582 -      #58 USHAMART     score= 65.0  engines=SEC                          sector=metals & mining      rank=1
21:03:40 | INFO     | __main__:1582 -      #59 RELIANCE     score= 64.0  engines=IAD                          sector=energy               rank=10
21:03:40 | INFO     | __main__:1582 -      #60 VTL          score= 63.0  engines=MOM                          sector=textiles             rank=9
21:03:40 | INFO     | __main__:1582 -      #61 APLAPOLLO    score= 62.0  engines=RVS                          sector=industrials          rank=3
21:03:40 | INFO     | __main__:1582 -      #62 TARIL        score= 62.0  engines=SEC                          sector=industrials          rank=3
21:03:40 | INFO     | __main__:1582 -      #63 ACE          score= 62.0  engines=SEC                          sector=industrials          rank=3
21:03:40 | INFO     | __main__:1582 -      #64 BANDHANBNK   score= 59.0  engines=MOM                          sector=bank                 rank=8
21:03:40 | INFO     | __main__:1582 -      #65 RPOWER       score= 58.0  engines=SEC                          sector=power & utilities    rank=2
21:03:40 | INFO     | __main__:1582 -      #66 BDL          score= 57.0  engines=SEC                          sector=aerospace & defence  rank=4
21:03:40 | INFO     | __main__:1582 -      #67 ITI          score= 57.0  engines=SEC                          sector=aerospace & defence  rank=4
21:03:40 | INFO     | __main__:1582 -      #68 AADHARHFC    score= 55.0  engines=IAD                          sector=financials           rank=12
21:03:40 | INFO     | __main__:1582 -      #69 RKFORGE      score= 55.0  engines=SEC                          sector=industrials          rank=3
21:03:40 | INFO     | __main__:1582 -      #70 JAINREC      score= 55.0  engines=SEC                          sector=metals & mining      rank=1
21:03:40 | INFO     | __main__:1582 -      #71 WAAREEENER   score= 54.0  engines=CTL                          sector=industrials          rank=3
21:03:40 | INFO     | __main__:1598 -   Multi-engine confirmed: 24/71
21:03:40 | INFO     | __main__:1599 -   Sector distribution: {'power & utilities': 8, 'metals & mining': 14, 'industrials': 23, 'aerospace & defence': 5, 'energy': 3, 'bank': 7, 'healthcare': 5, 'transportation': 3, 'telecom': 1, 'textiles': 1, 'financials': 1}
21:03:40 | INFO     | __main__:1600 -   Engine hits: {'CTL': 21, 'MOM': 37, 'SEC': 36, 'RVS': 8, 'TPO': 1, 'VBD': 1, 'IAD': 3}
21:03:40 | INFO     | __main__:1603 - Pass 4: writing (full mode)...
21:21:41 | INFO     | config:187 - TradeOS v6 config loaded | Capital=₹200,000 | DRY_RUN=False | Phase=2
21:21:41 | INFO     | __main__:1491 - =================================================================
21:21:41 | INFO     | __main__:1492 - STEP: Screen Stocks v1.1 | 2026-04-29 | mode=FULL
21:21:41 | INFO     | __main__:1494 - =================================================================
21:21:41 | INFO     | __main__:1496 - Pass 1: loading data...
21:21:42 | INFO     | __main__:174 -   Loaded: 1000 stocks | 24 sectors | regime=NEUTRAL | asm=321 | fii=CAUTION | forced=0
21:21:42 | INFO     | __main__:1528 - Pass 2: running engines (regime=NEUTRAL)...
21:21:42 | INFO     | __main__:304 -   CTL: 22 candidates
21:21:42 | INFO     | __main__:385 -   SBS: 0 candidates
21:21:42 | INFO     | __main__:465 -   TPO: 1 candidates
21:21:42 | INFO     | __main__:542 -   VBD: 1 candidates
21:21:42 | INFO     | __main__:607 -   IAD: 3 candidates
21:21:42 | INFO     | __main__:661 -   RSB: 0 candidates
21:21:42 | INFO     | __main__:764 -   MOM: 39 candidates
21:21:42 | INFO     | __main__:879 -   RVS: 8 candidates
21:21:42 | INFO     | __main__:955 -   SEC: 40 candidates
21:21:42 | INFO     | __main__:1557 -   Engine totals: CTL=22 SBS=0 TPO=1 VBD=1 IAD=3 RSB=0 MOM=39 RVS=8 SEC=40 | Total unique=75
21:21:42 | INFO     | __main__:1565 - Pass 3: aggregating and ranking...
21:21:42 | INFO     | __main__:1002 -   Regime weights (NEUTRAL):  (all 1.0x)
21:21:42 | INFO     | __main__:1113 -   Aggregated: 75 total unique | 71 after hard filters | 71 final
21:21:42 | INFO     | __main__:1579 - 
  ═══ TOP 71 SCREENED SYMBOLS (NEUTRAL) ═══
21:21:42 | INFO     | __main__:1582 -      # 1 NTPC         score=130.0  engines=CTL,MOM,SEC                  sector=power & utilities    rank=2
21:21:42 | INFO     | __main__:1582 -      # 2 JINDALSTEL   score=127.7  engines=CTL,RVS,SEC,TPO              sector=metals & mining      rank=1
21:21:42 | INFO     | __main__:1582 -      # 3 CUMMINSIND   score=124.1  engines=CTL,MOM,SEC                  sector=industrials          rank=3
21:21:42 | INFO     | __main__:1582 -      # 4 NATIONALUM   score=118.2  engines=CTL,MOM,SEC                  sector=metals & mining      rank=1
21:21:42 | INFO     | __main__:1582 -      # 5 TORNTPOWER   score=116.4  engines=MOM,SEC                      sector=power & utilities    rank=2
21:21:42 | INFO     | __main__:1582 -      # 6 NMDC         score=115.6  engines=CTL,MOM,SEC                  sector=metals & mining      rank=1
21:21:42 | INFO     | __main__:1582 -      # 7 BHARATFORG   score=114.3  engines=CTL,MOM,SEC                  sector=industrials          rank=3
21:21:42 | INFO     | __main__:1582 -      # 8 SARDAEN      score=113.9  engines=CTL,MOM,SEC                  sector=metals & mining      rank=1
21:21:42 | INFO     | __main__:1582 -      # 9 SIEMENS      score=111.0  engines=CTL,MOM                      sector=industrials          rank=3
21:21:42 | INFO     | __main__:1582 -      #10 LLOYDSME     score=111.0  engines=CTL                          sector=metals & mining      rank=1
21:21:42 | INFO     | __main__:1582 -      #11 SOLARINDS    score=109.6  engines=CTL,MOM,SEC                  sector=aerospace & defence  rank=4
21:21:42 | INFO     | __main__:1582 -      #12 SCHAEFFLER   score=109.3  engines=MOM,SEC                      sector=industrials          rank=3
21:21:42 | INFO     | __main__:1582 -      #13 TATASTEEL    score=107.4  engines=CTL,SEC                      sector=metals & mining      rank=1
21:21:42 | INFO     | __main__:1582 -      #14 WELCORP      score=107.0  engines=CTL                          sector=industrials          rank=3
21:21:42 | INFO     | __main__:1582 -      #15 CGPOWER      score=106.1  engines=CTL,MOM,SEC                  sector=industrials          rank=3
21:21:42 | INFO     | __main__:1582 -      #16 KEI          score=105.2  engines=CTL,MOM                      sector=industrials          rank=3
21:21:42 | INFO     | __main__:1582 -      #17 GPIL         score=105.1  engines=CTL,SEC                      sector=metals & mining      rank=1
21:21:42 | INFO     | __main__:1582 -      #18 VEDL         score=104.3  engines=CTL,SEC,VBD                  sector=metals & mining      rank=1
21:21:42 | INFO     | __main__:1582 -      #19 JINDALSAW    score=104.1  engines=MOM,SEC                      sector=industrials          rank=3
21:21:42 | INFO     | __main__:1582 -      #20 POLYCAB      score= 98.0  engines=MOM,SEC                      sector=industrials          rank=3
21:21:42 | INFO     | __main__:1582 -      #21 AIAENG       score= 96.7  engines=MOM,SEC                      sector=industrials          rank=3
21:21:42 | INFO     | __main__:1582 -      #22 KIRLOSENG    score= 95.6  engines=CTL,MOM,SEC                  sector=industrials          rank=3
21:21:42 | INFO     | __main__:1582 -      #23 ADANIPOWER   score= 95.0  engines=CTL                          sector=power & utilities    rank=2
21:21:42 | INFO     | __main__:1582 -      #24 GMDCLTD      score= 94.9  engines=MOM,SEC                      sector=metals & mining      rank=1
21:21:42 | INFO     | __main__:1582 -      #25 ELGIEQUIP    score= 93.1  engines=MOM,SEC                      sector=industrials          rank=3
21:21:42 | INFO     | __main__:1582 -      #26 NLCINDIA     score= 93.0  engines=MOM                          sector=power & utilities    rank=2
21:21:42 | INFO     | __main__:1582 -      #27 APARINDS     score= 92.3  engines=MOM,SEC                      sector=industrials          rank=3
21:21:42 | INFO     | __main__:1582 -      #28 ONGC         score= 90.0  engines=MOM                          sector=energy               rank=10
21:21:42 | INFO     | __main__:1582 -      #29 SCHNEIDER    score= 90.0  engines=MOM                          sector=industrials          rank=3
21:21:42 | INFO     | __main__:1582 -      #30 OIL          score= 89.0  engines=MOM                          sector=energy               rank=10
21:21:42 | INFO     | __main__:1582 -      #31 FINCABLES    score= 89.0  engines=MOM                          sector=industrials          rank=3
21:21:42 | INFO     | __main__:1582 -      #32 FEDERALBNK   score= 88.0  engines=RVS                          sector=bank                 rank=8
21:21:42 | INFO     | __main__:1582 -      #33 DATAPATTNS   score= 87.0  engines=MOM                          sector=aerospace & defence  rank=4
21:21:42 | INFO     | __main__:1582 -      #34 SHYAMMETL    score= 85.0  engines=SEC                          sector=metals & mining      rank=1
21:21:42 | INFO     | __main__:1582 -      #35 CUB          score= 84.0  engines=MOM                          sector=bank                 rank=8
21:21:42 | INFO     | __main__:1582 -      #36 ASTERDM      score= 83.0  engines=MOM                          sector=healthcare           rank=6
21:21:42 | INFO     | __main__:1582 -      #37 CANBK        score= 82.0  engines=RVS                          sector=bank                 rank=8
21:21:42 | INFO     | __main__:1582 -      #38 AJANTPHARM   score= 82.0  engines=RVS                          sector=healthcare           rank=6
21:21:42 | INFO     | __main__:1582 -      #39 POWERINDIA   score= 82.0  engines=CTL                          sector=industrials          rank=3
21:21:42 | INFO     | __main__:1582 -      #40 ADANIPORTS   score= 80.0  engines=MOM                          sector=transportation       rank=7
21:21:42 | INFO     | __main__:1582 -      #41 INDUSINDBK   score= 79.0  engines=MOM                          sector=bank                 rank=8
21:21:42 | INFO     | __main__:1582 -      #42 NTPCGREEN    score= 78.0  engines=SEC                          sector=power & utilities    rank=2
21:21:42 | INFO     | __main__:1582 -      #43 GRAVITA      score= 77.0  engines=SEC                          sector=metals & mining      rank=1
21:21:42 | INFO     | __main__:1582 -      #44 NSLNISP      score= 77.0  engines=SEC                          sector=metals & mining      rank=1
21:21:42 | INFO     | __main__:1582 -      #45 SCI          score= 76.0  engines=MOM                          sector=transportation       rank=7
21:21:42 | INFO     | __main__:1582 -      #46 CESC         score= 75.0  engines=CTL                          sector=power & utilities    rank=2
21:21:42 | INFO     | __main__:1582 -      #47 SUNPHARMA    score= 74.3  engines=IAD,MOM                      sector=healthcare           rank=6
21:21:42 | INFO     | __main__:1582 -      #48 RBLBANK      score= 74.0  engines=MOM                          sector=bank                 rank=8
21:21:42 | INFO     | __main__:1582 -      #49 NHPC         score= 74.0  engines=SEC                          sector=power & utilities    rank=2
21:21:42 | INFO     | __main__:1582 -      #50 INDUSTOWER   score= 73.0  engines=RVS                          sector=telecom              rank=5
21:21:42 | INFO     | __main__:1582 -      #51 TIINDIA      score= 72.0  engines=SEC                          sector=industrials          rank=3
21:21:42 | INFO     | __main__:1582 -      #52 IPCALAB      score= 69.0  engines=MOM                          sector=healthcare           rank=6
21:21:42 | INFO     | __main__:1582 -      #53 GLENMARK     score= 69.0  engines=MOM                          sector=healthcare           rank=6
21:21:42 | INFO     | __main__:1582 -      #54 GESHIP       score= 68.0  engines=MOM                          sector=transportation       rank=7
21:21:42 | INFO     | __main__:1582 -      #55 HAL          score= 67.0  engines=SEC                          sector=aerospace & defence  rank=4
21:21:42 | INFO     | __main__:1582 -      #56 TIMKEN       score= 67.0  engines=RVS                          sector=industrials          rank=3
21:21:42 | INFO     | __main__:1582 -      #57 AXISBANK     score= 65.0  engines=RVS                          sector=bank                 rank=8
21:21:42 | INFO     | __main__:1582 -      #58 USHAMART     score= 65.0  engines=SEC                          sector=metals & mining      rank=1
21:21:42 | INFO     | __main__:1582 -      #59 RELIANCE     score= 64.0  engines=IAD                          sector=energy               rank=10
21:21:42 | INFO     | __main__:1582 -      #60 VTL          score= 63.0  engines=MOM                          sector=textiles             rank=9
21:21:42 | INFO     | __main__:1582 -      #61 APLAPOLLO    score= 62.0  engines=RVS                          sector=industrials          rank=3
21:21:42 | INFO     | __main__:1582 -      #62 TARIL        score= 62.0  engines=SEC                          sector=industrials          rank=3
21:21:42 | INFO     | __main__:1582 -      #63 ACE          score= 62.0  engines=SEC                          sector=industrials          rank=3
21:21:42 | INFO     | __main__:1582 -      #64 BANDHANBNK   score= 59.0  engines=MOM                          sector=bank                 rank=8
21:21:42 | INFO     | __main__:1582 -      #65 RPOWER       score= 58.0  engines=SEC                          sector=power & utilities    rank=2
21:21:42 | INFO     | __main__:1582 -      #66 BDL          score= 57.0  engines=SEC                          sector=aerospace & defence  rank=4
21:21:42 | INFO     | __main__:1582 -      #67 ITI          score= 57.0  engines=SEC                          sector=aerospace & defence  rank=4
21:21:42 | INFO     | __main__:1582 -      #68 AADHARHFC    score= 55.0  engines=IAD                          sector=financials           rank=12
21:21:42 | INFO     | __main__:1582 -      #69 RKFORGE      score= 55.0  engines=SEC                          sector=industrials          rank=3
21:21:42 | INFO     | __main__:1582 -      #70 JAINREC      score= 55.0  engines=SEC                          sector=metals & mining      rank=1
21:21:42 | INFO     | __main__:1582 -      #71 WAAREEENER   score= 54.0  engines=CTL                          sector=industrials          rank=3
21:21:42 | INFO     | __main__:1598 -   Multi-engine confirmed: 24/71
21:21:42 | INFO     | __main__:1599 -   Sector distribution: {'power & utilities': 8, 'metals & mining': 14, 'industrials': 23, 'aerospace & defence': 5, 'energy': 3, 'bank': 7, 'healthcare': 5, 'transportation': 3, 'telecom': 1, 'textiles': 1, 'financials': 1}
21:21:42 | INFO     | __main__:1600 -   Engine hits: {'CTL': 21, 'MOM': 37, 'SEC': 36, 'RVS': 8, 'TPO': 1, 'VBD': 1, 'IAD': 3}
21:21:42 | INFO     | __main__:1603 - Pass 4: writing (full mode)...
21:29:45 | INFO     | config:187 - TradeOS v6 config loaded | Capital=₹200,000 | DRY_RUN=False | Phase=2
21:29:45 | INFO     | __main__:1491 - =================================================================
21:29:45 | INFO     | __main__:1492 - STEP: Screen Stocks v1.1 | 2026-04-29 | mode=FULL
21:29:45 | INFO     | __main__:1494 - =================================================================
21:29:45 | INFO     | __main__:1496 - Pass 1: loading data...
21:29:47 | INFO     | __main__:174 -   Loaded: 1000 stocks | 24 sectors | regime=NEUTRAL | asm=321 | fii=CAUTION | forced=0
21:29:47 | INFO     | __main__:1528 - Pass 2: running engines (regime=NEUTRAL)...
21:29:47 | INFO     | __main__:304 -   CTL: 22 candidates
21:29:47 | INFO     | __main__:385 -   SBS: 0 candidates
21:29:47 | INFO     | __main__:465 -   TPO: 1 candidates
21:29:47 | INFO     | __main__:542 -   VBD: 1 candidates
21:29:47 | INFO     | __main__:607 -   IAD: 3 candidates
21:29:47 | INFO     | __main__:661 -   RSB: 0 candidates
21:29:47 | INFO     | __main__:764 -   MOM: 39 candidates
21:29:47 | INFO     | __main__:879 -   RVS: 8 candidates
21:29:47 | INFO     | __main__:955 -   SEC: 40 candidates
21:29:47 | INFO     | __main__:1557 -   Engine totals: CTL=22 SBS=0 TPO=1 VBD=1 IAD=3 RSB=0 MOM=39 RVS=8 SEC=40 | Total unique=75
21:29:47 | INFO     | __main__:1565 - Pass 3: aggregating and ranking...
21:29:47 | INFO     | __main__:1002 -   Regime weights (NEUTRAL):  (all 1.0x)
21:29:47 | INFO     | __main__:1113 -   Aggregated: 75 total unique | 71 after hard filters | 71 final
21:29:47 | INFO     | __main__:1579 - 
  ═══ TOP 71 SCREENED SYMBOLS (NEUTRAL) ═══
21:29:47 | INFO     | __main__:1582 -      # 1 NTPC         score=130.0  engines=CTL,MOM,SEC                  sector=power & utilities    rank=2
21:29:47 | INFO     | __main__:1582 -      # 2 JINDALSTEL   score=127.7  engines=CTL,RVS,SEC,TPO              sector=metals & mining      rank=1
21:29:47 | INFO     | __main__:1582 -      # 3 CUMMINSIND   score=124.1  engines=CTL,MOM,SEC                  sector=industrials          rank=3
21:29:47 | INFO     | __main__:1582 -      # 4 NATIONALUM   score=118.2  engines=CTL,MOM,SEC                  sector=metals & mining      rank=1
21:29:47 | INFO     | __main__:1582 -      # 5 TORNTPOWER   score=116.4  engines=MOM,SEC                      sector=power & utilities    rank=2
21:29:47 | INFO     | __main__:1582 -      # 6 NMDC         score=115.6  engines=CTL,MOM,SEC                  sector=metals & mining      rank=1
21:29:47 | INFO     | __main__:1582 -      # 7 BHARATFORG   score=114.3  engines=CTL,MOM,SEC                  sector=industrials          rank=3
21:29:47 | INFO     | __main__:1582 -      # 8 SARDAEN      score=113.9  engines=CTL,MOM,SEC                  sector=metals & mining      rank=1
21:29:47 | INFO     | __main__:1582 -      # 9 SIEMENS      score=111.0  engines=CTL,MOM                      sector=industrials          rank=3
21:29:47 | INFO     | __main__:1582 -      #10 LLOYDSME     score=111.0  engines=CTL                          sector=metals & mining      rank=1
21:29:47 | INFO     | __main__:1582 -      #11 SOLARINDS    score=109.6  engines=CTL,MOM,SEC                  sector=aerospace & defence  rank=4
21:29:47 | INFO     | __main__:1582 -      #12 SCHAEFFLER   score=109.3  engines=MOM,SEC                      sector=industrials          rank=3
21:29:47 | INFO     | __main__:1582 -      #13 TATASTEEL    score=107.4  engines=CTL,SEC                      sector=metals & mining      rank=1
21:29:47 | INFO     | __main__:1582 -      #14 WELCORP      score=107.0  engines=CTL                          sector=industrials          rank=3
21:29:47 | INFO     | __main__:1582 -      #15 CGPOWER      score=106.1  engines=CTL,MOM,SEC                  sector=industrials          rank=3
21:29:47 | INFO     | __main__:1582 -      #16 KEI          score=105.2  engines=CTL,MOM                      sector=industrials          rank=3
21:29:47 | INFO     | __main__:1582 -      #17 GPIL         score=105.1  engines=CTL,SEC                      sector=metals & mining      rank=1
21:29:47 | INFO     | __main__:1582 -      #18 VEDL         score=104.3  engines=CTL,SEC,VBD                  sector=metals & mining      rank=1
21:29:47 | INFO     | __main__:1582 -      #19 JINDALSAW    score=104.1  engines=MOM,SEC                      sector=industrials          rank=3
21:29:47 | INFO     | __main__:1582 -      #20 POLYCAB      score= 98.0  engines=MOM,SEC                      sector=industrials          rank=3
21:29:47 | INFO     | __main__:1582 -      #21 AIAENG       score= 96.7  engines=MOM,SEC                      sector=industrials          rank=3
21:29:47 | INFO     | __main__:1582 -      #22 KIRLOSENG    score= 95.6  engines=CTL,MOM,SEC                  sector=industrials          rank=3
21:29:47 | INFO     | __main__:1582 -      #23 ADANIPOWER   score= 95.0  engines=CTL                          sector=power & utilities    rank=2
21:29:47 | INFO     | __main__:1582 -      #24 GMDCLTD      score= 94.9  engines=MOM,SEC                      sector=metals & mining      rank=1
21:29:47 | INFO     | __main__:1582 -      #25 ELGIEQUIP    score= 93.1  engines=MOM,SEC                      sector=industrials          rank=3
21:29:47 | INFO     | __main__:1582 -      #26 NLCINDIA     score= 93.0  engines=MOM                          sector=power & utilities    rank=2
21:29:47 | INFO     | __main__:1582 -      #27 APARINDS     score= 92.3  engines=MOM,SEC                      sector=industrials          rank=3
21:29:47 | INFO     | __main__:1582 -      #28 ONGC         score= 90.0  engines=MOM                          sector=energy               rank=10
21:29:47 | INFO     | __main__:1582 -      #29 SCHNEIDER    score= 90.0  engines=MOM                          sector=industrials          rank=3
21:29:47 | INFO     | __main__:1582 -      #30 OIL          score= 89.0  engines=MOM                          sector=energy               rank=10
21:29:47 | INFO     | __main__:1582 -      #31 FINCABLES    score= 89.0  engines=MOM                          sector=industrials          rank=3
21:29:47 | INFO     | __main__:1582 -      #32 FEDERALBNK   score= 88.0  engines=RVS                          sector=bank                 rank=8
21:29:47 | INFO     | __main__:1582 -      #33 DATAPATTNS   score= 87.0  engines=MOM                          sector=aerospace & defence  rank=4
21:29:47 | INFO     | __main__:1582 -      #34 SHYAMMETL    score= 85.0  engines=SEC                          sector=metals & mining      rank=1
21:29:47 | INFO     | __main__:1582 -      #35 CUB          score= 84.0  engines=MOM                          sector=bank                 rank=8
21:29:47 | INFO     | __main__:1582 -      #36 ASTERDM      score= 83.0  engines=MOM                          sector=healthcare           rank=6
21:29:47 | INFO     | __main__:1582 -      #37 CANBK        score= 82.0  engines=RVS                          sector=bank                 rank=8
21:29:47 | INFO     | __main__:1582 -      #38 AJANTPHARM   score= 82.0  engines=RVS                          sector=healthcare           rank=6
21:29:47 | INFO     | __main__:1582 -      #39 POWERINDIA   score= 82.0  engines=CTL                          sector=industrials          rank=3
21:29:47 | INFO     | __main__:1582 -      #40 ADANIPORTS   score= 80.0  engines=MOM                          sector=transportation       rank=7
21:29:47 | INFO     | __main__:1582 -      #41 INDUSINDBK   score= 79.0  engines=MOM                          sector=bank                 rank=8
21:29:47 | INFO     | __main__:1582 -      #42 NTPCGREEN    score= 78.0  engines=SEC                          sector=power & utilities    rank=2
21:29:47 | INFO     | __main__:1582 -      #43 GRAVITA      score= 77.0  engines=SEC                          sector=metals & mining      rank=1
21:29:47 | INFO     | __main__:1582 -      #44 NSLNISP      score= 77.0  engines=SEC                          sector=metals & mining      rank=1
21:29:47 | INFO     | __main__:1582 -      #45 SCI          score= 76.0  engines=MOM                          sector=transportation       rank=7
21:29:47 | INFO     | __main__:1582 -      #46 CESC         score= 75.0  engines=CTL                          sector=power & utilities    rank=2
21:29:47 | INFO     | __main__:1582 -      #47 SUNPHARMA    score= 74.3  engines=IAD,MOM                      sector=healthcare           rank=6
21:29:47 | INFO     | __main__:1582 -      #48 RBLBANK      score= 74.0  engines=MOM                          sector=bank                 rank=8
21:29:47 | INFO     | __main__:1582 -      #49 NHPC         score= 74.0  engines=SEC                          sector=power & utilities    rank=2
21:29:47 | INFO     | __main__:1582 -      #50 INDUSTOWER   score= 73.0  engines=RVS                          sector=telecom              rank=5
21:29:47 | INFO     | __main__:1582 -      #51 TIINDIA      score= 72.0  engines=SEC                          sector=industrials          rank=3
21:29:47 | INFO     | __main__:1582 -      #52 IPCALAB      score= 69.0  engines=MOM                          sector=healthcare           rank=6
21:29:47 | INFO     | __main__:1582 -      #53 GLENMARK     score= 69.0  engines=MOM                          sector=healthcare           rank=6
21:29:47 | INFO     | __main__:1582 -      #54 GESHIP       score= 68.0  engines=MOM                          sector=transportation       rank=7
21:29:47 | INFO     | __main__:1582 -      #55 HAL          score= 67.0  engines=SEC                          sector=aerospace & defence  rank=4
21:29:47 | INFO     | __main__:1582 -      #56 TIMKEN       score= 67.0  engines=RVS                          sector=industrials          rank=3
21:29:47 | INFO     | __main__:1582 -      #57 AXISBANK     score= 65.0  engines=RVS                          sector=bank                 rank=8
21:29:47 | INFO     | __main__:1582 -      #58 USHAMART     score= 65.0  engines=SEC                          sector=metals & mining      rank=1
21:29:47 | INFO     | __main__:1582 -      #59 RELIANCE     score= 64.0  engines=IAD                          sector=energy               rank=10
21:29:47 | INFO     | __main__:1582 -      #60 VTL          score= 63.0  engines=MOM                          sector=textiles             rank=9
21:29:47 | INFO     | __main__:1582 -      #61 APLAPOLLO    score= 62.0  engines=RVS                          sector=industrials          rank=3
21:29:47 | INFO     | __main__:1582 -      #62 TARIL        score= 62.0  engines=SEC                          sector=industrials          rank=3
21:29:47 | INFO     | __main__:1582 -      #63 ACE          score= 62.0  engines=SEC                          sector=industrials          rank=3
21:29:47 | INFO     | __main__:1582 -      #64 BANDHANBNK   score= 59.0  engines=MOM                          sector=bank                 rank=8
21:29:47 | INFO     | __main__:1582 -      #65 RPOWER       score= 58.0  engines=SEC                          sector=power & utilities    rank=2
21:29:47 | INFO     | __main__:1582 -      #66 BDL          score= 57.0  engines=SEC                          sector=aerospace & defence  rank=4
21:29:47 | INFO     | __main__:1582 -      #67 ITI          score= 57.0  engines=SEC                          sector=aerospace & defence  rank=4
21:29:47 | INFO     | __main__:1582 -      #68 AADHARHFC    score= 55.0  engines=IAD                          sector=financials           rank=12
21:29:47 | INFO     | __main__:1582 -      #69 RKFORGE      score= 55.0  engines=SEC                          sector=industrials          rank=3
21:29:47 | INFO     | __main__:1582 -      #70 JAINREC      score= 55.0  engines=SEC                          sector=metals & mining      rank=1
21:29:47 | INFO     | __main__:1582 -      #71 WAAREEENER   score= 54.0  engines=CTL                          sector=industrials          rank=3
21:29:47 | INFO     | __main__:1598 -   Multi-engine confirmed: 24/71
21:29:47 | INFO     | __main__:1599 -   Sector distribution: {'power & utilities': 8, 'metals & mining': 14, 'industrials': 23, 'aerospace & defence': 5, 'energy': 3, 'bank': 7, 'healthcare': 5, 'transportation': 3, 'telecom': 1, 'textiles': 1, 'financials': 1}
21:29:47 | INFO     | __main__:1600 -   Engine hits: {'CTL': 21, 'MOM': 37, 'SEC': 36, 'RVS': 8, 'TPO': 1, 'VBD': 1, 'IAD': 3}
21:29:47 | INFO     | __main__:1603 - Pass 4: writing (full mode)...
21:29:47 | SUCCESS  | __main__:1216 - ✓ 71 symbols → master_shortlist
21:29:47 | INFO     | __main__:1423 - Checking master_shortlist completeness...
21:29:47 | INFO     | __main__:1452 - ======================================================================
21:29:47 | INFO     | __main__:1453 - MASTER_SHORTLIST COMPLETENESS REPORT
21:29:47 | INFO     | __main__:1454 - ======================================================================
21:29:47 | WARNING  | __main__:1458 - active_regime             NULL in 71/71 rows (100.0%)
21:29:47 | WARNING  | __main__:1458 - ai_conviction             NULL in 71/71 rows (100.0%)
21:29:47 | WARNING  | __main__:1458 - ai_conviction_reason      NULL in 71/71 rows (100.0%)
21:29:47 | WARNING  | __main__:1458 - ai_fallback_used          NULL in 71/71 rows (100.0%)
21:29:47 | WARNING  | __main__:1458 - ai_note                   NULL in 71/71 rows (100.0%)
21:29:47 | WARNING  | __main__:1458 - ai_provider               NULL in 71/71 rows (100.0%)
21:29:47 | WARNING  | __main__:1458 - ai_risks                  NULL in 71/71 rows (100.0%)
21:29:47 | WARNING  | __main__:1458 - ai_shortlist_rank         NULL in 71/71 rows (100.0%)
21:29:47 | WARNING  | __main__:1458 - ai_shortlist_reason       NULL in 71/71 rows (100.0%)
21:29:47 | WARNING  | __main__:1458 - ai_suggested_action       NULL in 71/71 rows (100.0%)
21:29:47 | WARNING  | __main__:1458 - bb_context                NULL in 71/71 rows (100.0%)
21:29:47 | WARNING  | __main__:1458 - bb_position_pct           NULL in 71/71 rows (100.0%)
21:29:47 | WARNING  | __main__:1458 - bb_squeeze                NULL in 71/71 rows (100.0%)
21:29:47 | WARNING  | __main__:1458 - bb_width_pct              NULL in 71/71 rows (100.0%)
21:29:47 | WARNING  | __main__:1458 - breakout_readiness        NULL in 71/71 rows (100.0%)
21:29:47 | WARNING  | __main__:1458 - company_name              NULL in 19/71 rows (26.8%)
21:29:47 | WARNING  | __main__:1458 - days_in_list              NULL in 71/71 rows (100.0%)
21:29:47 | WARNING  | __main__:1458 - days_to_trigger_est       NULL in 71/71 rows (100.0%)
21:29:47 | WARNING  | __main__:1458 - dist_entry_pct            NULL in 71/71 rows (100.0%)
21:29:47 | WARNING  | __main__:1458 - dist_fv_pct               NULL in 71/71 rows (100.0%)
21:29:47 | WARNING  | __main__:1458 - dist_vwap_20d_pct         NULL in 71/71 rows (100.0%)
21:29:47 | WARNING  | __main__:1458 - eap_revival               NULL in 71/71 rows (100.0%)
21:29:47 | WARNING  | __main__:1458 - entry_action              NULL in 71/71 rows (100.0%)
21:29:47 | WARNING  | __main__:1458 - entry_mode                NULL in 71/71 rows (100.0%)
21:29:47 | WARNING  | __main__:1458 - entry_ready               NULL in 71/71 rows (100.0%)
21:29:47 | WARNING  | __main__:1458 - entry_timing_type         NULL in 71/71 rows (100.0%)
21:29:47 | WARNING  | __main__:1458 - entry_zone_high           NULL in 71/71 rows (100.0%)
21:29:47 | WARNING  | __main__:1458 - entry_zone_low            NULL in 71/71 rows (100.0%)
21:29:47 | WARNING  | __main__:1458 - event_bias                NULL in 71/71 rows (100.0%)
21:29:47 | WARNING  | __main__:1458 - event_sectors             NULL in 71/71 rows (100.0%)
21:29:47 | WARNING  | __main__:1458 - exec_eligibility          NULL in 71/71 rows (100.0%)
21:29:47 | WARNING  | __main__:1458 - expected_r                NULL in 71/71 rows (100.0%)
21:29:47 | WARNING  | __main__:1458 - fii_flag                  NULL in 71/71 rows (100.0%)
21:29:47 | WARNING  | __main__:1458 - fundamental_quality       NULL in 71/71 rows (100.0%)
21:29:47 | WARNING  | __main__:1458 - fv_high                   NULL in 71/71 rows (100.0%)
21:29:47 | WARNING  | __main__:1458 - fv_low                    NULL in 71/71 rows (100.0%)
21:29:47 | WARNING  | __main__:1458 - ha_signal                 NULL in 71/71 rows (100.0%)
21:29:47 | WARNING  | __main__:1458 - holding_score             NULL in 71/71 rows (100.0%)
21:29:47 | WARNING  | __main__:1458 - institutional_score       NULL in 71/71 rows (100.0%)
21:29:47 | WARNING  | __main__:1458 - is_ipo                    NULL in 71/71 rows (100.0%)
21:29:47 | WARNING  | __main__:1458 - lifecycle                 NULL in 71/71 rows (100.0%)
21:29:47 | WARNING  | __main__:1458 - liquidity_quality         NULL in 71/71 rows (100.0%)
21:29:47 | WARNING  | __main__:1458 - low_liquidity             NULL in 71/71 rows (100.0%)
21:29:47 | WARNING  | __main__:1458 - ma_alignment_score        NULL in 71/71 rows (100.0%)
21:29:47 | WARNING  | __main__:1458 - ma_levels                 NULL in 71/71 rows (100.0%)
21:29:47 | WARNING  | __main__:1458 - macd_crossing_up          NULL in 71/71 rows (100.0%)
21:29:47 | WARNING  | __main__:1458 - macd_direction            NULL in 71/71 rows (100.0%)
21:29:47 | WARNING  | __main__:1458 - momentum_phase            NULL in 71/71 rows (100.0%)
21:29:47 | WARNING  | __main__:1458 - momentum_score            NULL in 71/71 rows (100.0%)
21:29:47 | WARNING  | __main__:1458 - momentum_state            NULL in 71/71 rows (100.0%)
21:29:47 | WARNING  | __main__:1458 - notes                     NULL in 71/71 rows (100.0%)
21:29:47 | WARNING  | __main__:1458 - opp_type                  NULL in 71/71 rows (100.0%)
21:29:47 | WARNING  | __main__:1458 - persistent_phase          NULL in 71/71 rows (100.0%)
21:29:47 | WARNING  | __main__:1458 - pos_type                  NULL in 71/71 rows (100.0%)
21:29:47 | WARNING  | __main__:1458 - price_location            NULL in 71/71 rows (100.0%)
21:29:47 | WARNING  | __main__:1458 - psar_dual_confirmed       NULL in 71/71 rows (100.0%)
21:29:47 | WARNING  | __main__:1458 - rank_vel_3d               NULL in 71/71 rows (100.0%)
21:29:47 | WARNING  | __main__:1458 - reentry_mode              NULL in 71/71 rows (100.0%)
21:29:47 | WARNING  | __main__:1458 - risk_score                NULL in 71/71 rows (100.0%)
21:29:47 | WARNING  | __main__:1458 - rsi_extended_thresh       NULL in 71/71 rows (100.0%)
21:29:47 | WARNING  | __main__:1458 - score_vel_5d              NULL in 71/71 rows (100.0%)
21:29:47 | WARNING  | __main__:1458 - st_cushion_pct            NULL in 71/71 rows (100.0%)
21:29:47 | WARNING  | __main__:1458 - stoch_context             NULL in 71/71 rows (100.0%)
21:29:47 | WARNING  | __main__:1458 - struct_edge               NULL in 71/71 rows (100.0%)
21:29:47 | WARNING  | __main__:1458 - suggested                 NULL in 71/71 rows (100.0%)
21:29:47 | WARNING  | __main__:1458 - trade_allowed             NULL in 71/71 rows (100.0%)
21:29:47 | WARNING  | __main__:1458 - trend_maturity            NULL in 71/71 rows (100.0%)
21:29:47 | WARNING  | __main__:1458 - upcoming_news             NULL in 71/71 rows (100.0%)
21:29:47 | WARNING  | __main__:1458 - validity_score            NULL in 71/71 rows (100.0%)
21:29:47 | WARNING  | __main__:1458 - velocity_state            NULL in 71/71 rows (100.0%)
21:29:47 | WARNING  | __main__:1458 - volume_trend              NULL in 71/71 rows (100.0%)
21:29:47 | WARNING  | __main__:1458 - vwap_alignment            NULL in 71/71 rows (100.0%)
21:29:47 | WARNING  | __main__:1458 - weekly_structure          NULL in 71/71 rows (100.0%)
21:29:47 | INFO     | __main__:1460 - ======================================================================
21:29:47 | ERROR    | __main__:1465 - Columns never populated by script:
21:29:47 | ERROR    | __main__:1467 -    -> active_regime
21:29:47 | ERROR    | __main__:1467 -    -> ai_conviction
21:29:47 | ERROR    | __main__:1467 -    -> ai_conviction_reason
21:29:47 | ERROR    | __main__:1467 -    -> ai_fallback_used
21:29:47 | ERROR    | __main__:1467 -    -> ai_note
21:29:47 | ERROR    | __main__:1467 -    -> ai_provider
21:29:47 | ERROR    | __main__:1467 -    -> ai_risks
21:29:47 | ERROR    | __main__:1467 -    -> ai_shortlist_rank
21:29:47 | ERROR    | __main__:1467 -    -> ai_shortlist_reason
21:29:47 | ERROR    | __main__:1467 -    -> ai_suggested_action
21:29:47 | ERROR    | __main__:1467 -    -> bb_context
21:29:47 | ERROR    | __main__:1467 -    -> bb_position_pct
21:29:47 | ERROR    | __main__:1467 -    -> bb_squeeze
21:29:47 | ERROR    | __main__:1467 -    -> bb_width_pct
21:29:47 | ERROR    | __main__:1467 -    -> breakout_readiness
21:29:47 | ERROR    | __main__:1467 -    -> days_in_list
21:29:47 | ERROR    | __main__:1467 -    -> days_to_trigger_est
21:29:47 | ERROR    | __main__:1467 -    -> dist_entry_pct
21:29:47 | ERROR    | __main__:1467 -    -> dist_fv_pct
21:29:47 | ERROR    | __main__:1467 -    -> dist_vwap_20d_pct
21:29:47 | ERROR    | __main__:1467 -    -> eap_revival
21:29:47 | ERROR    | __main__:1467 -    -> entry_action
21:29:47 | ERROR    | __main__:1467 -    -> entry_mode
21:29:47 | ERROR    | __main__:1467 -    -> entry_ready
21:29:47 | ERROR    | __main__:1467 -    -> entry_timing_type
21:29:47 | ERROR    | __main__:1467 -    -> entry_zone_high
21:29:47 | ERROR    | __main__:1467 -    -> entry_zone_low
21:29:47 | ERROR    | __main__:1467 -    -> event_bias
21:29:47 | ERROR    | __main__:1467 -    -> event_sectors
21:29:47 | ERROR    | __main__:1467 -    -> exec_eligibility
21:29:47 | ERROR    | __main__:1467 -    -> expected_r
21:29:47 | ERROR    | __main__:1467 -    -> fii_flag
21:29:47 | ERROR    | __main__:1467 -    -> fundamental_quality
21:29:47 | ERROR    | __main__:1467 -    -> fv_high
21:29:47 | ERROR    | __main__:1467 -    -> fv_low
21:29:47 | ERROR    | __main__:1467 -    -> ha_signal
21:29:47 | ERROR    | __main__:1467 -    -> holding_score
21:29:47 | ERROR    | __main__:1467 -    -> institutional_score
21:29:47 | ERROR    | __main__:1467 -    -> is_ipo
21:29:47 | ERROR    | __main__:1467 -    -> lifecycle
21:29:47 | ERROR    | __main__:1467 -    -> liquidity_quality
21:29:47 | ERROR    | __main__:1467 -    -> low_liquidity
21:29:47 | ERROR    | __main__:1467 -    -> ma_alignment_score
21:29:47 | ERROR    | __main__:1467 -    -> ma_levels
21:29:47 | ERROR    | __main__:1467 -    -> macd_crossing_up
21:29:47 | ERROR    | __main__:1467 -    -> macd_direction
21:29:47 | ERROR    | __main__:1467 -    -> momentum_phase
21:29:47 | ERROR    | __main__:1467 -    -> momentum_score
21:29:47 | ERROR    | __main__:1467 -    -> momentum_state
21:29:47 | ERROR    | __main__:1467 -    -> notes
21:29:47 | ERROR    | __main__:1467 -    -> opp_type
21:29:47 | ERROR    | __main__:1467 -    -> persistent_phase
21:29:47 | ERROR    | __main__:1467 -    -> pos_type
21:29:47 | ERROR    | __main__:1467 -    -> price_location
21:29:47 | ERROR    | __main__:1467 -    -> psar_dual_confirmed
21:29:47 | ERROR    | __main__:1467 -    -> rank_vel_3d
21:29:47 | ERROR    | __main__:1467 -    -> reentry_mode
21:29:47 | ERROR    | __main__:1467 -    -> risk_score
21:29:47 | ERROR    | __main__:1467 -    -> rsi_extended_thresh
21:29:47 | ERROR    | __main__:1467 -    -> score_vel_5d
21:29:47 | ERROR    | __main__:1467 -    -> st_cushion_pct
21:29:47 | ERROR    | __main__:1467 -    -> stoch_context
21:29:47 | ERROR    | __main__:1467 -    -> struct_edge
21:29:47 | ERROR    | __main__:1467 -    -> suggested
21:29:47 | ERROR    | __main__:1467 -    -> trade_allowed
21:29:47 | ERROR    | __main__:1467 -    -> trend_maturity
21:29:47 | ERROR    | __main__:1467 -    -> upcoming_news
21:29:47 | ERROR    | __main__:1467 -    -> validity_score
21:29:47 | ERROR    | __main__:1467 -    -> velocity_state
21:29:47 | ERROR    | __main__:1467 -    -> volume_trend
21:29:47 | ERROR    | __main__:1467 -    -> vwap_alignment
21:29:47 | ERROR    | __main__:1467 -    -> weekly_structure
21:29:47 | SUCCESS  | __main__:1469 - Completeness check finished.
21:29:47 | INFO     | __main__:1241 -   EAP revival: no penalized stocks found yesterday — skipping
21:29:48 | INFO     | __main__:1330 -   Outcomes: no msl_computed data for 2026-04-24 — skipping 5d
21:29:48 | INFO     | __main__:1330 -   Outcomes: no msl_computed data for 2026-04-19 — skipping 10d
21:29:48 | INFO     | __main__:1330 -   Outcomes: no msl_computed data for 2026-04-14 — skipping 15d
21:29:48 | INFO     | __main__:1359 -   Outcomes: nothing to log (no past data aligns with today)
21:42:57 | INFO     | config:187 - TradeOS v6 config loaded | Capital=₹200,000 | DRY_RUN=False | Phase=2
21:42:57 | INFO     | __main__:1497 - =================================================================
21:42:57 | INFO     | __main__:1498 - STEP: Screen Stocks v1.1 | 2026-04-29 | mode=FULL
21:42:57 | INFO     | __main__:1500 - =================================================================
21:42:57 | INFO     | __main__:1502 - Pass 1: loading data...
21:42:59 | INFO     | __main__:174 -   Loaded: 1000 stocks | 24 sectors | regime=NEUTRAL | asm=321 | fii=CAUTION | forced=0
21:42:59 | INFO     | __main__:1534 - Pass 2: running engines (regime=NEUTRAL)...
21:42:59 | INFO     | __main__:304 -   CTL: 22 candidates
21:42:59 | INFO     | __main__:385 -   SBS: 0 candidates
21:42:59 | INFO     | __main__:465 -   TPO: 1 candidates
21:42:59 | INFO     | __main__:542 -   VBD: 1 candidates
21:42:59 | INFO     | __main__:607 -   IAD: 3 candidates
21:42:59 | INFO     | __main__:661 -   RSB: 0 candidates
21:42:59 | INFO     | __main__:764 -   MOM: 39 candidates
21:42:59 | INFO     | __main__:879 -   RVS: 8 candidates
21:42:59 | INFO     | __main__:955 -   SEC: 40 candidates
21:42:59 | INFO     | __main__:1563 -   Engine totals: CTL=22 SBS=0 TPO=1 VBD=1 IAD=3 RSB=0 MOM=39 RVS=8 SEC=40 | Total unique=75
21:42:59 | INFO     | __main__:1571 - Pass 3: aggregating and ranking...
21:42:59 | INFO     | __main__:1002 -   Regime weights (NEUTRAL):  (all 1.0x)
21:42:59 | INFO     | __main__:1113 -   Aggregated: 75 total unique | 71 after hard filters | 71 final
21:42:59 | INFO     | __main__:1585 - 
  ═══ TOP 71 SCREENED SYMBOLS (NEUTRAL) ═══
21:42:59 | INFO     | __main__:1588 -      # 1 NTPC         score=130.0  engines=CTL,MOM,SEC                  sector=power & utilities    rank=2
21:42:59 | INFO     | __main__:1588 -      # 2 JINDALSTEL   score=127.7  engines=CTL,RVS,SEC,TPO              sector=metals & mining      rank=1
21:42:59 | INFO     | __main__:1588 -      # 3 CUMMINSIND   score=124.1  engines=CTL,MOM,SEC                  sector=industrials          rank=3
21:42:59 | INFO     | __main__:1588 -      # 4 NATIONALUM   score=118.2  engines=CTL,MOM,SEC                  sector=metals & mining      rank=1
21:42:59 | INFO     | __main__:1588 -      # 5 TORNTPOWER   score=116.4  engines=MOM,SEC                      sector=power & utilities    rank=2
21:42:59 | INFO     | __main__:1588 -      # 6 NMDC         score=115.6  engines=CTL,MOM,SEC                  sector=metals & mining      rank=1
21:42:59 | INFO     | __main__:1588 -      # 7 BHARATFORG   score=114.3  engines=CTL,MOM,SEC                  sector=industrials          rank=3
21:42:59 | INFO     | __main__:1588 -      # 8 SARDAEN      score=113.9  engines=CTL,MOM,SEC                  sector=metals & mining      rank=1
21:42:59 | INFO     | __main__:1588 -      # 9 SIEMENS      score=111.0  engines=CTL,MOM                      sector=industrials          rank=3
21:42:59 | INFO     | __main__:1588 -      #10 LLOYDSME     score=111.0  engines=CTL                          sector=metals & mining      rank=1
21:42:59 | INFO     | __main__:1588 -      #11 SOLARINDS    score=109.6  engines=CTL,MOM,SEC                  sector=aerospace & defence  rank=4
21:42:59 | INFO     | __main__:1588 -      #12 SCHAEFFLER   score=109.3  engines=MOM,SEC                      sector=industrials          rank=3
21:42:59 | INFO     | __main__:1588 -      #13 TATASTEEL    score=107.4  engines=CTL,SEC                      sector=metals & mining      rank=1
21:42:59 | INFO     | __main__:1588 -      #14 WELCORP      score=107.0  engines=CTL                          sector=industrials          rank=3
21:42:59 | INFO     | __main__:1588 -      #15 CGPOWER      score=106.1  engines=CTL,MOM,SEC                  sector=industrials          rank=3
21:42:59 | INFO     | __main__:1588 -      #16 KEI          score=105.2  engines=CTL,MOM                      sector=industrials          rank=3
21:42:59 | INFO     | __main__:1588 -      #17 GPIL         score=105.1  engines=CTL,SEC                      sector=metals & mining      rank=1
21:42:59 | INFO     | __main__:1588 -      #18 VEDL         score=104.3  engines=CTL,SEC,VBD                  sector=metals & mining      rank=1
21:42:59 | INFO     | __main__:1588 -      #19 JINDALSAW    score=104.1  engines=MOM,SEC                      sector=industrials          rank=3
21:42:59 | INFO     | __main__:1588 -      #20 POLYCAB      score= 98.0  engines=MOM,SEC                      sector=industrials          rank=3
21:42:59 | INFO     | __main__:1588 -      #21 AIAENG       score= 96.7  engines=MOM,SEC                      sector=industrials          rank=3
21:42:59 | INFO     | __main__:1588 -      #22 KIRLOSENG    score= 95.6  engines=CTL,MOM,SEC                  sector=industrials          rank=3
21:42:59 | INFO     | __main__:1588 -      #23 ADANIPOWER   score= 95.0  engines=CTL                          sector=power & utilities    rank=2
21:42:59 | INFO     | __main__:1588 -      #24 GMDCLTD      score= 94.9  engines=MOM,SEC                      sector=metals & mining      rank=1
21:42:59 | INFO     | __main__:1588 -      #25 ELGIEQUIP    score= 93.1  engines=MOM,SEC                      sector=industrials          rank=3
21:42:59 | INFO     | __main__:1588 -      #26 NLCINDIA     score= 93.0  engines=MOM                          sector=power & utilities    rank=2
21:42:59 | INFO     | __main__:1588 -      #27 APARINDS     score= 92.3  engines=MOM,SEC                      sector=industrials          rank=3
21:42:59 | INFO     | __main__:1588 -      #28 ONGC         score= 90.0  engines=MOM                          sector=energy               rank=10
21:42:59 | INFO     | __main__:1588 -      #29 SCHNEIDER    score= 90.0  engines=MOM                          sector=industrials          rank=3
21:42:59 | INFO     | __main__:1588 -      #30 OIL          score= 89.0  engines=MOM                          sector=energy               rank=10
21:42:59 | INFO     | __main__:1588 -      #31 FINCABLES    score= 89.0  engines=MOM                          sector=industrials          rank=3
21:42:59 | INFO     | __main__:1588 -      #32 FEDERALBNK   score= 88.0  engines=RVS                          sector=bank                 rank=8
21:42:59 | INFO     | __main__:1588 -      #33 DATAPATTNS   score= 87.0  engines=MOM                          sector=aerospace & defence  rank=4
21:42:59 | INFO     | __main__:1588 -      #34 SHYAMMETL    score= 85.0  engines=SEC                          sector=metals & mining      rank=1
21:42:59 | INFO     | __main__:1588 -      #35 CUB          score= 84.0  engines=MOM                          sector=bank                 rank=8
21:42:59 | INFO     | __main__:1588 -      #36 ASTERDM      score= 83.0  engines=MOM                          sector=healthcare           rank=6
21:42:59 | INFO     | __main__:1588 -      #37 CANBK        score= 82.0  engines=RVS                          sector=bank                 rank=8
21:42:59 | INFO     | __main__:1588 -      #38 AJANTPHARM   score= 82.0  engines=RVS                          sector=healthcare           rank=6
21:42:59 | INFO     | __main__:1588 -      #39 POWERINDIA   score= 82.0  engines=CTL                          sector=industrials          rank=3
21:42:59 | INFO     | __main__:1588 -      #40 ADANIPORTS   score= 80.0  engines=MOM                          sector=transportation       rank=7
21:42:59 | INFO     | __main__:1588 -      #41 INDUSINDBK   score= 79.0  engines=MOM                          sector=bank                 rank=8
21:42:59 | INFO     | __main__:1588 -      #42 NTPCGREEN    score= 78.0  engines=SEC                          sector=power & utilities    rank=2
21:42:59 | INFO     | __main__:1588 -      #43 GRAVITA      score= 77.0  engines=SEC                          sector=metals & mining      rank=1
21:42:59 | INFO     | __main__:1588 -      #44 NSLNISP      score= 77.0  engines=SEC                          sector=metals & mining      rank=1
21:42:59 | INFO     | __main__:1588 -      #45 SCI          score= 76.0  engines=MOM                          sector=transportation       rank=7
21:42:59 | INFO     | __main__:1588 -      #46 CESC         score= 75.0  engines=CTL                          sector=power & utilities    rank=2
21:42:59 | INFO     | __main__:1588 -      #47 SUNPHARMA    score= 74.3  engines=IAD,MOM                      sector=healthcare           rank=6
21:42:59 | INFO     | __main__:1588 -      #48 RBLBANK      score= 74.0  engines=MOM                          sector=bank                 rank=8
21:42:59 | INFO     | __main__:1588 -      #49 NHPC         score= 74.0  engines=SEC                          sector=power & utilities    rank=2
21:42:59 | INFO     | __main__:1588 -      #50 INDUSTOWER   score= 73.0  engines=RVS                          sector=telecom              rank=5
21:42:59 | INFO     | __main__:1588 -      #51 TIINDIA      score= 72.0  engines=SEC                          sector=industrials          rank=3
21:42:59 | INFO     | __main__:1588 -      #52 IPCALAB      score= 69.0  engines=MOM                          sector=healthcare           rank=6
21:42:59 | INFO     | __main__:1588 -      #53 GLENMARK     score= 69.0  engines=MOM                          sector=healthcare           rank=6
21:42:59 | INFO     | __main__:1588 -      #54 GESHIP       score= 68.0  engines=MOM                          sector=transportation       rank=7
21:42:59 | INFO     | __main__:1588 -      #55 HAL          score= 67.0  engines=SEC                          sector=aerospace & defence  rank=4
21:42:59 | INFO     | __main__:1588 -      #56 TIMKEN       score= 67.0  engines=RVS                          sector=industrials          rank=3
21:42:59 | INFO     | __main__:1588 -      #57 AXISBANK     score= 65.0  engines=RVS                          sector=bank                 rank=8
21:42:59 | INFO     | __main__:1588 -      #58 USHAMART     score= 65.0  engines=SEC                          sector=metals & mining      rank=1
21:42:59 | INFO     | __main__:1588 -      #59 RELIANCE     score= 64.0  engines=IAD                          sector=energy               rank=10
21:42:59 | INFO     | __main__:1588 -      #60 VTL          score= 63.0  engines=MOM                          sector=textiles             rank=9
21:42:59 | INFO     | __main__:1588 -      #61 APLAPOLLO    score= 62.0  engines=RVS                          sector=industrials          rank=3
21:42:59 | INFO     | __main__:1588 -      #62 TARIL        score= 62.0  engines=SEC                          sector=industrials          rank=3
21:42:59 | INFO     | __main__:1588 -      #63 ACE          score= 62.0  engines=SEC                          sector=industrials          rank=3
21:42:59 | INFO     | __main__:1588 -      #64 BANDHANBNK   score= 59.0  engines=MOM                          sector=bank                 rank=8
21:42:59 | INFO     | __main__:1588 -      #65 RPOWER       score= 58.0  engines=SEC                          sector=power & utilities    rank=2
21:42:59 | INFO     | __main__:1588 -      #66 BDL          score= 57.0  engines=SEC                          sector=aerospace & defence  rank=4
21:42:59 | INFO     | __main__:1588 -      #67 ITI          score= 57.0  engines=SEC                          sector=aerospace & defence  rank=4
21:42:59 | INFO     | __main__:1588 -      #68 AADHARHFC    score= 55.0  engines=IAD                          sector=financials           rank=12
21:42:59 | INFO     | __main__:1588 -      #69 RKFORGE      score= 55.0  engines=SEC                          sector=industrials          rank=3
21:42:59 | INFO     | __main__:1588 -      #70 JAINREC      score= 55.0  engines=SEC                          sector=metals & mining      rank=1
21:42:59 | INFO     | __main__:1588 -      #71 WAAREEENER   score= 54.0  engines=CTL                          sector=industrials          rank=3
21:42:59 | INFO     | __main__:1604 -   Multi-engine confirmed: 24/71
21:42:59 | INFO     | __main__:1605 -   Sector distribution: {'power & utilities': 8, 'metals & mining': 14, 'industrials': 23, 'aerospace & defence': 5, 'energy': 3, 'bank': 7, 'healthcare': 5, 'transportation': 3, 'telecom': 1, 'textiles': 1, 'financials': 1}
21:42:59 | INFO     | __main__:1606 -   Engine hits: {'CTL': 21, 'MOM': 37, 'SEC': 36, 'RVS': 8, 'TPO': 1, 'VBD': 1, 'IAD': 3}
21:42:59 | INFO     | __main__:1609 - Pass 4: writing (full mode)...
21:43:00 | SUCCESS  | __main__:1216 - ✓ 71 symbols → master_shortlist
21:43:00 | INFO     | __main__:1429 - Checking master_shortlist completeness...
21:43:00 | INFO     | __main__:1458 - ======================================================================
21:43:00 | INFO     | __main__:1459 - MASTER_SHORTLIST COMPLETENESS REPORT
21:43:00 | INFO     | __main__:1460 - ======================================================================
21:43:00 | WARNING  | __main__:1464 - active_regime             NULL in 71/71 rows (100.0%)
21:43:00 | WARNING  | __main__:1464 - ai_conviction             NULL in 71/71 rows (100.0%)
21:43:00 | WARNING  | __main__:1464 - ai_conviction_reason      NULL in 71/71 rows (100.0%)
21:43:00 | WARNING  | __main__:1464 - ai_fallback_used          NULL in 71/71 rows (100.0%)
21:43:00 | WARNING  | __main__:1464 - ai_note                   NULL in 71/71 rows (100.0%)
21:43:00 | WARNING  | __main__:1464 - ai_provider               NULL in 71/71 rows (100.0%)
21:43:00 | WARNING  | __main__:1464 - ai_risks                  NULL in 71/71 rows (100.0%)
21:43:00 | WARNING  | __main__:1464 - ai_shortlist_rank         NULL in 71/71 rows (100.0%)
21:43:00 | WARNING  | __main__:1464 - ai_shortlist_reason       NULL in 71/71 rows (100.0%)
21:43:00 | WARNING  | __main__:1464 - ai_suggested_action       NULL in 71/71 rows (100.0%)
21:43:00 | WARNING  | __main__:1464 - bb_context                NULL in 71/71 rows (100.0%)
21:43:00 | WARNING  | __main__:1464 - bb_position_pct           NULL in 71/71 rows (100.0%)
21:43:00 | WARNING  | __main__:1464 - bb_squeeze                NULL in 71/71 rows (100.0%)
21:43:00 | WARNING  | __main__:1464 - bb_width_pct              NULL in 71/71 rows (100.0%)
21:43:00 | WARNING  | __main__:1464 - breakout_readiness        NULL in 71/71 rows (100.0%)
21:43:00 | WARNING  | __main__:1464 - company_name              NULL in 19/71 rows (26.8%)
21:43:00 | WARNING  | __main__:1464 - days_in_list              NULL in 71/71 rows (100.0%)
21:43:00 | WARNING  | __main__:1464 - days_to_trigger_est       NULL in 71/71 rows (100.0%)
21:43:00 | WARNING  | __main__:1464 - dist_entry_pct            NULL in 71/71 rows (100.0%)
21:43:00 | WARNING  | __main__:1464 - dist_fv_pct               NULL in 71/71 rows (100.0%)
21:43:00 | WARNING  | __main__:1464 - dist_vwap_20d_pct         NULL in 71/71 rows (100.0%)
21:43:00 | WARNING  | __main__:1464 - eap_revival               NULL in 71/71 rows (100.0%)
21:43:00 | WARNING  | __main__:1464 - entry_action              NULL in 71/71 rows (100.0%)
21:43:00 | WARNING  | __main__:1464 - entry_mode                NULL in 71/71 rows (100.0%)
21:43:00 | WARNING  | __main__:1464 - entry_ready               NULL in 71/71 rows (100.0%)
21:43:00 | WARNING  | __main__:1464 - entry_timing_type         NULL in 71/71 rows (100.0%)
21:43:00 | WARNING  | __main__:1464 - entry_zone_high           NULL in 71/71 rows (100.0%)
21:43:00 | WARNING  | __main__:1464 - entry_zone_low            NULL in 71/71 rows (100.0%)
21:43:00 | WARNING  | __main__:1464 - event_bias                NULL in 71/71 rows (100.0%)
21:43:00 | WARNING  | __main__:1464 - event_sectors             NULL in 71/71 rows (100.0%)
21:43:00 | WARNING  | __main__:1464 - exec_eligibility          NULL in 71/71 rows (100.0%)
21:43:00 | WARNING  | __main__:1464 - expected_r                NULL in 71/71 rows (100.0%)
21:43:00 | WARNING  | __main__:1464 - fii_flag                  NULL in 71/71 rows (100.0%)
21:43:00 | WARNING  | __main__:1464 - fundamental_quality       NULL in 71/71 rows (100.0%)
21:43:00 | WARNING  | __main__:1464 - fv_high                   NULL in 71/71 rows (100.0%)
21:43:00 | WARNING  | __main__:1464 - fv_low                    NULL in 71/71 rows (100.0%)
21:43:00 | WARNING  | __main__:1464 - ha_signal                 NULL in 71/71 rows (100.0%)
21:43:00 | WARNING  | __main__:1464 - holding_score             NULL in 71/71 rows (100.0%)
21:43:00 | WARNING  | __main__:1464 - institutional_score       NULL in 71/71 rows (100.0%)
21:43:00 | WARNING  | __main__:1464 - is_ipo                    NULL in 71/71 rows (100.0%)
21:43:00 | WARNING  | __main__:1464 - lifecycle                 NULL in 71/71 rows (100.0%)
21:43:00 | WARNING  | __main__:1464 - liquidity_quality         NULL in 71/71 rows (100.0%)
21:43:00 | WARNING  | __main__:1464 - low_liquidity             NULL in 71/71 rows (100.0%)
21:43:00 | WARNING  | __main__:1464 - ma_alignment_score        NULL in 71/71 rows (100.0%)
21:43:00 | WARNING  | __main__:1464 - ma_levels                 NULL in 71/71 rows (100.0%)
21:43:00 | WARNING  | __main__:1464 - macd_crossing_up          NULL in 71/71 rows (100.0%)
21:43:00 | WARNING  | __main__:1464 - macd_direction            NULL in 71/71 rows (100.0%)
21:43:00 | WARNING  | __main__:1464 - momentum_phase            NULL in 71/71 rows (100.0%)
21:43:00 | WARNING  | __main__:1464 - momentum_score            NULL in 71/71 rows (100.0%)
21:43:00 | WARNING  | __main__:1464 - momentum_state            NULL in 71/71 rows (100.0%)
21:43:00 | WARNING  | __main__:1464 - notes                     NULL in 71/71 rows (100.0%)
21:43:00 | WARNING  | __main__:1464 - opp_type                  NULL in 71/71 rows (100.0%)
21:43:00 | WARNING  | __main__:1464 - persistent_phase          NULL in 71/71 rows (100.0%)
21:43:00 | WARNING  | __main__:1464 - pos_type                  NULL in 71/71 rows (100.0%)
21:43:00 | WARNING  | __main__:1464 - price_location            NULL in 71/71 rows (100.0%)
21:43:00 | WARNING  | __main__:1464 - psar_dual_confirmed       NULL in 71/71 rows (100.0%)
21:43:00 | WARNING  | __main__:1464 - rank_vel_3d               NULL in 71/71 rows (100.0%)
21:43:00 | WARNING  | __main__:1464 - reentry_mode              NULL in 71/71 rows (100.0%)
21:43:00 | WARNING  | __main__:1464 - risk_score                NULL in 71/71 rows (100.0%)
21:43:00 | WARNING  | __main__:1464 - rsi_extended_thresh       NULL in 71/71 rows (100.0%)
21:43:00 | WARNING  | __main__:1464 - score_vel_5d              NULL in 71/71 rows (100.0%)
21:43:00 | WARNING  | __main__:1464 - st_cushion_pct            NULL in 71/71 rows (100.0%)
21:43:00 | WARNING  | __main__:1464 - stoch_context             NULL in 71/71 rows (100.0%)
21:43:00 | WARNING  | __main__:1464 - struct_edge               NULL in 71/71 rows (100.0%)
21:43:00 | WARNING  | __main__:1464 - suggested                 NULL in 71/71 rows (100.0%)
21:43:00 | WARNING  | __main__:1464 - trade_allowed             NULL in 71/71 rows (100.0%)
21:43:00 | WARNING  | __main__:1464 - trend_maturity            NULL in 71/71 rows (100.0%)
21:43:00 | WARNING  | __main__:1464 - upcoming_news             NULL in 71/71 rows (100.0%)
21:43:00 | WARNING  | __main__:1464 - validity_score            NULL in 71/71 rows (100.0%)
21:43:00 | WARNING  | __main__:1464 - velocity_state            NULL in 71/71 rows (100.0%)
21:43:00 | WARNING  | __main__:1464 - volume_trend              NULL in 71/71 rows (100.0%)
21:43:00 | WARNING  | __main__:1464 - vwap_alignment            NULL in 71/71 rows (100.0%)
21:43:00 | WARNING  | __main__:1464 - weekly_structure          NULL in 71/71 rows (100.0%)
21:43:00 | INFO     | __main__:1466 - ======================================================================
21:43:00 | ERROR    | __main__:1471 - Columns never populated by script:
21:43:00 | ERROR    | __main__:1473 -    -> active_regime
21:43:00 | ERROR    | __main__:1473 -    -> ai_conviction
21:43:00 | ERROR    | __main__:1473 -    -> ai_conviction_reason
21:43:00 | ERROR    | __main__:1473 -    -> ai_fallback_used
21:43:00 | ERROR    | __main__:1473 -    -> ai_note
21:43:00 | ERROR    | __main__:1473 -    -> ai_provider
21:43:00 | ERROR    | __main__:1473 -    -> ai_risks
21:43:00 | ERROR    | __main__:1473 -    -> ai_shortlist_rank
21:43:00 | ERROR    | __main__:1473 -    -> ai_shortlist_reason
21:43:00 | ERROR    | __main__:1473 -    -> ai_suggested_action
21:43:00 | ERROR    | __main__:1473 -    -> bb_context
21:43:00 | ERROR    | __main__:1473 -    -> bb_position_pct
21:43:00 | ERROR    | __main__:1473 -    -> bb_squeeze
21:43:00 | ERROR    | __main__:1473 -    -> bb_width_pct
21:43:00 | ERROR    | __main__:1473 -    -> breakout_readiness
21:43:00 | ERROR    | __main__:1473 -    -> days_in_list
21:43:00 | ERROR    | __main__:1473 -    -> days_to_trigger_est
21:43:00 | ERROR    | __main__:1473 -    -> dist_entry_pct
21:43:00 | ERROR    | __main__:1473 -    -> dist_fv_pct
21:43:00 | ERROR    | __main__:1473 -    -> dist_vwap_20d_pct
21:43:00 | ERROR    | __main__:1473 -    -> eap_revival
21:43:00 | ERROR    | __main__:1473 -    -> entry_action
21:43:00 | ERROR    | __main__:1473 -    -> entry_mode
21:43:00 | ERROR    | __main__:1473 -    -> entry_ready
21:43:00 | ERROR    | __main__:1473 -    -> entry_timing_type
21:43:00 | ERROR    | __main__:1473 -    -> entry_zone_high
21:43:00 | ERROR    | __main__:1473 -    -> entry_zone_low
21:43:00 | ERROR    | __main__:1473 -    -> event_bias
21:43:00 | ERROR    | __main__:1473 -    -> event_sectors
21:43:00 | ERROR    | __main__:1473 -    -> exec_eligibility
21:43:00 | ERROR    | __main__:1473 -    -> expected_r
21:43:00 | ERROR    | __main__:1473 -    -> fii_flag
21:43:00 | ERROR    | __main__:1473 -    -> fundamental_quality
21:43:00 | ERROR    | __main__:1473 -    -> fv_high
21:43:00 | ERROR    | __main__:1473 -    -> fv_low
21:43:00 | ERROR    | __main__:1473 -    -> ha_signal
21:43:00 | ERROR    | __main__:1473 -    -> holding_score
21:43:00 | ERROR    | __main__:1473 -    -> institutional_score
21:43:00 | ERROR    | __main__:1473 -    -> is_ipo
21:43:00 | ERROR    | __main__:1473 -    -> lifecycle
21:43:00 | ERROR    | __main__:1473 -    -> liquidity_quality
21:43:00 | ERROR    | __main__:1473 -    -> low_liquidity
21:43:00 | ERROR    | __main__:1473 -    -> ma_alignment_score
21:43:00 | ERROR    | __main__:1473 -    -> ma_levels
21:43:00 | ERROR    | __main__:1473 -    -> macd_crossing_up
21:43:00 | ERROR    | __main__:1473 -    -> macd_direction
21:43:00 | ERROR    | __main__:1473 -    -> momentum_phase
21:43:00 | ERROR    | __main__:1473 -    -> momentum_score
21:43:00 | ERROR    | __main__:1473 -    -> momentum_state
21:43:00 | ERROR    | __main__:1473 -    -> notes
21:43:00 | ERROR    | __main__:1473 -    -> opp_type
21:43:00 | ERROR    | __main__:1473 -    -> persistent_phase
21:43:00 | ERROR    | __main__:1473 -    -> pos_type
21:43:00 | ERROR    | __main__:1473 -    -> price_location
21:43:00 | ERROR    | __main__:1473 -    -> psar_dual_confirmed
21:43:00 | ERROR    | __main__:1473 -    -> rank_vel_3d
21:43:00 | ERROR    | __main__:1473 -    -> reentry_mode
21:43:00 | ERROR    | __main__:1473 -    -> risk_score
21:43:00 | ERROR    | __main__:1473 -    -> rsi_extended_thresh
21:43:00 | ERROR    | __main__:1473 -    -> score_vel_5d
21:43:00 | ERROR    | __main__:1473 -    -> st_cushion_pct
21:43:00 | ERROR    | __main__:1473 -    -> stoch_context
21:43:00 | ERROR    | __main__:1473 -    -> struct_edge
21:43:00 | ERROR    | __main__:1473 -    -> suggested
21:43:00 | ERROR    | __main__:1473 -    -> trade_allowed
21:43:00 | ERROR    | __main__:1473 -    -> trend_maturity
21:43:00 | ERROR    | __main__:1473 -    -> upcoming_news
21:43:00 | ERROR    | __main__:1473 -    -> validity_score
21:43:00 | ERROR    | __main__:1473 -    -> velocity_state
21:43:00 | ERROR    | __main__:1473 -    -> volume_trend
21:43:00 | ERROR    | __main__:1473 -    -> vwap_alignment
21:43:00 | ERROR    | __main__:1473 -    -> weekly_structure
21:43:00 | SUCCESS  | __main__:1475 - Completeness check finished.
21:43:00 | INFO     | __main__:1241 -   EAP revival: no penalized stocks found yesterday — skipping
21:43:00 | INFO     | __main__:1336 -   Outcomes: no msl_computed data for 2026-04-24 — skipping 5d
21:43:00 | INFO     | __main__:1336 -   Outcomes: no msl_computed data for 2026-04-19 — skipping 10d
21:43:00 | INFO     | __main__:1336 -   Outcomes: no msl_computed data for 2026-04-14 — skipping 15d
21:43:00 | INFO     | __main__:1365 -   Outcomes: nothing to log (no past data aligns with today)
21:46:18 | INFO     | config:187 - TradeOS v6 config loaded | Capital=₹200,000 | DRY_RUN=False | Phase=2
21:46:18 | INFO     | __main__:1497 - =================================================================
21:46:18 | INFO     | __main__:1498 - STEP: Screen Stocks v1.1 | 2026-04-29 | mode=SHADOW
21:46:18 | INFO     | __main__:1500 - =================================================================
21:46:18 | INFO     | __main__:1502 - Pass 1: loading data...
21:46:19 | INFO     | __main__:174 -   Loaded: 1000 stocks | 24 sectors | regime=NEUTRAL | asm=321 | fii=CAUTION | forced=0
21:46:19 | INFO     | __main__:1534 - Pass 2: running engines (regime=NEUTRAL)...
21:46:19 | INFO     | __main__:304 -   CTL: 22 candidates
21:46:19 | INFO     | __main__:385 -   SBS: 0 candidates
21:46:19 | INFO     | __main__:465 -   TPO: 1 candidates
21:46:19 | INFO     | __main__:542 -   VBD: 1 candidates
21:46:19 | INFO     | __main__:607 -   IAD: 3 candidates
21:46:19 | INFO     | __main__:661 -   RSB: 0 candidates
21:46:19 | INFO     | __main__:764 -   MOM: 39 candidates
21:46:19 | INFO     | __main__:879 -   RVS: 8 candidates
21:46:19 | INFO     | __main__:955 -   SEC: 40 candidates
21:46:19 | INFO     | __main__:1563 -   Engine totals: CTL=22 SBS=0 TPO=1 VBD=1 IAD=3 RSB=0 MOM=39 RVS=8 SEC=40 | Total unique=75
21:46:19 | INFO     | __main__:1571 - Pass 3: aggregating and ranking...
21:46:19 | INFO     | __main__:1002 -   Regime weights (NEUTRAL):  (all 1.0x)
21:46:19 | INFO     | __main__:1113 -   Aggregated: 75 total unique | 71 after hard filters | 71 final
21:46:19 | INFO     | __main__:1585 - 
  ═══ TOP 71 SCREENED SYMBOLS (NEUTRAL) ═══
21:46:19 | INFO     | __main__:1588 -      # 1 NTPC         score=130.0  engines=CTL,MOM,SEC                  sector=power & utilities    rank=2
21:46:19 | INFO     | __main__:1588 -      # 2 JINDALSTEL   score=127.7  engines=CTL,RVS,SEC,TPO              sector=metals & mining      rank=1
21:46:19 | INFO     | __main__:1588 -      # 3 CUMMINSIND   score=124.1  engines=CTL,MOM,SEC                  sector=industrials          rank=3
21:46:19 | INFO     | __main__:1588 -      # 4 NATIONALUM   score=118.2  engines=CTL,MOM,SEC                  sector=metals & mining      rank=1
21:46:19 | INFO     | __main__:1588 -      # 5 TORNTPOWER   score=116.4  engines=MOM,SEC                      sector=power & utilities    rank=2
21:46:19 | INFO     | __main__:1588 -      # 6 NMDC         score=115.6  engines=CTL,MOM,SEC                  sector=metals & mining      rank=1
21:46:19 | INFO     | __main__:1588 -      # 7 BHARATFORG   score=114.3  engines=CTL,MOM,SEC                  sector=industrials          rank=3
21:46:19 | INFO     | __main__:1588 -      # 8 SARDAEN      score=113.9  engines=CTL,MOM,SEC                  sector=metals & mining      rank=1
21:46:19 | INFO     | __main__:1588 -      # 9 SIEMENS      score=111.0  engines=CTL,MOM                      sector=industrials          rank=3
21:46:19 | INFO     | __main__:1588 -      #10 LLOYDSME     score=111.0  engines=CTL                          sector=metals & mining      rank=1
21:46:19 | INFO     | __main__:1588 -      #11 SOLARINDS    score=109.6  engines=CTL,MOM,SEC                  sector=aerospace & defence  rank=4
21:46:19 | INFO     | __main__:1588 -      #12 SCHAEFFLER   score=109.3  engines=MOM,SEC                      sector=industrials          rank=3
21:46:19 | INFO     | __main__:1588 -      #13 TATASTEEL    score=107.4  engines=CTL,SEC                      sector=metals & mining      rank=1
21:46:19 | INFO     | __main__:1588 -      #14 WELCORP      score=107.0  engines=CTL                          sector=industrials          rank=3
21:46:19 | INFO     | __main__:1588 -      #15 CGPOWER      score=106.1  engines=CTL,MOM,SEC                  sector=industrials          rank=3
21:46:19 | INFO     | __main__:1588 -      #16 KEI          score=105.2  engines=CTL,MOM                      sector=industrials          rank=3
21:46:19 | INFO     | __main__:1588 -      #17 GPIL         score=105.1  engines=CTL,SEC                      sector=metals & mining      rank=1
21:46:19 | INFO     | __main__:1588 -      #18 VEDL         score=104.3  engines=CTL,SEC,VBD                  sector=metals & mining      rank=1
21:46:19 | INFO     | __main__:1588 -      #19 JINDALSAW    score=104.1  engines=MOM,SEC                      sector=industrials          rank=3
21:46:19 | INFO     | __main__:1588 -      #20 POLYCAB      score= 98.0  engines=MOM,SEC                      sector=industrials          rank=3
21:46:19 | INFO     | __main__:1588 -      #21 AIAENG       score= 96.7  engines=MOM,SEC                      sector=industrials          rank=3
21:46:19 | INFO     | __main__:1588 -      #22 KIRLOSENG    score= 95.6  engines=CTL,MOM,SEC                  sector=industrials          rank=3
21:46:19 | INFO     | __main__:1588 -      #23 ADANIPOWER   score= 95.0  engines=CTL                          sector=power & utilities    rank=2
21:46:19 | INFO     | __main__:1588 -      #24 GMDCLTD      score= 94.9  engines=MOM,SEC                      sector=metals & mining      rank=1
21:46:19 | INFO     | __main__:1588 -      #25 ELGIEQUIP    score= 93.1  engines=MOM,SEC                      sector=industrials          rank=3
21:46:19 | INFO     | __main__:1588 -      #26 NLCINDIA     score= 93.0  engines=MOM                          sector=power & utilities    rank=2
21:46:19 | INFO     | __main__:1588 -      #27 APARINDS     score= 92.3  engines=MOM,SEC                      sector=industrials          rank=3
21:46:19 | INFO     | __main__:1588 -      #28 ONGC         score= 90.0  engines=MOM                          sector=energy               rank=10
21:46:19 | INFO     | __main__:1588 -      #29 SCHNEIDER    score= 90.0  engines=MOM                          sector=industrials          rank=3
21:46:19 | INFO     | __main__:1588 -      #30 OIL          score= 89.0  engines=MOM                          sector=energy               rank=10
21:46:19 | INFO     | __main__:1588 -      #31 FINCABLES    score= 89.0  engines=MOM                          sector=industrials          rank=3
21:46:19 | INFO     | __main__:1588 -      #32 FEDERALBNK   score= 88.0  engines=RVS                          sector=bank                 rank=8
21:46:19 | INFO     | __main__:1588 -      #33 DATAPATTNS   score= 87.0  engines=MOM                          sector=aerospace & defence  rank=4
21:46:19 | INFO     | __main__:1588 -      #34 SHYAMMETL    score= 85.0  engines=SEC                          sector=metals & mining      rank=1
21:46:19 | INFO     | __main__:1588 -      #35 CUB          score= 84.0  engines=MOM                          sector=bank                 rank=8
21:46:19 | INFO     | __main__:1588 -      #36 ASTERDM      score= 83.0  engines=MOM                          sector=healthcare           rank=6
21:46:19 | INFO     | __main__:1588 -      #37 CANBK        score= 82.0  engines=RVS                          sector=bank                 rank=8
21:46:19 | INFO     | __main__:1588 -      #38 AJANTPHARM   score= 82.0  engines=RVS                          sector=healthcare           rank=6
21:46:19 | INFO     | __main__:1588 -      #39 POWERINDIA   score= 82.0  engines=CTL                          sector=industrials          rank=3
21:46:19 | INFO     | __main__:1588 -      #40 ADANIPORTS   score= 80.0  engines=MOM                          sector=transportation       rank=7
21:46:19 | INFO     | __main__:1588 -      #41 INDUSINDBK   score= 79.0  engines=MOM                          sector=bank                 rank=8
21:46:19 | INFO     | __main__:1588 -      #42 NTPCGREEN    score= 78.0  engines=SEC                          sector=power & utilities    rank=2
21:46:19 | INFO     | __main__:1588 -      #43 GRAVITA      score= 77.0  engines=SEC                          sector=metals & mining      rank=1
21:46:19 | INFO     | __main__:1588 -      #44 NSLNISP      score= 77.0  engines=SEC                          sector=metals & mining      rank=1
21:46:19 | INFO     | __main__:1588 -      #45 SCI          score= 76.0  engines=MOM                          sector=transportation       rank=7
21:46:19 | INFO     | __main__:1588 -      #46 CESC         score= 75.0  engines=CTL                          sector=power & utilities    rank=2
21:46:19 | INFO     | __main__:1588 -      #47 SUNPHARMA    score= 74.3  engines=IAD,MOM                      sector=healthcare           rank=6
21:46:19 | INFO     | __main__:1588 -      #48 RBLBANK      score= 74.0  engines=MOM                          sector=bank                 rank=8
21:46:19 | INFO     | __main__:1588 -      #49 NHPC         score= 74.0  engines=SEC                          sector=power & utilities    rank=2
21:46:19 | INFO     | __main__:1588 -      #50 INDUSTOWER   score= 73.0  engines=RVS                          sector=telecom              rank=5
21:46:19 | INFO     | __main__:1588 -      #51 TIINDIA      score= 72.0  engines=SEC                          sector=industrials          rank=3
21:46:19 | INFO     | __main__:1588 -      #52 IPCALAB      score= 69.0  engines=MOM                          sector=healthcare           rank=6
21:46:19 | INFO     | __main__:1588 -      #53 GLENMARK     score= 69.0  engines=MOM                          sector=healthcare           rank=6
21:46:19 | INFO     | __main__:1588 -      #54 GESHIP       score= 68.0  engines=MOM                          sector=transportation       rank=7
21:46:19 | INFO     | __main__:1588 -      #55 HAL          score= 67.0  engines=SEC                          sector=aerospace & defence  rank=4
21:46:19 | INFO     | __main__:1588 -      #56 TIMKEN       score= 67.0  engines=RVS                          sector=industrials          rank=3
21:46:19 | INFO     | __main__:1588 -      #57 AXISBANK     score= 65.0  engines=RVS                          sector=bank                 rank=8
21:46:19 | INFO     | __main__:1588 -      #58 USHAMART     score= 65.0  engines=SEC                          sector=metals & mining      rank=1
21:46:19 | INFO     | __main__:1588 -      #59 RELIANCE     score= 64.0  engines=IAD                          sector=energy               rank=10
21:46:19 | INFO     | __main__:1588 -      #60 VTL          score= 63.0  engines=MOM                          sector=textiles             rank=9
21:46:19 | INFO     | __main__:1588 -      #61 APLAPOLLO    score= 62.0  engines=RVS                          sector=industrials          rank=3
21:46:19 | INFO     | __main__:1588 -      #62 TARIL        score= 62.0  engines=SEC                          sector=industrials          rank=3
21:46:19 | INFO     | __main__:1588 -      #63 ACE          score= 62.0  engines=SEC                          sector=industrials          rank=3
21:46:19 | INFO     | __main__:1588 -      #64 BANDHANBNK   score= 59.0  engines=MOM                          sector=bank                 rank=8
21:46:19 | INFO     | __main__:1588 -      #65 RPOWER       score= 58.0  engines=SEC                          sector=power & utilities    rank=2
21:46:19 | INFO     | __main__:1588 -      #66 BDL          score= 57.0  engines=SEC                          sector=aerospace & defence  rank=4
21:46:19 | INFO     | __main__:1588 -      #67 ITI          score= 57.0  engines=SEC                          sector=aerospace & defence  rank=4
21:46:19 | INFO     | __main__:1588 -      #68 AADHARHFC    score= 55.0  engines=IAD                          sector=financials           rank=12
21:46:19 | INFO     | __main__:1588 -      #69 RKFORGE      score= 55.0  engines=SEC                          sector=industrials          rank=3
21:46:19 | INFO     | __main__:1588 -      #70 JAINREC      score= 55.0  engines=SEC                          sector=metals & mining      rank=1
21:46:19 | INFO     | __main__:1588 -      #71 WAAREEENER   score= 54.0  engines=CTL                          sector=industrials          rank=3
21:46:19 | INFO     | __main__:1604 -   Multi-engine confirmed: 24/71
21:46:19 | INFO     | __main__:1605 -   Sector distribution: {'power & utilities': 8, 'metals & mining': 14, 'industrials': 23, 'aerospace & defence': 5, 'energy': 3, 'bank': 7, 'healthcare': 5, 'transportation': 3, 'telecom': 1, 'textiles': 1, 'financials': 1}
21:46:19 | INFO     | __main__:1606 -   Engine hits: {'CTL': 21, 'MOM': 37, 'SEC': 36, 'RVS': 8, 'TPO': 1, 'VBD': 1, 'IAD': 3}
21:46:19 | INFO     | __main__:1609 - Pass 4: writing (shadow mode)...
21:46:19 | SUCCESS  | __main__:1169 - ✓ 71 symbols → msl_computed
21:47:05 | INFO     | config:187 - TradeOS v6 config loaded | Capital=₹200,000 | DRY_RUN=False | Phase=2
21:47:05 | INFO     | __main__:1497 - =================================================================
21:47:05 | INFO     | __main__:1498 - STEP: Screen Stocks v1.1 | 2026-04-29 | mode=SHADOW
21:47:05 | INFO     | __main__:1500 - =================================================================
21:47:05 | INFO     | __main__:1502 - Pass 1: loading data...
21:47:05 | INFO     | __main__:174 -   Loaded: 1000 stocks | 24 sectors | regime=NEUTRAL | asm=321 | fii=CAUTION | forced=0
21:47:05 | INFO     | __main__:1534 - Pass 2: running engines (regime=NEUTRAL)...
21:47:05 | INFO     | __main__:304 -   CTL: 22 candidates
21:47:05 | INFO     | __main__:385 -   SBS: 0 candidates
21:47:05 | INFO     | __main__:465 -   TPO: 1 candidates
21:47:05 | INFO     | __main__:542 -   VBD: 1 candidates
21:47:05 | INFO     | __main__:607 -   IAD: 3 candidates
21:47:05 | INFO     | __main__:661 -   RSB: 0 candidates
21:47:06 | INFO     | __main__:764 -   MOM: 39 candidates
21:47:06 | INFO     | __main__:879 -   RVS: 8 candidates
21:47:06 | INFO     | __main__:955 -   SEC: 40 candidates
21:47:06 | INFO     | __main__:1563 -   Engine totals: CTL=22 SBS=0 TPO=1 VBD=1 IAD=3 RSB=0 MOM=39 RVS=8 SEC=40 | Total unique=75
21:47:06 | INFO     | __main__:1571 - Pass 3: aggregating and ranking...
21:47:06 | INFO     | __main__:1002 -   Regime weights (NEUTRAL):  (all 1.0x)
21:47:06 | INFO     | __main__:1113 -   Aggregated: 75 total unique | 71 after hard filters | 71 final
21:47:06 | INFO     | __main__:1585 - 
  ═══ TOP 71 SCREENED SYMBOLS (NEUTRAL) ═══
21:47:06 | INFO     | __main__:1588 -      # 1 NTPC         score=130.0  engines=CTL,MOM,SEC                  sector=power & utilities    rank=2
21:47:06 | INFO     | __main__:1588 -      # 2 JINDALSTEL   score=127.7  engines=CTL,RVS,SEC,TPO              sector=metals & mining      rank=1
21:47:06 | INFO     | __main__:1588 -      # 3 CUMMINSIND   score=124.1  engines=CTL,MOM,SEC                  sector=industrials          rank=3
21:47:06 | INFO     | __main__:1588 -      # 4 NATIONALUM   score=118.2  engines=CTL,MOM,SEC                  sector=metals & mining      rank=1
21:47:06 | INFO     | __main__:1588 -      # 5 TORNTPOWER   score=116.4  engines=MOM,SEC                      sector=power & utilities    rank=2
21:47:06 | INFO     | __main__:1588 -      # 6 NMDC         score=115.6  engines=CTL,MOM,SEC                  sector=metals & mining      rank=1
21:47:06 | INFO     | __main__:1588 -      # 7 BHARATFORG   score=114.3  engines=CTL,MOM,SEC                  sector=industrials          rank=3
21:47:06 | INFO     | __main__:1588 -      # 8 SARDAEN      score=113.9  engines=CTL,MOM,SEC                  sector=metals & mining      rank=1
21:47:06 | INFO     | __main__:1588 -      # 9 SIEMENS      score=111.0  engines=CTL,MOM                      sector=industrials          rank=3
21:47:06 | INFO     | __main__:1588 -      #10 LLOYDSME     score=111.0  engines=CTL                          sector=metals & mining      rank=1
21:47:06 | INFO     | __main__:1588 -      #11 SOLARINDS    score=109.6  engines=CTL,MOM,SEC                  sector=aerospace & defence  rank=4
21:47:06 | INFO     | __main__:1588 -      #12 SCHAEFFLER   score=109.3  engines=MOM,SEC                      sector=industrials          rank=3
21:47:06 | INFO     | __main__:1588 -      #13 TATASTEEL    score=107.4  engines=CTL,SEC                      sector=metals & mining      rank=1
21:47:06 | INFO     | __main__:1588 -      #14 WELCORP      score=107.0  engines=CTL                          sector=industrials          rank=3
21:47:06 | INFO     | __main__:1588 -      #15 CGPOWER      score=106.1  engines=CTL,MOM,SEC                  sector=industrials          rank=3
21:47:06 | INFO     | __main__:1588 -      #16 KEI          score=105.2  engines=CTL,MOM                      sector=industrials          rank=3
21:47:06 | INFO     | __main__:1588 -      #17 GPIL         score=105.1  engines=CTL,SEC                      sector=metals & mining      rank=1
21:47:06 | INFO     | __main__:1588 -      #18 VEDL         score=104.3  engines=CTL,SEC,VBD                  sector=metals & mining      rank=1
21:47:06 | INFO     | __main__:1588 -      #19 JINDALSAW    score=104.1  engines=MOM,SEC                      sector=industrials          rank=3
21:47:06 | INFO     | __main__:1588 -      #20 POLYCAB      score= 98.0  engines=MOM,SEC                      sector=industrials          rank=3
21:47:06 | INFO     | __main__:1588 -      #21 AIAENG       score= 96.7  engines=MOM,SEC                      sector=industrials          rank=3
21:47:06 | INFO     | __main__:1588 -      #22 KIRLOSENG    score= 95.6  engines=CTL,MOM,SEC                  sector=industrials          rank=3
21:47:06 | INFO     | __main__:1588 -      #23 ADANIPOWER   score= 95.0  engines=CTL                          sector=power & utilities    rank=2
21:47:06 | INFO     | __main__:1588 -      #24 GMDCLTD      score= 94.9  engines=MOM,SEC                      sector=metals & mining      rank=1
21:47:06 | INFO     | __main__:1588 -      #25 ELGIEQUIP    score= 93.1  engines=MOM,SEC                      sector=industrials          rank=3
21:47:06 | INFO     | __main__:1588 -      #26 NLCINDIA     score= 93.0  engines=MOM                          sector=power & utilities    rank=2
21:47:06 | INFO     | __main__:1588 -      #27 APARINDS     score= 92.3  engines=MOM,SEC                      sector=industrials          rank=3
21:47:06 | INFO     | __main__:1588 -      #28 ONGC         score= 90.0  engines=MOM                          sector=energy               rank=10
21:47:06 | INFO     | __main__:1588 -      #29 SCHNEIDER    score= 90.0  engines=MOM                          sector=industrials          rank=3
21:47:06 | INFO     | __main__:1588 -      #30 OIL          score= 89.0  engines=MOM                          sector=energy               rank=10
21:47:06 | INFO     | __main__:1588 -      #31 FINCABLES    score= 89.0  engines=MOM                          sector=industrials          rank=3
21:47:06 | INFO     | __main__:1588 -      #32 FEDERALBNK   score= 88.0  engines=RVS                          sector=bank                 rank=8
21:47:06 | INFO     | __main__:1588 -      #33 DATAPATTNS   score= 87.0  engines=MOM                          sector=aerospace & defence  rank=4
21:47:06 | INFO     | __main__:1588 -      #34 SHYAMMETL    score= 85.0  engines=SEC                          sector=metals & mining      rank=1
21:47:06 | INFO     | __main__:1588 -      #35 CUB          score= 84.0  engines=MOM                          sector=bank                 rank=8
21:47:06 | INFO     | __main__:1588 -      #36 ASTERDM      score= 83.0  engines=MOM                          sector=healthcare           rank=6
21:47:06 | INFO     | __main__:1588 -      #37 CANBK        score= 82.0  engines=RVS                          sector=bank                 rank=8
21:47:06 | INFO     | __main__:1588 -      #38 AJANTPHARM   score= 82.0  engines=RVS                          sector=healthcare           rank=6
21:47:06 | INFO     | __main__:1588 -      #39 POWERINDIA   score= 82.0  engines=CTL                          sector=industrials          rank=3
21:47:06 | INFO     | __main__:1588 -      #40 ADANIPORTS   score= 80.0  engines=MOM                          sector=transportation       rank=7
21:47:06 | INFO     | __main__:1588 -      #41 INDUSINDBK   score= 79.0  engines=MOM                          sector=bank                 rank=8
21:47:06 | INFO     | __main__:1588 -      #42 NTPCGREEN    score= 78.0  engines=SEC                          sector=power & utilities    rank=2
21:47:06 | INFO     | __main__:1588 -      #43 GRAVITA      score= 77.0  engines=SEC                          sector=metals & mining      rank=1
21:47:06 | INFO     | __main__:1588 -      #44 NSLNISP      score= 77.0  engines=SEC                          sector=metals & mining      rank=1
21:47:06 | INFO     | __main__:1588 -      #45 SCI          score= 76.0  engines=MOM                          sector=transportation       rank=7
21:47:06 | INFO     | __main__:1588 -      #46 CESC         score= 75.0  engines=CTL                          sector=power & utilities    rank=2
21:47:06 | INFO     | __main__:1588 -      #47 SUNPHARMA    score= 74.3  engines=IAD,MOM                      sector=healthcare           rank=6
21:47:06 | INFO     | __main__:1588 -      #48 RBLBANK      score= 74.0  engines=MOM                          sector=bank                 rank=8
21:47:06 | INFO     | __main__:1588 -      #49 NHPC         score= 74.0  engines=SEC                          sector=power & utilities    rank=2
21:47:06 | INFO     | __main__:1588 -      #50 INDUSTOWER   score= 73.0  engines=RVS                          sector=telecom              rank=5
21:47:06 | INFO     | __main__:1588 -      #51 TIINDIA      score= 72.0  engines=SEC                          sector=industrials          rank=3
21:47:06 | INFO     | __main__:1588 -      #52 IPCALAB      score= 69.0  engines=MOM                          sector=healthcare           rank=6
21:47:06 | INFO     | __main__:1588 -      #53 GLENMARK     score= 69.0  engines=MOM                          sector=healthcare           rank=6
21:47:06 | INFO     | __main__:1588 -      #54 GESHIP       score= 68.0  engines=MOM                          sector=transportation       rank=7
21:47:06 | INFO     | __main__:1588 -      #55 HAL          score= 67.0  engines=SEC                          sector=aerospace & defence  rank=4
21:47:06 | INFO     | __main__:1588 -      #56 TIMKEN       score= 67.0  engines=RVS                          sector=industrials          rank=3
21:47:06 | INFO     | __main__:1588 -      #57 AXISBANK     score= 65.0  engines=RVS                          sector=bank                 rank=8
21:47:06 | INFO     | __main__:1588 -      #58 USHAMART     score= 65.0  engines=SEC                          sector=metals & mining      rank=1
21:47:06 | INFO     | __main__:1588 -      #59 RELIANCE     score= 64.0  engines=IAD                          sector=energy               rank=10
21:47:06 | INFO     | __main__:1588 -      #60 VTL          score= 63.0  engines=MOM                          sector=textiles             rank=9
21:47:06 | INFO     | __main__:1588 -      #61 APLAPOLLO    score= 62.0  engines=RVS                          sector=industrials          rank=3
21:47:06 | INFO     | __main__:1588 -      #62 TARIL        score= 62.0  engines=SEC                          sector=industrials          rank=3
21:47:06 | INFO     | __main__:1588 -      #63 ACE          score= 62.0  engines=SEC                          sector=industrials          rank=3
21:47:06 | INFO     | __main__:1588 -      #64 BANDHANBNK   score= 59.0  engines=MOM                          sector=bank                 rank=8
21:47:06 | INFO     | __main__:1588 -      #65 RPOWER       score= 58.0  engines=SEC                          sector=power & utilities    rank=2
21:47:06 | INFO     | __main__:1588 -      #66 BDL          score= 57.0  engines=SEC                          sector=aerospace & defence  rank=4
21:47:06 | INFO     | __main__:1588 -      #67 ITI          score= 57.0  engines=SEC                          sector=aerospace & defence  rank=4
21:47:06 | INFO     | __main__:1588 -      #68 AADHARHFC    score= 55.0  engines=IAD                          sector=financials           rank=12
21:47:06 | INFO     | __main__:1588 -      #69 RKFORGE      score= 55.0  engines=SEC                          sector=industrials          rank=3
21:47:06 | INFO     | __main__:1588 -      #70 JAINREC      score= 55.0  engines=SEC                          sector=metals & mining      rank=1
21:47:06 | INFO     | __main__:1588 -      #71 WAAREEENER   score= 54.0  engines=CTL                          sector=industrials          rank=3
21:47:06 | INFO     | __main__:1604 -   Multi-engine confirmed: 24/71
21:47:06 | INFO     | __main__:1605 -   Sector distribution: {'power & utilities': 8, 'metals & mining': 14, 'industrials': 23, 'aerospace & defence': 5, 'energy': 3, 'bank': 7, 'healthcare': 5, 'transportation': 3, 'telecom': 1, 'textiles': 1, 'financials': 1}
21:47:06 | INFO     | __main__:1606 -   Engine hits: {'CTL': 21, 'MOM': 37, 'SEC': 36, 'RVS': 8, 'TPO': 1, 'VBD': 1, 'IAD': 3}
21:47:06 | INFO     | __main__:1609 - Pass 4: writing (shadow mode)...
21:47:06 | SUCCESS  | __main__:1169 - ✓ 71 symbols → msl_computed
21:49:29 | INFO     | config:187 - TradeOS v6 config loaded | Capital=₹200,000 | DRY_RUN=False | Phase=2
21:49:29 | INFO     | __main__:1497 - =================================================================
21:49:29 | INFO     | __main__:1498 - STEP: Screen Stocks v1.1 | 2026-04-29 | mode=SHADOW
21:49:29 | INFO     | __main__:1500 - =================================================================
21:49:29 | INFO     | __main__:1502 - Pass 1: loading data...
21:49:30 | INFO     | __main__:174 -   Loaded: 1000 stocks | 24 sectors | regime=NEUTRAL | asm=321 | fii=CAUTION | forced=0
21:49:30 | INFO     | __main__:1534 - Pass 2: running engines (regime=NEUTRAL)...
21:49:30 | INFO     | __main__:304 -   CTL: 22 candidates
21:49:30 | INFO     | __main__:385 -   SBS: 0 candidates
21:49:30 | INFO     | __main__:465 -   TPO: 1 candidates
21:49:30 | INFO     | __main__:542 -   VBD: 1 candidates
21:49:30 | INFO     | __main__:607 -   IAD: 3 candidates
21:49:30 | INFO     | __main__:661 -   RSB: 0 candidates
21:49:30 | INFO     | __main__:764 -   MOM: 39 candidates
21:49:30 | INFO     | __main__:879 -   RVS: 8 candidates
21:49:30 | INFO     | __main__:955 -   SEC: 40 candidates
21:49:30 | INFO     | __main__:1563 -   Engine totals: CTL=22 SBS=0 TPO=1 VBD=1 IAD=3 RSB=0 MOM=39 RVS=8 SEC=40 | Total unique=75
21:49:30 | INFO     | __main__:1571 - Pass 3: aggregating and ranking...
21:49:30 | INFO     | __main__:1002 -   Regime weights (NEUTRAL):  (all 1.0x)
21:49:30 | INFO     | __main__:1113 -   Aggregated: 75 total unique | 71 after hard filters | 71 final
21:49:30 | INFO     | __main__:1585 - 
  ═══ TOP 71 SCREENED SYMBOLS (NEUTRAL) ═══
21:49:30 | INFO     | __main__:1588 -      # 1 NTPC         score=130.0  engines=CTL,MOM,SEC                  sector=power & utilities    rank=2
21:49:30 | INFO     | __main__:1588 -      # 2 JINDALSTEL   score=127.7  engines=CTL,RVS,SEC,TPO              sector=metals & mining      rank=1
21:49:30 | INFO     | __main__:1588 -      # 3 CUMMINSIND   score=124.1  engines=CTL,MOM,SEC                  sector=industrials          rank=3
21:49:30 | INFO     | __main__:1588 -      # 4 NATIONALUM   score=118.2  engines=CTL,MOM,SEC                  sector=metals & mining      rank=1
21:49:30 | INFO     | __main__:1588 -      # 5 TORNTPOWER   score=116.4  engines=MOM,SEC                      sector=power & utilities    rank=2
21:49:30 | INFO     | __main__:1588 -      # 6 NMDC         score=115.6  engines=CTL,MOM,SEC                  sector=metals & mining      rank=1
21:49:30 | INFO     | __main__:1588 -      # 7 BHARATFORG   score=114.3  engines=CTL,MOM,SEC                  sector=industrials          rank=3
21:49:30 | INFO     | __main__:1588 -      # 8 SARDAEN      score=113.9  engines=CTL,MOM,SEC                  sector=metals & mining      rank=1
21:49:30 | INFO     | __main__:1588 -      # 9 SIEMENS      score=111.0  engines=CTL,MOM                      sector=industrials          rank=3
21:49:30 | INFO     | __main__:1588 -      #10 LLOYDSME     score=111.0  engines=CTL                          sector=metals & mining      rank=1
21:49:30 | INFO     | __main__:1588 -      #11 SOLARINDS    score=109.6  engines=CTL,MOM,SEC                  sector=aerospace & defence  rank=4
21:49:30 | INFO     | __main__:1588 -      #12 SCHAEFFLER   score=109.3  engines=MOM,SEC                      sector=industrials          rank=3
21:49:30 | INFO     | __main__:1588 -      #13 TATASTEEL    score=107.4  engines=CTL,SEC                      sector=metals & mining      rank=1
21:49:30 | INFO     | __main__:1588 -      #14 WELCORP      score=107.0  engines=CTL                          sector=industrials          rank=3
21:49:30 | INFO     | __main__:1588 -      #15 CGPOWER      score=106.1  engines=CTL,MOM,SEC                  sector=industrials          rank=3
21:49:30 | INFO     | __main__:1588 -      #16 KEI          score=105.2  engines=CTL,MOM                      sector=industrials          rank=3
21:49:30 | INFO     | __main__:1588 -      #17 GPIL         score=105.1  engines=CTL,SEC                      sector=metals & mining      rank=1
21:49:30 | INFO     | __main__:1588 -      #18 VEDL         score=104.3  engines=CTL,SEC,VBD                  sector=metals & mining      rank=1
21:49:30 | INFO     | __main__:1588 -      #19 JINDALSAW    score=104.1  engines=MOM,SEC                      sector=industrials          rank=3
21:49:30 | INFO     | __main__:1588 -      #20 POLYCAB      score= 98.0  engines=MOM,SEC                      sector=industrials          rank=3
21:49:30 | INFO     | __main__:1588 -      #21 AIAENG       score= 96.7  engines=MOM,SEC                      sector=industrials          rank=3
21:49:30 | INFO     | __main__:1588 -      #22 KIRLOSENG    score= 95.6  engines=CTL,MOM,SEC                  sector=industrials          rank=3
21:49:30 | INFO     | __main__:1588 -      #23 ADANIPOWER   score= 95.0  engines=CTL                          sector=power & utilities    rank=2
21:49:30 | INFO     | __main__:1588 -      #24 GMDCLTD      score= 94.9  engines=MOM,SEC                      sector=metals & mining      rank=1
21:49:30 | INFO     | __main__:1588 -      #25 ELGIEQUIP    score= 93.1  engines=MOM,SEC                      sector=industrials          rank=3
21:49:30 | INFO     | __main__:1588 -      #26 NLCINDIA     score= 93.0  engines=MOM                          sector=power & utilities    rank=2
21:49:30 | INFO     | __main__:1588 -      #27 APARINDS     score= 92.3  engines=MOM,SEC                      sector=industrials          rank=3
21:49:30 | INFO     | __main__:1588 -      #28 ONGC         score= 90.0  engines=MOM                          sector=energy               rank=10
21:49:30 | INFO     | __main__:1588 -      #29 SCHNEIDER    score= 90.0  engines=MOM                          sector=industrials          rank=3
21:49:30 | INFO     | __main__:1588 -      #30 OIL          score= 89.0  engines=MOM                          sector=energy               rank=10
21:49:30 | INFO     | __main__:1588 -      #31 FINCABLES    score= 89.0  engines=MOM                          sector=industrials          rank=3
21:49:30 | INFO     | __main__:1588 -      #32 FEDERALBNK   score= 88.0  engines=RVS                          sector=bank                 rank=8
21:49:30 | INFO     | __main__:1588 -      #33 DATAPATTNS   score= 87.0  engines=MOM                          sector=aerospace & defence  rank=4
21:49:30 | INFO     | __main__:1588 -      #34 SHYAMMETL    score= 85.0  engines=SEC                          sector=metals & mining      rank=1
21:49:30 | INFO     | __main__:1588 -      #35 CUB          score= 84.0  engines=MOM                          sector=bank                 rank=8
21:49:30 | INFO     | __main__:1588 -      #36 ASTERDM      score= 83.0  engines=MOM                          sector=healthcare           rank=6
21:49:30 | INFO     | __main__:1588 -      #37 CANBK        score= 82.0  engines=RVS                          sector=bank                 rank=8
21:49:30 | INFO     | __main__:1588 -      #38 AJANTPHARM   score= 82.0  engines=RVS                          sector=healthcare           rank=6
21:49:30 | INFO     | __main__:1588 -      #39 POWERINDIA   score= 82.0  engines=CTL                          sector=industrials          rank=3
21:49:30 | INFO     | __main__:1588 -      #40 ADANIPORTS   score= 80.0  engines=MOM                          sector=transportation       rank=7
21:49:30 | INFO     | __main__:1588 -      #41 INDUSINDBK   score= 79.0  engines=MOM                          sector=bank                 rank=8
21:49:30 | INFO     | __main__:1588 -      #42 NTPCGREEN    score= 78.0  engines=SEC                          sector=power & utilities    rank=2
21:49:30 | INFO     | __main__:1588 -      #43 GRAVITA      score= 77.0  engines=SEC                          sector=metals & mining      rank=1
21:49:30 | INFO     | __main__:1588 -      #44 NSLNISP      score= 77.0  engines=SEC                          sector=metals & mining      rank=1
21:49:30 | INFO     | __main__:1588 -      #45 SCI          score= 76.0  engines=MOM                          sector=transportation       rank=7
21:49:30 | INFO     | __main__:1588 -      #46 CESC         score= 75.0  engines=CTL                          sector=power & utilities    rank=2
21:49:30 | INFO     | __main__:1588 -      #47 SUNPHARMA    score= 74.3  engines=IAD,MOM                      sector=healthcare           rank=6
21:49:30 | INFO     | __main__:1588 -      #48 RBLBANK      score= 74.0  engines=MOM                          sector=bank                 rank=8
21:49:30 | INFO     | __main__:1588 -      #49 NHPC         score= 74.0  engines=SEC                          sector=power & utilities    rank=2
21:49:30 | INFO     | __main__:1588 -      #50 INDUSTOWER   score= 73.0  engines=RVS                          sector=telecom              rank=5
21:49:30 | INFO     | __main__:1588 -      #51 TIINDIA      score= 72.0  engines=SEC                          sector=industrials          rank=3
21:49:30 | INFO     | __main__:1588 -      #52 IPCALAB      score= 69.0  engines=MOM                          sector=healthcare           rank=6
21:49:30 | INFO     | __main__:1588 -      #53 GLENMARK     score= 69.0  engines=MOM                          sector=healthcare           rank=6
21:49:30 | INFO     | __main__:1588 -      #54 GESHIP       score= 68.0  engines=MOM                          sector=transportation       rank=7
21:49:30 | INFO     | __main__:1588 -      #55 HAL          score= 67.0  engines=SEC                          sector=aerospace & defence  rank=4
21:49:30 | INFO     | __main__:1588 -      #56 TIMKEN       score= 67.0  engines=RVS                          sector=industrials          rank=3
21:49:30 | INFO     | __main__:1588 -      #57 AXISBANK     score= 65.0  engines=RVS                          sector=bank                 rank=8
21:49:30 | INFO     | __main__:1588 -      #58 USHAMART     score= 65.0  engines=SEC                          sector=metals & mining      rank=1
21:49:30 | INFO     | __main__:1588 -      #59 RELIANCE     score= 64.0  engines=IAD                          sector=energy               rank=10
21:49:30 | INFO     | __main__:1588 -      #60 VTL          score= 63.0  engines=MOM                          sector=textiles             rank=9
21:49:30 | INFO     | __main__:1588 -      #61 APLAPOLLO    score= 62.0  engines=RVS                          sector=industrials          rank=3
21:49:30 | INFO     | __main__:1588 -      #62 TARIL        score= 62.0  engines=SEC                          sector=industrials          rank=3
21:49:30 | INFO     | __main__:1588 -      #63 ACE          score= 62.0  engines=SEC                          sector=industrials          rank=3
21:49:30 | INFO     | __main__:1588 -      #64 BANDHANBNK   score= 59.0  engines=MOM                          sector=bank                 rank=8
21:49:30 | INFO     | __main__:1588 -      #65 RPOWER       score= 58.0  engines=SEC                          sector=power & utilities    rank=2
21:49:30 | INFO     | __main__:1588 -      #66 BDL          score= 57.0  engines=SEC                          sector=aerospace & defence  rank=4
21:49:30 | INFO     | __main__:1588 -      #67 ITI          score= 57.0  engines=SEC                          sector=aerospace & defence  rank=4
21:49:30 | INFO     | __main__:1588 -      #68 AADHARHFC    score= 55.0  engines=IAD                          sector=financials           rank=12
21:49:30 | INFO     | __main__:1588 -      #69 RKFORGE      score= 55.0  engines=SEC                          sector=industrials          rank=3
21:49:30 | INFO     | __main__:1588 -      #70 JAINREC      score= 55.0  engines=SEC                          sector=metals & mining      rank=1
21:49:30 | INFO     | __main__:1588 -      #71 WAAREEENER   score= 54.0  engines=CTL                          sector=industrials          rank=3
21:49:30 | INFO     | __main__:1604 -   Multi-engine confirmed: 24/71
21:49:30 | INFO     | __main__:1605 -   Sector distribution: {'power & utilities': 8, 'metals & mining': 14, 'industrials': 23, 'aerospace & defence': 5, 'energy': 3, 'bank': 7, 'healthcare': 5, 'transportation': 3, 'telecom': 1, 'textiles': 1, 'financials': 1}
21:49:30 | INFO     | __main__:1606 -   Engine hits: {'CTL': 21, 'MOM': 37, 'SEC': 36, 'RVS': 8, 'TPO': 1, 'VBD': 1, 'IAD': 3}
21:49:30 | INFO     | __main__:1609 - Pass 4: writing (shadow mode)...
21:49:30 | SUCCESS  | __main__:1169 - ✓ 71 symbols → msl_computed
21:49:31 | INFO     | __main__:1241 -   EAP revival: no penalized stocks found yesterday — skipping
21:49:31 | INFO     | __main__:1336 -   Outcomes: no msl_computed data for 2026-04-24 — skipping 5d
21:49:31 | INFO     | __main__:1336 -   Outcomes: no msl_computed data for 2026-04-19 — skipping 10d
21:49:31 | INFO     | __main__:1336 -   Outcomes: no msl_computed data for 2026-04-14 — skipping 15d
21:49:31 | INFO     | __main__:1365 -   Outcomes: nothing to log (no past data aligns with today)
21:51:44 | INFO     | config:187 - TradeOS v6 config loaded | Capital=₹200,000 | DRY_RUN=False | Phase=2
21:51:44 | INFO     | __main__:2415 - ======================================================================
21:51:44 | INFO     | __main__:2416 - STEP [14]: Compute MSL v3.0 | 2026-04-29 | mode=FULL
21:51:44 | INFO     | __main__:2420 - ======================================================================
21:51:44 | INFO     | __main__:2422 - Pass 1: loading data (9 bulk queries)...
21:51:45 | INFO     | __main__:307 -   Source table: master_shortlist (71 symbols)
21:51:46 | INFO     | __main__:635 -   Loaded: 71 symbols | 71 stock_data | 345 history | 24 sectors | regime=NEUTRAL | 0 open positions | blocked=0 | FII=SELLING | news B:2/b:43
21:51:46 | INFO     | __main__:2444 - Pass 2: computing all fields...
21:51:46 | INFO     | __main__:2131 -   Regime context: NEUTRAL | RSI extended @72 | regime_boost=+0 | macro_boost=-1.0 | VIX=17.4375 | breadth=45% | FII=SELLING | GIFT=+1.12%
21:51:46 | INFO     | __main__:2316 -   Computed: 71 | skipped: 0
21:51:46 | INFO     | __main__:2454 -   Results: 71 symbols
21:51:46 | INFO     | __main__:2455 -   Avg final_score:         53.4
21:51:46 | INFO     | __main__:2456 -   Avg momentum_score:      70.3
21:51:46 | INFO     | __main__:2457 -   Avg institutional_score: 33.0
21:51:46 | INFO     | __main__:2458 -   Avg breakout_readiness:  26.4
21:51:46 | INFO     | __main__:2459 -   Avg risk_score:          21.3
21:51:46 | INFO     | __main__:2460 -   Avg holding_score:       75.3
21:51:46 | INFO     | __main__:2461 -   Avg MA alignment:        4.9/6
21:51:46 | INFO     | __main__:2463 -   Momentum state:   {'HOT': 45, 'BUILDING': 20, 'STABLE': 2, 'WEAK': 4}
21:51:46 | INFO     | __main__:2464 -   Momentum phase:   {'EXHAUSTED': 4, 'EXTENDED': 19, 'EXPANSION': 37, 'FLAT': 9, 'EARLY': 2}
21:51:46 | INFO     | __main__:2465 -   Trend maturity:   {'EXHAUSTED': 5, 'LATE': 30, 'DEVELOPING': 21, 'FRESH': 8, 'FLAT': 7}
21:51:46 | INFO     | __main__:2466 -   Lifecycle:        {'HOLD': 60, 'EXIT': 6, 'ADD': 5}
21:51:46 | INFO     | __main__:2467 -   Entry timing:     {'EXTENDED': 16, 'REENTRY': 45, 'CHASING': 6, 'APPROACHING': 2, 'OPTIMAL': 2}
21:51:46 | INFO     | __main__:2468 -   Weekly structure: {'STRONG': 45, 'WEAK': 11, 'CAUTION': 10, 'CONSOLIDATING': 5}
21:51:46 | INFO     | __main__:2469 -   BB context:       {'RIDING_UPPER': 24, 'UPPER_HALF': 36, 'MIDDLE': 9, 'LOWER_HALF': 2}
21:51:46 | INFO     | __main__:2470 -   VWAP alignment:   {'ABOVE_ALL_EXTENDED': 6, 'ABOVE_20D': 42, 'MIXED': 9, 'ABOVE_ALL': 11, 'BELOW_ALL': 2, 'ABOVE_TODAY_ONLY': 1}
21:51:46 | INFO     | __main__:2471 -   Volume trend:     {'EXPANDING': 22, 'CONTRACTING': 15, 'STABLE': 32, 'DECLINING': 2}
21:51:46 | INFO     | __main__:2472 -   Fund quality:     {'STABLE': 69, 'LOSS_MAKING': 2}
21:51:46 | INFO     | __main__:2482 -   Score distribution: {'≥70': 1, '55-70': 35, '40-55': 29, '<40': 6}
21:51:46 | WARNING  | __main__:2484 -   ⚠ Less than 2 stocks scoring ≥70 — regime/data issue or regime is RISK OFF?
21:51:46 | INFO     | __main__:2488 -   Top 6 by final_score:
21:51:46 | INFO     | __main__:2492 -     TORNTPOWER   final= 70.1  hold= 86.8  mom=HOT      phase=EXTENDED   MA=6/6  BB=UPPER_HALF           risk=23.0  struct=YES
21:51:46 | INFO     | __main__:2492 -     CUMMINSIND   final= 66.8  hold= 87.7  mom=HOT      phase=EXPANSION  MA=6/6  BB=UPPER_HALF           risk=18.0  struct=YES
21:51:46 | INFO     | __main__:2492 -     APARINDS     final= 66.1  hold= 84.1  mom=HOT      phase=EXTENDED   MA=6/6  BB=RIDING_UPPER         risk=38.0  struct=YES
21:51:46 | INFO     | __main__:2492 -     NTPC         final= 65.5  hold= 82.4  mom=HOT      phase=EXPANSION  MA=5/6  BB=UPPER_HALF           risk= 7.0  struct=YES
21:51:46 | INFO     | __main__:2492 -     NLCINDIA     final= 65.2  hold= 85.7  mom=HOT      phase=EXTENDED   MA=6/6  BB=RIDING_UPPER         risk=29.0  struct=YES
21:51:46 | INFO     | __main__:2492 -     SIEMENS      final= 64.7  hold= 79.2  mom=HOT      phase=EXTENDED   MA=6/6  BB=UPPER_HALF           risk=25.0  struct=YES
21:51:46 | INFO     | __main__:2519 -   🌱 FRESH trend + struct_edge: ['IPCALAB', 'SARDAEN', 'AIAENG', 'INDUSINDBK']
21:51:46 | INFO     | __main__:2568 -   Sheet vs computed divergences (71), top 40 by rank:
21:51:46 | INFO     | __main__:2570 -     #1 NTPC: mom None→HOT  score 130→65.5
21:51:46 | INFO     | __main__:2570 -     #2 JINDALSTEL: mom None→BUILDING  score 128→47.6
21:51:46 | INFO     | __main__:2570 -     #3 CUMMINSIND: mom None→HOT  score 124→66.8
21:51:46 | INFO     | __main__:2570 -     #4 NATIONALUM: mom None→HOT  score 118→61.5
21:51:46 | INFO     | __main__:2570 -     #5 TORNTPOWER: mom None→HOT  score 116→70.1
21:51:46 | INFO     | __main__:2570 -     #6 NMDC: mom None→HOT  score 116→62.6
21:51:46 | INFO     | __main__:2570 -     #7 BHARATFORG: mom None→HOT  score 114→59.1
21:51:46 | INFO     | __main__:2570 -     #8 SARDAEN: mom None→BUILDING  score 114→60.1
21:51:46 | INFO     | __main__:2570 -     #9 SIEMENS: mom None→HOT  score 111→64.7
21:51:46 | INFO     | __main__:2570 -     #10 LLOYDSME: mom None→HOT  score 111→57.7
21:51:46 | INFO     | __main__:2570 -     #11 SOLARINDS: mom None→HOT  score 110→62.8
21:51:46 | INFO     | __main__:2570 -     #12 SCHAEFFLER: mom None→HOT  score 109→60.4
21:51:46 | INFO     | __main__:2570 -     #13 TATASTEEL: mom None→HOT  score 107→63.1
21:51:46 | INFO     | __main__:2570 -     #14 WELCORP: mom None→HOT  score 107→44.7
21:51:46 | INFO     | __main__:2570 -     #15 CGPOWER: mom None→HOT  score 106→64.6
21:51:46 | INFO     | __main__:2570 -     #16 KEI: mom None→HOT  score 105→58.9
21:51:46 | INFO     | __main__:2570 -     #17 GPIL: mom None→BUILDING  score 105→59.0
21:51:46 | INFO     | __main__:2570 -     #18 VEDL: mom None→BUILDING  score 104→59.0
21:51:46 | INFO     | __main__:2570 -     #19 JINDALSAW: mom None→HOT  score 104→53.7
21:51:46 | INFO     | __main__:2570 -     #20 POLYCAB: mom None→HOT  score 98→55.7
21:51:46 | INFO     | __main__:2570 -     #21 AIAENG: mom None→BUILDING  score 97→52.8
21:51:46 | INFO     | __main__:2570 -     #22 KIRLOSENG: mom None→HOT  score 96→58.0
21:51:46 | INFO     | __main__:2570 -     #23 ADANIPOWER: mom None→HOT  score 95→53.7
21:51:46 | INFO     | __main__:2570 -     #24 GMDCLTD: mom None→HOT  score 95→57.9
21:51:46 | INFO     | __main__:2570 -     #25 ELGIEQUIP: mom None→HOT  score 93→62.6
21:51:46 | INFO     | __main__:2570 -     #26 NLCINDIA: mom None→HOT  score 93→65.2
21:51:46 | INFO     | __main__:2570 -     #27 APARINDS: mom None→HOT  score 92→66.1
21:51:46 | INFO     | __main__:2570 -     #28 ONGC: mom None→HOT  score 90→57.8
21:51:46 | INFO     | __main__:2570 -     #29 SCHNEIDER: mom None→HOT  score 90→53.1
21:51:46 | INFO     | __main__:2570 -     #30 OIL: mom None→HOT  score 89→50.7
21:51:46 | INFO     | __main__:2570 -     #31 FINCABLES: mom None→HOT  score 89→62.0
21:51:46 | INFO     | __main__:2570 -     #32 FEDERALBNK: mom None→HOT  score 88→38.8
21:51:46 | INFO     | __main__:2570 -     #33 DATAPATTNS: mom None→HOT  score 87→58.2
21:51:46 | INFO     | __main__:2570 -     #34 SHYAMMETL: mom None→BUILDING  score 85→56.4
21:51:46 | INFO     | __main__:2570 -     #35 CUB: mom None→HOT  score 84→49.4
21:51:46 | INFO     | __main__:2570 -     #36 ASTERDM: mom None→HOT  score 83→63.0
21:51:46 | INFO     | __main__:2570 -     #37 CANBK: mom None→STABLE  score 82→22.3
21:51:46 | INFO     | __main__:2570 -     #38 AJANTPHARM: mom None→WEAK  score 82→26.8
21:51:46 | INFO     | __main__:2570 -     #39 POWERINDIA: mom None→HOT  score 82→50.2
21:51:46 | INFO     | __main__:2570 -     #40 ADANIPORTS: mom None→HOT  score 80→62.1
21:51:46 | INFO     | __main__:2586 - Pass 3: writing results...
21:51:46 | SUCCESS  | __main__:2396 - ✓ full: 71 → master_shortlist
22:05:10 | INFO     | config:187 - TradeOS v6 config loaded | Capital=₹200,000 | DRY_RUN=False | Phase=2
22:05:10 | INFO     | __main__:826 - ============================================================
22:05:10 | INFO     | __main__:827 - STEP [15]: Generate Signals v3
22:05:10 | INFO     | __main__:828 - ============================================================
22:05:12 | INFO     | __main__:140 -   MSL rows loaded: 71 | compute_source breakdown: {'screen_stocks': 71}
22:05:12 | INFO     | __main__:835 - Signal breakdown:   {'WATCH': 41, 'REENTRY_SETUP': 7, 'BUY_CANDIDATE': 2}
22:05:12 | INFO     | __main__:836 - Subtype breakdown:  {'reentry_pullback': 7, 'in_zone': 2}
22:05:12 | INFO     | __main__:847 -   BUY CANDIDATES:  9 (PRIME: 0)
22:05:12 | INFO     | __main__:849 -   EXIT signals:    0
22:05:12 | INFO     | __main__:850 -   REDUCE signals:  0
22:05:12 | INFO     | __main__:851 -   REGIME WARNS:    0
22:05:12 | INFO     | __main__:855 -   WATCH signals (41) by filter reason:
22:05:12 | INFO     | __main__:858 -     far_above_extended: 24 — e.g. GLENMARK, TIINDIA, TORNTPOWER, NLCINDIA
22:05:12 | INFO     | __main__:858 -     extended_timing_no_reentry: 11 — e.g. USHAMART, HAL, APARINDS, NMDC
22:05:12 | INFO     | __main__:858 -     moderate_above_insufficient_momentum: 6 — e.g. CUMMINSIND, NHPC, SARDAEN, GPIL
22:05:12 | INFO     | __main__:871 -   Market context: VIX=17.4375 Nifty5d=-0.82 Breadth=44.71% FII20d=-52959.73
22:05:13 | INFO     | __main__:814 - ✓ 50 signals written to signal_log
22:10:13 | INFO     | config:187 - TradeOS v6 config loaded | Capital=₹200,000 | DRY_RUN=False | Phase=2
22:10:13 | INFO     | __main__:769 - ============================================================
22:10:13 | INFO     | __main__:770 - STEP 1: Google Sheets Ingestion
22:10:13 | INFO     | __main__:771 - ============================================================
22:10:13 | INFO     | __main__:706 - Ingesting strategy configs...
22:10:18 | INFO     | __main__:758 - ✓ STRATEGY_CONFIG: 4 strategies loaded
22:10:18 | INFO     | __main__:160 - Ingesting MASTER_SHORTLIST...
22:10:19 | INFO     | __main__:243 - ✓ MASTER_SHORTLIST: 32 rows upserted
22:10:19 | INFO     | __main__:250 - Removing 50 symbols no longer in MSL: {'GMDCLTD', 'ELGIEQUIP', 'VTL', 'AIAENG', 'NLCINDIA', 'BDL', 'JINDALSAW', 'WAAREEENER', 'CANBK', 'GESHIP', 'IPCALAB', 'TORNTPOWER', 'APLAPOLLO', 'TIINDIA', 'SHYAMMETL', 'AADHARHFC', 'RBLBANK', 'TARIL', 'SCHNEIDER', 'ADANIPORTS', 'INDUSINDBK', 'ACE', 'ASTERDM', 'ONGC', 'BANDHANBNK', 'ITI', 'POLYCAB', 'DATAPATTNS', 'GRAVITA', 'FINCABLES', 'CUB', 'OIL', 'RELIANCE', 'SUNPHARMA', 'SCHAEFFLER', 'AJANTPHARM', 'NTPCGREEN', 'INDUSTOWER', 'RPOWER', 'NSLNISP', 'NHPC', 'CESC', 'AXISBANK', 'APARINDS', 'FEDERALBNK', 'RKFORGE', 'SCI', 'TIMKEN', 'GLENMARK', 'HAL'}
22:10:19 | INFO     | __main__:263 - Ingesting OPEN_POSITIONS...
22:10:20 | INFO     | __main__:322 - No rows to upsert
22:10:20 | INFO     | __main__:373 - No removed symbols to reconcile
22:10:20 | INFO     | __main__:397 - Ingesting CLOSED_POSITIONS...
22:10:25 | INFO     | __main__:444 - ✓ CLOSED_POSITIONS: 69 rows upserted
22:10:25 | INFO     | __main__:449 - Ingesting SECTOR_STRENGTH...
22:10:27 | INFO     | __main__:480 - ✓ SECTOR_STRENGTH: 24 sectors upserted
22:10:27 | INFO     | __main__:484 - Ingesting INDUSTRY_STRENGTH...
22:10:27 | INFO     | __main__:516 - ✓ INDUSTRY_STRENGTH: 22 industries upserted
22:10:27 | INFO     | __main__:568 - Ingesting EVENT_CALENDAR...
22:10:28 | INFO     | __main__:602 - ✓ EVENT_CALENDAR: 53 events upserted
22:10:28 | INFO     | __main__:607 - Ingesting LESSONS_LEARNED...
22:10:28 | INFO     | __main__:650 - ✓ LESSONS_LEARNED: 0 new lessons added
22:10:28 | INFO     | __main__:655 - Ingesting NSE_HOLIDAYS...
22:10:29 | INFO     | __main__:670 - ✓ NSE_HOLIDAYS: 25 holidays
22:10:29 | INFO     | __main__:675 - Ingesting NIFTY_TOTAL_MARKET...
22:10:30 | ERROR    | __main__:794 - ✗ nifty_market failed: {'code': '21000', 'details': None, 'hint': 'Ensure that no rows proposed for insertion within the same command have duplicate constrained values.', 'message': 'ON CONFLICT DO UPDATE command cannot affect row a second time'}
22:10:30 | INFO     | __main__:798 - 
✓ Ingestion complete: 229 total rows across 10 tables
22:12:33 | INFO     | config:187 - TradeOS v6 config loaded | Capital=₹200,000 | DRY_RUN=False | Phase=2
22:12:33 | INFO     | __main__:734 - ============================================================
22:12:33 | INFO     | __main__:735 - STEP 1: Google Sheets Ingestion
22:12:33 | INFO     | __main__:736 - ============================================================
22:12:33 | INFO     | __main__:671 - Ingesting strategy configs...
22:12:37 | INFO     | __main__:723 - ✓ STRATEGY_CONFIG: 4 strategies loaded
22:12:37 | INFO     | __main__:155 - Ingesting MASTER_SHORTLIST...
22:12:38 | INFO     | __main__:238 - ✓ MASTER_SHORTLIST: 32 rows upserted
22:12:38 | INFO     | __main__:251 - No removed MSL symbols to reconcile
22:12:38 | INFO     | __main__:258 - Ingesting OPEN_POSITIONS...
22:12:38 | INFO     | __main__:317 - No rows to upsert
22:12:38 | INFO     | __main__:368 - No removed symbols to reconcile
22:12:38 | INFO     | __main__:392 - Ingesting CLOSED_POSITIONS...
22:12:44 | INFO     | __main__:439 - ✓ CLOSED_POSITIONS: 69 rows upserted
22:12:44 | INFO     | __main__:444 - Ingesting SECTOR_STRENGTH...
22:12:44 | INFO     | __main__:475 - ✓ SECTOR_STRENGTH: 24 sectors upserted
22:12:44 | INFO     | __main__:479 - Ingesting INDUSTRY_STRENGTH...
22:12:45 | INFO     | __main__:511 - ✓ INDUSTRY_STRENGTH: 22 industries upserted
22:12:45 | INFO     | __main__:563 - Ingesting EVENT_CALENDAR...
22:12:45 | INFO     | __main__:597 - ✓ EVENT_CALENDAR: 53 events upserted
22:12:45 | INFO     | __main__:602 - Ingesting LESSONS_LEARNED...
22:12:46 | INFO     | __main__:645 - ✓ LESSONS_LEARNED: 0 new lessons added
22:12:46 | INFO     | __main__:650 - Ingesting NSE_HOLIDAYS...
22:12:47 | INFO     | __main__:665 - ✓ NSE_HOLIDAYS: 25 holidays
22:12:47 | INFO     | __main__:762 - 
✓ Ingestion complete: 229 total rows across 9 tables
22:17:08 | INFO     | config:187 - TradeOS v6 config loaded | Capital=₹200,000 | DRY_RUN=False | Phase=2
22:17:08 | INFO     | __main__:1497 - =================================================================
22:17:08 | INFO     | __main__:1498 - STEP: Screen Stocks v1.1 | 2026-04-29 | mode=FULL
22:17:08 | INFO     | __main__:1500 - =================================================================
22:17:08 | INFO     | __main__:1502 - Pass 1: loading data...
22:17:09 | INFO     | __main__:174 -   Loaded: 1000 stocks | 24 sectors | regime=NEUTRAL | asm=321 | fii=CAUTION | forced=0
22:17:09 | INFO     | __main__:1534 - Pass 2: running engines (regime=NEUTRAL)...
22:17:09 | INFO     | __main__:304 -   CTL: 22 candidates
22:17:09 | INFO     | __main__:385 -   SBS: 0 candidates
22:17:09 | INFO     | __main__:465 -   TPO: 1 candidates
22:17:09 | INFO     | __main__:542 -   VBD: 1 candidates
22:17:09 | INFO     | __main__:607 -   IAD: 3 candidates
22:17:09 | INFO     | __main__:661 -   RSB: 0 candidates
22:17:09 | INFO     | __main__:764 -   MOM: 39 candidates
22:17:09 | INFO     | __main__:879 -   RVS: 8 candidates
22:17:09 | INFO     | __main__:955 -   SEC: 40 candidates
22:17:09 | INFO     | __main__:1563 -   Engine totals: CTL=22 SBS=0 TPO=1 VBD=1 IAD=3 RSB=0 MOM=39 RVS=8 SEC=40 | Total unique=75
22:17:09 | INFO     | __main__:1571 - Pass 3: aggregating and ranking...
22:17:09 | INFO     | __main__:1002 -   Regime weights (NEUTRAL):  (all 1.0x)
22:17:09 | INFO     | __main__:1113 -   Aggregated: 75 total unique | 71 after hard filters | 71 final
22:17:09 | INFO     | __main__:1585 - 
  ═══ TOP 71 SCREENED SYMBOLS (NEUTRAL) ═══
22:17:09 | INFO     | __main__:1588 -      # 1 NTPC         score=130.0  engines=CTL,MOM,SEC                  sector=power & utilities    rank=2
22:17:09 | INFO     | __main__:1588 -      # 2 JINDALSTEL   score=127.7  engines=CTL,RVS,SEC,TPO              sector=metals & mining      rank=1
22:17:09 | INFO     | __main__:1588 -      # 3 CUMMINSIND   score=124.1  engines=CTL,MOM,SEC                  sector=industrials          rank=3
22:17:09 | INFO     | __main__:1588 -      # 4 NATIONALUM   score=118.2  engines=CTL,MOM,SEC                  sector=metals & mining      rank=1
22:17:09 | INFO     | __main__:1588 -      # 5 TORNTPOWER   score=116.4  engines=MOM,SEC                      sector=power & utilities    rank=2
22:17:09 | INFO     | __main__:1588 -      # 6 NMDC         score=115.6  engines=CTL,MOM,SEC                  sector=metals & mining      rank=1
22:17:09 | INFO     | __main__:1588 -      # 7 BHARATFORG   score=114.3  engines=CTL,MOM,SEC                  sector=industrials          rank=3
22:17:09 | INFO     | __main__:1588 -      # 8 SARDAEN      score=113.9  engines=CTL,MOM,SEC                  sector=metals & mining      rank=1
22:17:09 | INFO     | __main__:1588 -      # 9 SIEMENS      score=111.0  engines=CTL,MOM                      sector=industrials          rank=3
22:17:09 | INFO     | __main__:1588 -      #10 LLOYDSME     score=111.0  engines=CTL                          sector=metals & mining      rank=1
22:17:09 | INFO     | __main__:1588 -      #11 SOLARINDS    score=109.6  engines=CTL,MOM,SEC                  sector=aerospace & defence  rank=4
22:17:09 | INFO     | __main__:1588 -      #12 SCHAEFFLER   score=109.3  engines=MOM,SEC                      sector=industrials          rank=3
22:17:09 | INFO     | __main__:1588 -      #13 TATASTEEL    score=107.4  engines=CTL,SEC                      sector=metals & mining      rank=1
22:17:09 | INFO     | __main__:1588 -      #14 WELCORP      score=107.0  engines=CTL                          sector=industrials          rank=3
22:17:09 | INFO     | __main__:1588 -      #15 CGPOWER      score=106.1  engines=CTL,MOM,SEC                  sector=industrials          rank=3
22:17:09 | INFO     | __main__:1588 -      #16 KEI          score=105.2  engines=CTL,MOM                      sector=industrials          rank=3
22:17:09 | INFO     | __main__:1588 -      #17 GPIL         score=105.1  engines=CTL,SEC                      sector=metals & mining      rank=1
22:17:09 | INFO     | __main__:1588 -      #18 VEDL         score=104.3  engines=CTL,SEC,VBD                  sector=metals & mining      rank=1
22:17:09 | INFO     | __main__:1588 -      #19 JINDALSAW    score=104.1  engines=MOM,SEC                      sector=industrials          rank=3
22:17:09 | INFO     | __main__:1588 -      #20 POLYCAB      score= 98.0  engines=MOM,SEC                      sector=industrials          rank=3
22:17:09 | INFO     | __main__:1588 -      #21 AIAENG       score= 96.7  engines=MOM,SEC                      sector=industrials          rank=3
22:17:09 | INFO     | __main__:1588 -      #22 KIRLOSENG    score= 95.6  engines=CTL,MOM,SEC                  sector=industrials          rank=3
22:17:09 | INFO     | __main__:1588 -      #23 ADANIPOWER   score= 95.0  engines=CTL                          sector=power & utilities    rank=2
22:17:09 | INFO     | __main__:1588 -      #24 GMDCLTD      score= 94.9  engines=MOM,SEC                      sector=metals & mining      rank=1
22:17:09 | INFO     | __main__:1588 -      #25 ELGIEQUIP    score= 93.1  engines=MOM,SEC                      sector=industrials          rank=3
22:17:09 | INFO     | __main__:1588 -      #26 NLCINDIA     score= 93.0  engines=MOM                          sector=power & utilities    rank=2
22:17:09 | INFO     | __main__:1588 -      #27 APARINDS     score= 92.3  engines=MOM,SEC                      sector=industrials          rank=3
22:17:09 | INFO     | __main__:1588 -      #28 ONGC         score= 90.0  engines=MOM                          sector=energy               rank=10
22:17:09 | INFO     | __main__:1588 -      #29 SCHNEIDER    score= 90.0  engines=MOM                          sector=industrials          rank=3
22:17:09 | INFO     | __main__:1588 -      #30 OIL          score= 89.0  engines=MOM                          sector=energy               rank=10
22:17:09 | INFO     | __main__:1588 -      #31 FINCABLES    score= 89.0  engines=MOM                          sector=industrials          rank=3
22:17:09 | INFO     | __main__:1588 -      #32 FEDERALBNK   score= 88.0  engines=RVS                          sector=bank                 rank=8
22:17:09 | INFO     | __main__:1588 -      #33 DATAPATTNS   score= 87.0  engines=MOM                          sector=aerospace & defence  rank=4
22:17:09 | INFO     | __main__:1588 -      #34 SHYAMMETL    score= 85.0  engines=SEC                          sector=metals & mining      rank=1
22:17:09 | INFO     | __main__:1588 -      #35 CUB          score= 84.0  engines=MOM                          sector=bank                 rank=8
22:17:09 | INFO     | __main__:1588 -      #36 ASTERDM      score= 83.0  engines=MOM                          sector=healthcare           rank=6
22:17:09 | INFO     | __main__:1588 -      #37 CANBK        score= 82.0  engines=RVS                          sector=bank                 rank=8
22:17:09 | INFO     | __main__:1588 -      #38 AJANTPHARM   score= 82.0  engines=RVS                          sector=healthcare           rank=6
22:17:09 | INFO     | __main__:1588 -      #39 POWERINDIA   score= 82.0  engines=CTL                          sector=industrials          rank=3
22:17:09 | INFO     | __main__:1588 -      #40 ADANIPORTS   score= 80.0  engines=MOM                          sector=transportation       rank=7
22:17:09 | INFO     | __main__:1588 -      #41 INDUSINDBK   score= 79.0  engines=MOM                          sector=bank                 rank=8
22:17:09 | INFO     | __main__:1588 -      #42 NTPCGREEN    score= 78.0  engines=SEC                          sector=power & utilities    rank=2
22:17:09 | INFO     | __main__:1588 -      #43 GRAVITA      score= 77.0  engines=SEC                          sector=metals & mining      rank=1
22:17:09 | INFO     | __main__:1588 -      #44 NSLNISP      score= 77.0  engines=SEC                          sector=metals & mining      rank=1
22:17:09 | INFO     | __main__:1588 -      #45 SCI          score= 76.0  engines=MOM                          sector=transportation       rank=7
22:17:09 | INFO     | __main__:1588 -      #46 CESC         score= 75.0  engines=CTL                          sector=power & utilities    rank=2
22:17:09 | INFO     | __main__:1588 -      #47 SUNPHARMA    score= 74.3  engines=IAD,MOM                      sector=healthcare           rank=6
22:17:09 | INFO     | __main__:1588 -      #48 RBLBANK      score= 74.0  engines=MOM                          sector=bank                 rank=8
22:17:09 | INFO     | __main__:1588 -      #49 NHPC         score= 74.0  engines=SEC                          sector=power & utilities    rank=2
22:17:09 | INFO     | __main__:1588 -      #50 INDUSTOWER   score= 73.0  engines=RVS                          sector=telecom              rank=5
22:17:09 | INFO     | __main__:1588 -      #51 TIINDIA      score= 72.0  engines=SEC                          sector=industrials          rank=3
22:17:09 | INFO     | __main__:1588 -      #52 IPCALAB      score= 69.0  engines=MOM                          sector=healthcare           rank=6
22:17:09 | INFO     | __main__:1588 -      #53 GLENMARK     score= 69.0  engines=MOM                          sector=healthcare           rank=6
22:17:09 | INFO     | __main__:1588 -      #54 GESHIP       score= 68.0  engines=MOM                          sector=transportation       rank=7
22:17:09 | INFO     | __main__:1588 -      #55 HAL          score= 67.0  engines=SEC                          sector=aerospace & defence  rank=4
22:17:09 | INFO     | __main__:1588 -      #56 TIMKEN       score= 67.0  engines=RVS                          sector=industrials          rank=3
22:17:09 | INFO     | __main__:1588 -      #57 AXISBANK     score= 65.0  engines=RVS                          sector=bank                 rank=8
22:17:09 | INFO     | __main__:1588 -      #58 USHAMART     score= 65.0  engines=SEC                          sector=metals & mining      rank=1
22:17:09 | INFO     | __main__:1588 -      #59 RELIANCE     score= 64.0  engines=IAD                          sector=energy               rank=10
22:17:09 | INFO     | __main__:1588 -      #60 VTL          score= 63.0  engines=MOM                          sector=textiles             rank=9
22:17:09 | INFO     | __main__:1588 -      #61 APLAPOLLO    score= 62.0  engines=RVS                          sector=industrials          rank=3
22:17:09 | INFO     | __main__:1588 -      #62 TARIL        score= 62.0  engines=SEC                          sector=industrials          rank=3
22:17:09 | INFO     | __main__:1588 -      #63 ACE          score= 62.0  engines=SEC                          sector=industrials          rank=3
22:17:09 | INFO     | __main__:1588 -      #64 BANDHANBNK   score= 59.0  engines=MOM                          sector=bank                 rank=8
22:17:09 | INFO     | __main__:1588 -      #65 RPOWER       score= 58.0  engines=SEC                          sector=power & utilities    rank=2
22:17:09 | INFO     | __main__:1588 -      #66 BDL          score= 57.0  engines=SEC                          sector=aerospace & defence  rank=4
22:17:09 | INFO     | __main__:1588 -      #67 ITI          score= 57.0  engines=SEC                          sector=aerospace & defence  rank=4
22:17:09 | INFO     | __main__:1588 -      #68 AADHARHFC    score= 55.0  engines=IAD                          sector=financials           rank=12
22:17:09 | INFO     | __main__:1588 -      #69 RKFORGE      score= 55.0  engines=SEC                          sector=industrials          rank=3
22:17:09 | INFO     | __main__:1588 -      #70 JAINREC      score= 55.0  engines=SEC                          sector=metals & mining      rank=1
22:17:09 | INFO     | __main__:1588 -      #71 WAAREEENER   score= 54.0  engines=CTL                          sector=industrials          rank=3
22:17:09 | INFO     | __main__:1604 -   Multi-engine confirmed: 24/71
22:17:09 | INFO     | __main__:1605 -   Sector distribution: {'power & utilities': 8, 'metals & mining': 14, 'industrials': 23, 'aerospace & defence': 5, 'energy': 3, 'bank': 7, 'healthcare': 5, 'transportation': 3, 'telecom': 1, 'textiles': 1, 'financials': 1}
22:17:09 | INFO     | __main__:1606 -   Engine hits: {'CTL': 21, 'MOM': 37, 'SEC': 36, 'RVS': 8, 'TPO': 1, 'VBD': 1, 'IAD': 3}
22:17:09 | INFO     | __main__:1609 - Pass 4: writing (full mode)...
22:17:10 | INFO     | __main__:1214 -   Removed 11 stale symbols from master_shortlist
22:17:10 | SUCCESS  | __main__:1216 - ✓ 71 symbols → master_shortlist
22:17:10 | INFO     | __main__:1429 - Checking master_shortlist completeness...
22:17:10 | INFO     | __main__:1458 - ======================================================================
22:17:10 | INFO     | __main__:1459 - MASTER_SHORTLIST COMPLETENESS REPORT
22:17:10 | INFO     | __main__:1460 - ======================================================================
22:17:10 | WARNING  | __main__:1464 - active_regime             NULL in 50/71 rows (70.4%)
22:17:10 | WARNING  | __main__:1464 - ai_conviction             NULL in 71/71 rows (100.0%)
22:17:10 | WARNING  | __main__:1464 - ai_conviction_reason      NULL in 71/71 rows (100.0%)
22:17:10 | WARNING  | __main__:1464 - ai_fallback_used          NULL in 71/71 rows (100.0%)
22:17:10 | WARNING  | __main__:1464 - ai_note                   NULL in 71/71 rows (100.0%)
22:17:10 | WARNING  | __main__:1464 - ai_provider               NULL in 71/71 rows (100.0%)
22:17:10 | WARNING  | __main__:1464 - ai_risks                  NULL in 71/71 rows (100.0%)
22:17:10 | WARNING  | __main__:1464 - ai_shortlist_rank         NULL in 71/71 rows (100.0%)
22:17:10 | WARNING  | __main__:1464 - ai_shortlist_reason       NULL in 71/71 rows (100.0%)
22:17:10 | WARNING  | __main__:1464 - ai_suggested_action       NULL in 71/71 rows (100.0%)
22:17:10 | WARNING  | __main__:1464 - bb_context                NULL in 50/71 rows (70.4%)
22:17:10 | WARNING  | __main__:1464 - bb_position_pct           NULL in 50/71 rows (70.4%)
22:17:10 | WARNING  | __main__:1464 - bb_squeeze                NULL in 50/71 rows (70.4%)
22:17:10 | WARNING  | __main__:1464 - bb_width_pct              NULL in 50/71 rows (70.4%)
22:17:10 | WARNING  | __main__:1464 - breakout_readiness        NULL in 50/71 rows (70.4%)
22:17:10 | WARNING  | __main__:1464 - company_name              NULL in 19/71 rows (26.8%)
22:17:10 | WARNING  | __main__:1464 - days_in_list              NULL in 51/71 rows (71.8%)
22:17:10 | WARNING  | __main__:1464 - days_to_trigger_est       NULL in 50/71 rows (70.4%)
22:17:10 | WARNING  | __main__:1464 - dist_entry_pct            NULL in 50/71 rows (70.4%)
22:17:10 | WARNING  | __main__:1464 - dist_fv_pct               NULL in 50/71 rows (70.4%)
22:17:10 | WARNING  | __main__:1464 - dist_vwap_20d_pct         NULL in 50/71 rows (70.4%)
22:17:10 | WARNING  | __main__:1464 - eap_revival               NULL in 71/71 rows (100.0%)
22:17:10 | WARNING  | __main__:1464 - entry_action              NULL in 50/71 rows (70.4%)
22:17:10 | WARNING  | __main__:1464 - entry_mode                NULL in 50/71 rows (70.4%)
22:17:10 | WARNING  | __main__:1464 - entry_ready               NULL in 51/71 rows (71.8%)
22:17:10 | WARNING  | __main__:1464 - entry_timing_type         NULL in 50/71 rows (70.4%)
22:17:10 | WARNING  | __main__:1464 - entry_zone_high           NULL in 50/71 rows (70.4%)
22:17:10 | WARNING  | __main__:1464 - entry_zone_low            NULL in 50/71 rows (70.4%)
22:17:10 | WARNING  | __main__:1464 - event_bias                NULL in 50/71 rows (70.4%)
22:17:10 | WARNING  | __main__:1464 - event_sectors             NULL in 51/71 rows (71.8%)
22:17:10 | WARNING  | __main__:1464 - exec_eligibility          NULL in 50/71 rows (70.4%)
22:17:10 | WARNING  | __main__:1464 - expected_r                NULL in 50/71 rows (70.4%)
22:17:10 | WARNING  | __main__:1464 - fii_flag                  NULL in 50/71 rows (70.4%)
22:17:10 | WARNING  | __main__:1464 - fundamental_quality       NULL in 50/71 rows (70.4%)
22:17:10 | WARNING  | __main__:1464 - fv_high                   NULL in 50/71 rows (70.4%)
22:17:10 | WARNING  | __main__:1464 - fv_low                    NULL in 50/71 rows (70.4%)
22:17:10 | WARNING  | __main__:1464 - ha_signal                 NULL in 50/71 rows (70.4%)
22:17:10 | WARNING  | __main__:1464 - holding_score             NULL in 50/71 rows (70.4%)
22:17:10 | WARNING  | __main__:1464 - institutional_score       NULL in 50/71 rows (70.4%)
22:17:10 | WARNING  | __main__:1464 - is_ipo                    NULL in 50/71 rows (70.4%)
22:17:10 | WARNING  | __main__:1464 - lifecycle                 NULL in 50/71 rows (70.4%)
22:17:10 | WARNING  | __main__:1464 - liquidity_quality         NULL in 50/71 rows (70.4%)
22:17:10 | WARNING  | __main__:1464 - low_liquidity             NULL in 50/71 rows (70.4%)
22:17:10 | WARNING  | __main__:1464 - ma_alignment_score        NULL in 50/71 rows (70.4%)
22:17:10 | WARNING  | __main__:1464 - ma_levels                 NULL in 71/71 rows (100.0%)
22:17:10 | WARNING  | __main__:1464 - macd_crossing_up          NULL in 50/71 rows (70.4%)
22:17:10 | WARNING  | __main__:1464 - macd_direction            NULL in 50/71 rows (70.4%)
22:17:10 | WARNING  | __main__:1464 - momentum_phase            NULL in 50/71 rows (70.4%)
22:17:10 | WARNING  | __main__:1464 - momentum_score            NULL in 50/71 rows (70.4%)
22:17:10 | WARNING  | __main__:1464 - momentum_state            NULL in 50/71 rows (70.4%)
22:17:10 | WARNING  | __main__:1464 - notes                     NULL in 71/71 rows (100.0%)
22:17:10 | WARNING  | __main__:1464 - opp_type                  NULL in 50/71 rows (70.4%)
22:17:10 | WARNING  | __main__:1464 - persistent_phase          NULL in 51/71 rows (71.8%)
22:17:10 | WARNING  | __main__:1464 - pos_type                  NULL in 50/71 rows (70.4%)
22:17:10 | WARNING  | __main__:1464 - price_location            NULL in 50/71 rows (70.4%)
22:17:10 | WARNING  | __main__:1464 - psar_dual_confirmed       NULL in 50/71 rows (70.4%)
22:17:10 | WARNING  | __main__:1464 - rank_vel_3d               NULL in 53/71 rows (74.6%)
22:17:10 | WARNING  | __main__:1464 - reentry_mode              NULL in 50/71 rows (70.4%)
22:17:10 | WARNING  | __main__:1464 - risk_score                NULL in 50/71 rows (70.4%)
22:17:10 | WARNING  | __main__:1464 - rsi_extended_thresh       NULL in 50/71 rows (70.4%)
22:17:10 | WARNING  | __main__:1464 - score_vel_5d              NULL in 53/71 rows (74.6%)
22:17:10 | WARNING  | __main__:1464 - st_cushion_pct            NULL in 50/71 rows (70.4%)
22:17:10 | WARNING  | __main__:1464 - stoch_context             NULL in 50/71 rows (70.4%)
22:17:10 | WARNING  | __main__:1464 - struct_edge               NULL in 50/71 rows (70.4%)
22:17:10 | WARNING  | __main__:1464 - suggested                 NULL in 50/71 rows (70.4%)
22:17:10 | WARNING  | __main__:1464 - trade_allowed             NULL in 50/71 rows (70.4%)
22:17:10 | WARNING  | __main__:1464 - trend_maturity            NULL in 50/71 rows (70.4%)
22:17:10 | WARNING  | __main__:1464 - upcoming_news             NULL in 71/71 rows (100.0%)
22:17:10 | WARNING  | __main__:1464 - validity_score            NULL in 51/71 rows (71.8%)
22:17:10 | WARNING  | __main__:1464 - velocity_state            NULL in 50/71 rows (70.4%)
22:17:10 | WARNING  | __main__:1464 - volume_trend              NULL in 50/71 rows (70.4%)
22:17:10 | WARNING  | __main__:1464 - vwap_alignment            NULL in 50/71 rows (70.4%)
22:17:10 | WARNING  | __main__:1464 - weekly_structure          NULL in 50/71 rows (70.4%)
22:17:10 | INFO     | __main__:1466 - ======================================================================
22:17:10 | ERROR    | __main__:1471 - Columns never populated by script:
22:17:10 | ERROR    | __main__:1473 -    -> ai_conviction
22:17:10 | ERROR    | __main__:1473 -    -> ai_conviction_reason
22:17:10 | ERROR    | __main__:1473 -    -> ai_fallback_used
22:17:10 | ERROR    | __main__:1473 -    -> ai_note
22:17:10 | ERROR    | __main__:1473 -    -> ai_provider
22:17:10 | ERROR    | __main__:1473 -    -> ai_risks
22:17:10 | ERROR    | __main__:1473 -    -> ai_shortlist_rank
22:17:10 | ERROR    | __main__:1473 -    -> ai_shortlist_reason
22:17:10 | ERROR    | __main__:1473 -    -> ai_suggested_action
22:17:10 | ERROR    | __main__:1473 -    -> eap_revival
22:17:10 | ERROR    | __main__:1473 -    -> ma_levels
22:17:10 | ERROR    | __main__:1473 -    -> notes
22:17:10 | ERROR    | __main__:1473 -    -> upcoming_news
22:17:10 | SUCCESS  | __main__:1475 - Completeness check finished.
22:17:10 | INFO     | __main__:1241 -   EAP revival: no penalized stocks found yesterday — skipping
22:17:10 | INFO     | __main__:1336 -   Outcomes: no msl_computed data for 2026-04-24 — skipping 5d
22:17:10 | INFO     | __main__:1336 -   Outcomes: no msl_computed data for 2026-04-19 — skipping 10d
22:17:10 | INFO     | __main__:1336 -   Outcomes: no msl_computed data for 2026-04-14 — skipping 15d
22:17:10 | INFO     | __main__:1365 -   Outcomes: nothing to log (no past data aligns with today)
22:24:41 | INFO     | config:187 - TradeOS v6 config loaded | Capital=₹200,000 | DRY_RUN=False | Phase=2
22:24:41 | INFO     | __main__:736 - ============================================================
22:24:41 | INFO     | __main__:737 - STEP 1: Google Sheets Ingestion
22:24:41 | INFO     | __main__:738 - ============================================================
22:24:41 | INFO     | __main__:673 - Ingesting strategy configs...
22:24:46 | INFO     | __main__:725 - ✓ STRATEGY_CONFIG: 4 strategies loaded
22:24:46 | INFO     | __main__:155 - Ingesting MASTER_SHORTLIST...
22:24:47 | INFO     | __main__:239 - ✓ MASTER_SHORTLIST: 32 rows upserted
22:24:47 | INFO     | __main__:253 - No removed MSL symbols to reconcile
22:24:47 | INFO     | __main__:260 - Ingesting OPEN_POSITIONS...
22:24:48 | INFO     | __main__:319 - No rows to upsert
22:24:48 | INFO     | __main__:370 - No removed symbols to reconcile
22:24:48 | INFO     | __main__:394 - Ingesting CLOSED_POSITIONS...
22:24:53 | INFO     | __main__:441 - ✓ CLOSED_POSITIONS: 69 rows upserted
22:24:53 | INFO     | __main__:446 - Ingesting SECTOR_STRENGTH...
22:24:54 | INFO     | __main__:477 - ✓ SECTOR_STRENGTH: 24 sectors upserted
22:24:54 | INFO     | __main__:481 - Ingesting INDUSTRY_STRENGTH...
22:24:54 | INFO     | __main__:513 - ✓ INDUSTRY_STRENGTH: 22 industries upserted
22:24:55 | INFO     | __main__:565 - Ingesting EVENT_CALENDAR...
22:24:55 | INFO     | __main__:599 - ✓ EVENT_CALENDAR: 53 events upserted
22:24:55 | INFO     | __main__:604 - Ingesting LESSONS_LEARNED...
22:24:56 | INFO     | __main__:647 - ✓ LESSONS_LEARNED: 0 new lessons added
22:24:56 | INFO     | __main__:652 - Ingesting NSE_HOLIDAYS...
22:24:56 | INFO     | __main__:667 - ✓ NSE_HOLIDAYS: 25 holidays
22:24:56 | INFO     | __main__:764 - 
✓ Ingestion complete: 229 total rows across 9 tables
22:26:45 | INFO     | config:187 - TradeOS v6 config loaded | Capital=₹200,000 | DRY_RUN=False | Phase=2
22:26:45 | INFO     | __main__:1499 - =================================================================
22:26:45 | INFO     | __main__:1500 - STEP: Screen Stocks v1.1 | 2026-04-29 | mode=FULL
22:26:45 | INFO     | __main__:1502 - =================================================================
22:26:45 | INFO     | __main__:1504 - Pass 1: loading data...
22:26:46 | INFO     | __main__:174 -   Loaded: 1000 stocks | 24 sectors | regime=NEUTRAL | asm=321 | fii=CAUTION | forced=0
22:26:46 | INFO     | __main__:1536 - Pass 2: running engines (regime=NEUTRAL)...
22:26:46 | INFO     | __main__:304 -   CTL: 22 candidates
22:26:46 | INFO     | __main__:385 -   SBS: 0 candidates
22:26:46 | INFO     | __main__:465 -   TPO: 1 candidates
22:26:46 | INFO     | __main__:542 -   VBD: 1 candidates
22:26:46 | INFO     | __main__:607 -   IAD: 3 candidates
22:26:46 | INFO     | __main__:661 -   RSB: 0 candidates
22:26:46 | INFO     | __main__:764 -   MOM: 39 candidates
22:26:46 | INFO     | __main__:879 -   RVS: 8 candidates
22:26:46 | INFO     | __main__:955 -   SEC: 40 candidates
22:26:46 | INFO     | __main__:1565 -   Engine totals: CTL=22 SBS=0 TPO=1 VBD=1 IAD=3 RSB=0 MOM=39 RVS=8 SEC=40 | Total unique=75
22:26:46 | INFO     | __main__:1573 - Pass 3: aggregating and ranking...
22:26:46 | INFO     | __main__:1002 -   Regime weights (NEUTRAL):  (all 1.0x)
22:26:46 | INFO     | __main__:1113 -   Aggregated: 75 total unique | 71 after hard filters | 71 final
22:26:46 | INFO     | __main__:1587 - 
  ═══ TOP 71 SCREENED SYMBOLS (NEUTRAL) ═══
22:26:46 | INFO     | __main__:1590 -      # 1 NTPC         score=130.0  engines=CTL,MOM,SEC                  sector=power & utilities    rank=2
22:26:46 | INFO     | __main__:1590 -      # 2 JINDALSTEL   score=127.7  engines=CTL,RVS,SEC,TPO              sector=metals & mining      rank=1
22:26:46 | INFO     | __main__:1590 -      # 3 CUMMINSIND   score=124.1  engines=CTL,MOM,SEC                  sector=industrials          rank=3
22:26:46 | INFO     | __main__:1590 -      # 4 NATIONALUM   score=118.2  engines=CTL,MOM,SEC                  sector=metals & mining      rank=1
22:26:46 | INFO     | __main__:1590 -      # 5 TORNTPOWER   score=116.4  engines=MOM,SEC                      sector=power & utilities    rank=2
22:26:46 | INFO     | __main__:1590 -      # 6 NMDC         score=115.6  engines=CTL,MOM,SEC                  sector=metals & mining      rank=1
22:26:46 | INFO     | __main__:1590 -      # 7 BHARATFORG   score=114.3  engines=CTL,MOM,SEC                  sector=industrials          rank=3
22:26:46 | INFO     | __main__:1590 -      # 8 SARDAEN      score=113.9  engines=CTL,MOM,SEC                  sector=metals & mining      rank=1
22:26:46 | INFO     | __main__:1590 -      # 9 SIEMENS      score=111.0  engines=CTL,MOM                      sector=industrials          rank=3
22:26:46 | INFO     | __main__:1590 -      #10 LLOYDSME     score=111.0  engines=CTL                          sector=metals & mining      rank=1
22:26:46 | INFO     | __main__:1590 -      #11 SOLARINDS    score=109.6  engines=CTL,MOM,SEC                  sector=aerospace & defence  rank=4
22:26:46 | INFO     | __main__:1590 -      #12 SCHAEFFLER   score=109.3  engines=MOM,SEC                      sector=industrials          rank=3
22:26:46 | INFO     | __main__:1590 -      #13 TATASTEEL    score=107.4  engines=CTL,SEC                      sector=metals & mining      rank=1
22:26:46 | INFO     | __main__:1590 -      #14 WELCORP      score=107.0  engines=CTL                          sector=industrials          rank=3
22:26:46 | INFO     | __main__:1590 -      #15 CGPOWER      score=106.1  engines=CTL,MOM,SEC                  sector=industrials          rank=3
22:26:46 | INFO     | __main__:1590 -      #16 KEI          score=105.2  engines=CTL,MOM                      sector=industrials          rank=3
22:26:46 | INFO     | __main__:1590 -      #17 GPIL         score=105.1  engines=CTL,SEC                      sector=metals & mining      rank=1
22:26:46 | INFO     | __main__:1590 -      #18 VEDL         score=104.3  engines=CTL,SEC,VBD                  sector=metals & mining      rank=1
22:26:46 | INFO     | __main__:1590 -      #19 JINDALSAW    score=104.1  engines=MOM,SEC                      sector=industrials          rank=3
22:26:46 | INFO     | __main__:1590 -      #20 POLYCAB      score= 98.0  engines=MOM,SEC                      sector=industrials          rank=3
22:26:46 | INFO     | __main__:1590 -      #21 AIAENG       score= 96.7  engines=MOM,SEC                      sector=industrials          rank=3
22:26:46 | INFO     | __main__:1590 -      #22 KIRLOSENG    score= 95.6  engines=CTL,MOM,SEC                  sector=industrials          rank=3
22:26:46 | INFO     | __main__:1590 -      #23 ADANIPOWER   score= 95.0  engines=CTL                          sector=power & utilities    rank=2
22:26:46 | INFO     | __main__:1590 -      #24 GMDCLTD      score= 94.9  engines=MOM,SEC                      sector=metals & mining      rank=1
22:26:46 | INFO     | __main__:1590 -      #25 ELGIEQUIP    score= 93.1  engines=MOM,SEC                      sector=industrials          rank=3
22:26:46 | INFO     | __main__:1590 -      #26 NLCINDIA     score= 93.0  engines=MOM                          sector=power & utilities    rank=2
22:26:46 | INFO     | __main__:1590 -      #27 APARINDS     score= 92.3  engines=MOM,SEC                      sector=industrials          rank=3
22:26:46 | INFO     | __main__:1590 -      #28 ONGC         score= 90.0  engines=MOM                          sector=energy               rank=10
22:26:46 | INFO     | __main__:1590 -      #29 SCHNEIDER    score= 90.0  engines=MOM                          sector=industrials          rank=3
22:26:46 | INFO     | __main__:1590 -      #30 OIL          score= 89.0  engines=MOM                          sector=energy               rank=10
22:26:46 | INFO     | __main__:1590 -      #31 FINCABLES    score= 89.0  engines=MOM                          sector=industrials          rank=3
22:26:46 | INFO     | __main__:1590 -      #32 FEDERALBNK   score= 88.0  engines=RVS                          sector=bank                 rank=8
22:26:46 | INFO     | __main__:1590 -      #33 DATAPATTNS   score= 87.0  engines=MOM                          sector=aerospace & defence  rank=4
22:26:46 | INFO     | __main__:1590 -      #34 SHYAMMETL    score= 85.0  engines=SEC                          sector=metals & mining      rank=1
22:26:46 | INFO     | __main__:1590 -      #35 CUB          score= 84.0  engines=MOM                          sector=bank                 rank=8
22:26:46 | INFO     | __main__:1590 -      #36 ASTERDM      score= 83.0  engines=MOM                          sector=healthcare           rank=6
22:26:46 | INFO     | __main__:1590 -      #37 CANBK        score= 82.0  engines=RVS                          sector=bank                 rank=8
22:26:46 | INFO     | __main__:1590 -      #38 AJANTPHARM   score= 82.0  engines=RVS                          sector=healthcare           rank=6
22:26:46 | INFO     | __main__:1590 -      #39 POWERINDIA   score= 82.0  engines=CTL                          sector=industrials          rank=3
22:26:46 | INFO     | __main__:1590 -      #40 ADANIPORTS   score= 80.0  engines=MOM                          sector=transportation       rank=7
22:26:46 | INFO     | __main__:1590 -      #41 INDUSINDBK   score= 79.0  engines=MOM                          sector=bank                 rank=8
22:26:46 | INFO     | __main__:1590 -      #42 NTPCGREEN    score= 78.0  engines=SEC                          sector=power & utilities    rank=2
22:26:46 | INFO     | __main__:1590 -      #43 GRAVITA      score= 77.0  engines=SEC                          sector=metals & mining      rank=1
22:26:46 | INFO     | __main__:1590 -      #44 NSLNISP      score= 77.0  engines=SEC                          sector=metals & mining      rank=1
22:26:46 | INFO     | __main__:1590 -      #45 SCI          score= 76.0  engines=MOM                          sector=transportation       rank=7
22:26:46 | INFO     | __main__:1590 -      #46 CESC         score= 75.0  engines=CTL                          sector=power & utilities    rank=2
22:26:46 | INFO     | __main__:1590 -      #47 SUNPHARMA    score= 74.3  engines=IAD,MOM                      sector=healthcare           rank=6
22:26:46 | INFO     | __main__:1590 -      #48 RBLBANK      score= 74.0  engines=MOM                          sector=bank                 rank=8
22:26:46 | INFO     | __main__:1590 -      #49 NHPC         score= 74.0  engines=SEC                          sector=power & utilities    rank=2
22:26:46 | INFO     | __main__:1590 -      #50 INDUSTOWER   score= 73.0  engines=RVS                          sector=telecom              rank=5
22:26:46 | INFO     | __main__:1590 -      #51 TIINDIA      score= 72.0  engines=SEC                          sector=industrials          rank=3
22:26:46 | INFO     | __main__:1590 -      #52 IPCALAB      score= 69.0  engines=MOM                          sector=healthcare           rank=6
22:26:46 | INFO     | __main__:1590 -      #53 GLENMARK     score= 69.0  engines=MOM                          sector=healthcare           rank=6
22:26:46 | INFO     | __main__:1590 -      #54 GESHIP       score= 68.0  engines=MOM                          sector=transportation       rank=7
22:26:46 | INFO     | __main__:1590 -      #55 HAL          score= 67.0  engines=SEC                          sector=aerospace & defence  rank=4
22:26:46 | INFO     | __main__:1590 -      #56 TIMKEN       score= 67.0  engines=RVS                          sector=industrials          rank=3
22:26:46 | INFO     | __main__:1590 -      #57 AXISBANK     score= 65.0  engines=RVS                          sector=bank                 rank=8
22:26:46 | INFO     | __main__:1590 -      #58 USHAMART     score= 65.0  engines=SEC                          sector=metals & mining      rank=1
22:26:46 | INFO     | __main__:1590 -      #59 RELIANCE     score= 64.0  engines=IAD                          sector=energy               rank=10
22:26:46 | INFO     | __main__:1590 -      #60 VTL          score= 63.0  engines=MOM                          sector=textiles             rank=9
22:26:46 | INFO     | __main__:1590 -      #61 APLAPOLLO    score= 62.0  engines=RVS                          sector=industrials          rank=3
22:26:46 | INFO     | __main__:1590 -      #62 TARIL        score= 62.0  engines=SEC                          sector=industrials          rank=3
22:26:46 | INFO     | __main__:1590 -      #63 ACE          score= 62.0  engines=SEC                          sector=industrials          rank=3
22:26:46 | INFO     | __main__:1590 -      #64 BANDHANBNK   score= 59.0  engines=MOM                          sector=bank                 rank=8
22:26:46 | INFO     | __main__:1590 -      #65 RPOWER       score= 58.0  engines=SEC                          sector=power & utilities    rank=2
22:26:46 | INFO     | __main__:1590 -      #66 BDL          score= 57.0  engines=SEC                          sector=aerospace & defence  rank=4
22:26:46 | INFO     | __main__:1590 -      #67 ITI          score= 57.0  engines=SEC                          sector=aerospace & defence  rank=4
22:26:46 | INFO     | __main__:1590 -      #68 AADHARHFC    score= 55.0  engines=IAD                          sector=financials           rank=12
22:26:46 | INFO     | __main__:1590 -      #69 RKFORGE      score= 55.0  engines=SEC                          sector=industrials          rank=3
22:26:46 | INFO     | __main__:1590 -      #70 JAINREC      score= 55.0  engines=SEC                          sector=metals & mining      rank=1
22:26:46 | INFO     | __main__:1590 -      #71 WAAREEENER   score= 54.0  engines=CTL                          sector=industrials          rank=3
22:26:46 | INFO     | __main__:1606 -   Multi-engine confirmed: 24/71
22:26:46 | INFO     | __main__:1607 -   Sector distribution: {'power & utilities': 8, 'metals & mining': 14, 'industrials': 23, 'aerospace & defence': 5, 'energy': 3, 'bank': 7, 'healthcare': 5, 'transportation': 3, 'telecom': 1, 'textiles': 1, 'financials': 1}
22:26:46 | INFO     | __main__:1608 -   Engine hits: {'CTL': 21, 'MOM': 37, 'SEC': 36, 'RVS': 8, 'TPO': 1, 'VBD': 1, 'IAD': 3}
22:26:46 | INFO     | __main__:1611 - Pass 4: writing (full mode)...
22:26:46 | SUCCESS  | __main__:1218 - ✓ 71 symbols → master_shortlist
22:26:46 | INFO     | __main__:1431 - Checking master_shortlist completeness...
22:26:46 | INFO     | __main__:1460 - ======================================================================
22:26:46 | INFO     | __main__:1461 - MASTER_SHORTLIST COMPLETENESS REPORT
22:26:46 | INFO     | __main__:1462 - ======================================================================
22:26:46 | WARNING  | __main__:1466 - active_regime             NULL in 61/82 rows (74.4%)
22:26:46 | WARNING  | __main__:1466 - ai_conviction             NULL in 82/82 rows (100.0%)
22:26:46 | WARNING  | __main__:1466 - ai_conviction_reason      NULL in 82/82 rows (100.0%)
22:26:46 | WARNING  | __main__:1466 - ai_fallback_used          NULL in 82/82 rows (100.0%)
22:26:46 | WARNING  | __main__:1466 - ai_note                   NULL in 82/82 rows (100.0%)
22:26:46 | WARNING  | __main__:1466 - ai_provider               NULL in 82/82 rows (100.0%)
22:26:46 | WARNING  | __main__:1466 - ai_risks                  NULL in 82/82 rows (100.0%)
22:26:46 | WARNING  | __main__:1466 - ai_shortlist_rank         NULL in 82/82 rows (100.0%)
22:26:46 | WARNING  | __main__:1466 - ai_shortlist_reason       NULL in 82/82 rows (100.0%)
22:26:46 | WARNING  | __main__:1466 - ai_suggested_action       NULL in 82/82 rows (100.0%)
22:26:46 | WARNING  | __main__:1466 - bb_context                NULL in 61/82 rows (74.4%)
22:26:46 | WARNING  | __main__:1466 - bb_position_pct           NULL in 61/82 rows (74.4%)
22:26:46 | WARNING  | __main__:1466 - bb_squeeze                NULL in 61/82 rows (74.4%)
22:26:46 | WARNING  | __main__:1466 - bb_width_pct              NULL in 61/82 rows (74.4%)
22:26:46 | WARNING  | __main__:1466 - breakout_readiness        NULL in 61/82 rows (74.4%)
22:26:46 | WARNING  | __main__:1466 - company_name              NULL in 19/82 rows (23.2%)
22:26:46 | WARNING  | __main__:1466 - composite_score           NULL in 11/82 rows (13.4%)
22:26:46 | WARNING  | __main__:1466 - computed_at               NULL in 11/82 rows (13.4%)
22:26:46 | WARNING  | __main__:1466 - convergence_pts           NULL in 11/82 rows (13.4%)
22:26:46 | WARNING  | __main__:1466 - days_in_list              NULL in 51/82 rows (62.2%)
22:26:46 | WARNING  | __main__:1466 - days_to_trigger_est       NULL in 61/82 rows (74.4%)
22:26:46 | WARNING  | __main__:1466 - dist_entry_pct            NULL in 50/82 rows (61.0%)
22:26:46 | WARNING  | __main__:1466 - dist_fv_pct               NULL in 50/82 rows (61.0%)
22:26:46 | WARNING  | __main__:1466 - dist_vwap_20d_pct         NULL in 61/82 rows (74.4%)
22:26:46 | WARNING  | __main__:1466 - eap_adjustment            NULL in 11/82 rows (13.4%)
22:26:46 | WARNING  | __main__:1466 - eap_revival               NULL in 82/82 rows (100.0%)
22:26:46 | WARNING  | __main__:1466 - engine_scores_json        NULL in 11/82 rows (13.4%)
22:26:46 | WARNING  | __main__:1466 - engines_count             NULL in 11/82 rows (13.4%)
22:26:46 | WARNING  | __main__:1466 - engines_list              NULL in 11/82 rows (13.4%)
22:26:46 | WARNING  | __main__:1466 - entry_action              NULL in 50/82 rows (61.0%)
22:26:46 | WARNING  | __main__:1466 - entry_mode                NULL in 50/82 rows (61.0%)
22:26:46 | WARNING  | __main__:1466 - entry_ready               NULL in 51/82 rows (62.2%)
22:26:46 | WARNING  | __main__:1466 - entry_timing_type         NULL in 50/82 rows (61.0%)
22:26:46 | WARNING  | __main__:1466 - entry_zone_high           NULL in 50/82 rows (61.0%)
22:26:46 | WARNING  | __main__:1466 - entry_zone_low            NULL in 50/82 rows (61.0%)
22:26:46 | WARNING  | __main__:1466 - event_bias                NULL in 51/82 rows (62.2%)
22:26:46 | WARNING  | __main__:1466 - event_sectors             NULL in 51/82 rows (62.2%)
22:26:46 | WARNING  | __main__:1466 - exec_eligibility          NULL in 50/82 rows (61.0%)
22:26:46 | WARNING  | __main__:1466 - expected_r                NULL in 50/82 rows (61.0%)
22:26:46 | WARNING  | __main__:1466 - fii_flag                  NULL in 61/82 rows (74.4%)
22:26:46 | WARNING  | __main__:1466 - fundamental_quality       NULL in 61/82 rows (74.4%)
22:26:46 | WARNING  | __main__:1466 - fv_high                   NULL in 50/82 rows (61.0%)
22:26:46 | WARNING  | __main__:1466 - fv_low                    NULL in 50/82 rows (61.0%)
22:26:46 | WARNING  | __main__:1466 - ha_signal                 NULL in 61/82 rows (74.4%)
22:26:46 | WARNING  | __main__:1466 - holding_score             NULL in 61/82 rows (74.4%)
22:26:46 | WARNING  | __main__:1466 - institutional_score       NULL in 61/82 rows (74.4%)
22:26:46 | WARNING  | __main__:1466 - is_ipo                    NULL in 50/82 rows (61.0%)
22:26:46 | WARNING  | __main__:1466 - lifecycle                 NULL in 50/82 rows (61.0%)
22:26:46 | WARNING  | __main__:1466 - liquidity_quality         NULL in 61/82 rows (74.4%)
22:26:46 | WARNING  | __main__:1466 - low_liquidity             NULL in 61/82 rows (74.4%)
22:26:46 | WARNING  | __main__:1466 - ma_alignment_score        NULL in 61/82 rows (74.4%)
22:26:46 | WARNING  | __main__:1466 - ma_levels                 NULL in 82/82 rows (100.0%)
22:26:46 | WARNING  | __main__:1466 - macd_crossing_up          NULL in 61/82 rows (74.4%)
22:26:46 | WARNING  | __main__:1466 - macd_direction            NULL in 61/82 rows (74.4%)
22:26:46 | WARNING  | __main__:1466 - market_cap                NULL in 11/82 rows (13.4%)
22:26:46 | WARNING  | __main__:1466 - momentum_phase            NULL in 50/82 rows (61.0%)
22:26:46 | WARNING  | __main__:1466 - momentum_score            NULL in 61/82 rows (74.4%)
22:26:46 | WARNING  | __main__:1466 - momentum_state            NULL in 50/82 rows (61.0%)
22:26:46 | WARNING  | __main__:1466 - notes                     NULL in 82/82 rows (100.0%)
22:26:46 | WARNING  | __main__:1466 - opp_type                  NULL in 50/82 rows (61.0%)
22:26:46 | WARNING  | __main__:1466 - persistent_phase          NULL in 62/82 rows (75.6%)
22:26:46 | WARNING  | __main__:1466 - pos_type                  NULL in 50/82 rows (61.0%)
22:26:46 | WARNING  | __main__:1466 - price_location            NULL in 50/82 rows (61.0%)
22:26:46 | WARNING  | __main__:1466 - priority_rank             NULL in 11/82 rows (13.4%)
22:26:46 | WARNING  | __main__:1466 - psar_dual_confirmed       NULL in 61/82 rows (74.4%)
22:26:46 | WARNING  | __main__:1466 - rank_vel_3d               NULL in 54/82 rows (65.9%)
22:26:46 | WARNING  | __main__:1466 - reentry_mode              NULL in 50/82 rows (61.0%)
22:26:46 | WARNING  | __main__:1466 - risk_score                NULL in 61/82 rows (74.4%)
22:26:46 | WARNING  | __main__:1466 - rsi_extended_thresh       NULL in 61/82 rows (74.4%)
22:26:46 | WARNING  | __main__:1466 - score_vel_5d              NULL in 54/82 rows (65.9%)
22:26:46 | WARNING  | __main__:1466 - screener_source           NULL in 11/82 rows (13.4%)
22:26:46 | WARNING  | __main__:1466 - sector_rank               NULL in 11/82 rows (13.4%)
22:26:46 | WARNING  | __main__:1466 - st_cushion_pct            NULL in 61/82 rows (74.4%)
22:26:46 | WARNING  | __main__:1466 - stoch_context             NULL in 61/82 rows (74.4%)
22:26:46 | WARNING  | __main__:1466 - struct_edge               NULL in 50/82 rows (61.0%)
22:26:46 | WARNING  | __main__:1466 - suggested                 NULL in 50/82 rows (61.0%)
22:26:46 | WARNING  | __main__:1466 - trade_allowed             NULL in 50/82 rows (61.0%)
22:26:46 | WARNING  | __main__:1466 - trend_maturity            NULL in 50/82 rows (61.0%)
22:26:46 | WARNING  | __main__:1466 - upcoming_news             NULL in 81/82 rows (98.8%)
22:26:46 | WARNING  | __main__:1466 - validity_score            NULL in 51/82 rows (62.2%)
22:26:46 | WARNING  | __main__:1466 - velocity_state            NULL in 50/82 rows (61.0%)
22:26:46 | WARNING  | __main__:1466 - volume_trend              NULL in 61/82 rows (74.4%)
22:26:46 | WARNING  | __main__:1466 - vwap_alignment            NULL in 61/82 rows (74.4%)
22:26:46 | WARNING  | __main__:1466 - weekly_structure          NULL in 61/82 rows (74.4%)
22:26:46 | INFO     | __main__:1468 - ======================================================================
22:26:46 | ERROR    | __main__:1473 - Columns never populated by script:
22:26:46 | ERROR    | __main__:1475 -    -> ai_conviction
22:26:46 | ERROR    | __main__:1475 -    -> ai_conviction_reason
22:26:46 | ERROR    | __main__:1475 -    -> ai_fallback_used
22:26:46 | ERROR    | __main__:1475 -    -> ai_note
22:26:46 | ERROR    | __main__:1475 -    -> ai_provider
22:26:46 | ERROR    | __main__:1475 -    -> ai_risks
22:26:46 | ERROR    | __main__:1475 -    -> ai_shortlist_rank
22:26:46 | ERROR    | __main__:1475 -    -> ai_shortlist_reason
22:26:46 | ERROR    | __main__:1475 -    -> ai_suggested_action
22:26:46 | ERROR    | __main__:1475 -    -> eap_revival
22:26:46 | ERROR    | __main__:1475 -    -> ma_levels
22:26:46 | ERROR    | __main__:1475 -    -> notes
22:26:46 | SUCCESS  | __main__:1477 - Completeness check finished.
22:26:46 | INFO     | __main__:1243 -   EAP revival: no penalized stocks found yesterday — skipping
22:26:47 | INFO     | __main__:1338 -   Outcomes: no msl_computed data for 2026-04-24 — skipping 5d
22:26:47 | INFO     | __main__:1338 -   Outcomes: no msl_computed data for 2026-04-19 — skipping 10d
22:26:47 | INFO     | __main__:1338 -   Outcomes: no msl_computed data for 2026-04-14 — skipping 15d
22:26:47 | INFO     | __main__:1367 -   Outcomes: nothing to log (no past data aligns with today)
22:29:02 | INFO     | config:187 - TradeOS v6 config loaded | Capital=₹200,000 | DRY_RUN=False | Phase=2
22:29:02 | INFO     | __main__:2415 - ======================================================================
22:29:02 | INFO     | __main__:2416 - STEP [14]: Compute MSL v3.0 | 2026-04-29 | mode=FULL
22:29:02 | INFO     | __main__:2420 - ======================================================================
22:29:02 | INFO     | __main__:2422 - Pass 1: loading data (9 bulk queries)...
22:29:02 | INFO     | __main__:307 -   Source table: master_shortlist (82 symbols)
22:29:03 | INFO     | __main__:635 -   Loaded: 82 symbols | 82 stock_data | 479 history | 24 sectors | regime=NEUTRAL | 0 open positions | blocked=0 | FII=SELLING | news B:2/b:43
22:29:03 | INFO     | __main__:2444 - Pass 2: computing all fields...
22:29:03 | INFO     | __main__:2131 -   Regime context: NEUTRAL | RSI extended @72 | regime_boost=+0 | macro_boost=-1.0 | VIX=17.4375 | breadth=45% | FII=SELLING | GIFT=+1.12%
22:29:03 | INFO     | __main__:2316 -   Computed: 82 | skipped: 0
22:29:03 | INFO     | __main__:2454 -   Results: 82 symbols
22:29:03 | INFO     | __main__:2455 -   Avg final_score:         54.3
22:29:03 | INFO     | __main__:2456 -   Avg momentum_score:      71.5
22:29:03 | INFO     | __main__:2457 -   Avg institutional_score: 33.5
22:29:03 | INFO     | __main__:2458 -   Avg breakout_readiness:  26.8
22:29:03 | INFO     | __main__:2459 -   Avg risk_score:          21.1
22:29:03 | INFO     | __main__:2460 -   Avg holding_score:       75.9
22:29:03 | INFO     | __main__:2461 -   Avg MA alignment:        5.0/6
22:29:03 | INFO     | __main__:2463 -   Momentum state:   {'HOT': 54, 'BUILDING': 22, 'STABLE': 2, 'WEAK': 4}
22:29:03 | INFO     | __main__:2464 -   Momentum phase:   {'EXTENDED': 23, 'EXPANSION': 42, 'FLAT': 10, 'EXHAUSTED': 5, 'EARLY': 2}
22:29:03 | INFO     | __main__:2465 -   Trend maturity:   {'LATE': 38, 'DEVELOPING': 23, 'FRESH': 9, 'FLAT': 7, 'EXHAUSTED': 5}
22:29:03 | INFO     | __main__:2466 -   Lifecycle:        {'HOLD': 70, 'ADD': 6, 'EXIT': 6}
22:29:03 | INFO     | __main__:2467 -   Entry timing:     {'REENTRY': 52, 'OPTIMAL': 2, 'CHASING': 8, 'EXTENDED': 18, 'APPROACHING': 2}
22:29:03 | INFO     | __main__:2468 -   Weekly structure: {'STRONG': 52, 'CAUTION': 11, 'WEAK': 12, 'CONSOLIDATING': 7}
22:29:03 | INFO     | __main__:2469 -   BB context:       {'UPPER_HALF': 45, 'RIDING_UPPER': 26, 'MIDDLE': 9, 'LOWER_HALF': 2}
22:29:03 | INFO     | __main__:2470 -   VWAP alignment:   {'ABOVE_20D': 48, 'MIXED': 11, 'ABOVE_ALL': 14, 'ABOVE_TODAY_ONLY': 1, 'ABOVE_ALL_EXTENDED': 6, 'BELOW_ALL': 2}
22:29:03 | INFO     | __main__:2471 -   Volume trend:     {'STABLE': 39, 'CONTRACTING': 17, 'EXPANDING': 24, 'DECLINING': 2}
22:29:03 | INFO     | __main__:2472 -   Fund quality:     {'STABLE': 80, 'LOSS_MAKING': 2}
22:29:03 | INFO     | __main__:2482 -   Score distribution: {'≥70': 1, '55-70': 45, '40-55': 30, '<40': 6}
22:29:03 | WARNING  | __main__:2484 -   ⚠ Less than 2 stocks scoring ≥70 — regime/data issue or regime is RISK OFF?
22:29:03 | INFO     | __main__:2488 -   Top 6 by final_score:
22:29:03 | INFO     | __main__:2492 -     TORNTPOWER   final= 70.1  hold= 86.8  mom=HOT      phase=EXTENDED   MA=6/6  BB=UPPER_HALF           risk=23.0  struct=YES
22:29:03 | INFO     | __main__:2492 -     CUMMINSIND   final= 66.8  hold= 87.7  mom=HOT      phase=EXPANSION  MA=6/6  BB=UPPER_HALF           risk=18.0  struct=YES
22:29:03 | INFO     | __main__:2492 -     APARINDS     final= 66.1  hold= 84.1  mom=HOT      phase=EXTENDED   MA=6/6  BB=RIDING_UPPER         risk=38.0  struct=YES
22:29:03 | INFO     | __main__:2492 -     HINDALCO     final= 66.0  hold= 86.6  mom=HOT      phase=EXTENDED   MA=6/6  BB=UPPER_HALF           risk=24.0  struct=YES
22:29:03 | INFO     | __main__:2492 -     JSWSTEEL     final= 65.6  hold= 75.5  mom=HOT      phase=EXPANSION  MA=6/6  BB=UPPER_HALF           risk=10.0  struct=YES
22:29:03 | INFO     | __main__:2492 -     NTPC         final= 65.5  hold= 82.4  mom=HOT      phase=EXPANSION  MA=5/6  BB=UPPER_HALF           risk= 7.0  struct=YES
22:29:03 | INFO     | __main__:2509 -   ★ HOT + in zone (new opportunities): ['SIEMENS', 'JAINREC', 'CGPOWER', 'GRAPHITE', 'TATAPOWER', 'ABB', 'JSWSTEEL', 'BHEL', 'NTPC', 'NATIONALUM', 'BHARATFORG', 'SOLARINDS', 'KEI', 'KIRLOSENG', 'ADANIPOWER']
22:29:03 | INFO     | __main__:2519 -   🌱 FRESH trend + struct_edge: ['AIAENG', 'IPCALAB', 'JSWSTEEL', 'SARDAEN', 'INDUSINDBK']
22:29:03 | INFO     | __main__:2568 -   Sheet vs computed divergences (79), top 40 by rank:
22:29:03 | INFO     | __main__:2570 -     #1 NTPC: mom BUILDING→HOT  score 130→65.5
22:29:03 | INFO     | __main__:2570 -     #2 JINDALSTEL: mom STABLE→BUILDING  score 128→47.6
22:29:03 | INFO     | __main__:2570 -     #3 CUMMINSIND: mom STABLE→HOT  score 124→66.8
22:29:03 | INFO     | __main__:2570 -     #4 HINDCOPPER: mom HOT→BUILDING  score 80→42.8
22:29:03 | INFO     | __main__:2570 -     #4 NATIONALUM: mom HOT→HOT  score 118→61.5
22:29:03 | INFO     | __main__:2570 -     #5 TORNTPOWER: mom None→HOT  score 116→70.1
22:29:03 | INFO     | __main__:2570 -     #6 NMDC: mom BUILDING→HOT  score 116→62.6
22:29:03 | INFO     | __main__:2570 -     #7 BHARATFORG: mom STABLE→HOT  score 114→59.1
22:29:03 | INFO     | __main__:2570 -     #8 SARDAEN: mom BUILDING→BUILDING  score 114→60.1
22:29:03 | INFO     | __main__:2570 -     #9 SIEMENS: mom BUILDING→HOT  score 111→64.7
22:29:03 | INFO     | __main__:2570 -     #10 LLOYDSME: mom STABLE→HOT  score 111→57.7
22:29:03 | INFO     | __main__:2570 -     #11 SOLARINDS: mom STABLE→HOT  score 110→62.8
22:29:03 | INFO     | __main__:2570 -     #12 SCHAEFFLER: mom None→HOT  score 109→60.4
22:29:03 | INFO     | __main__:2570 -     #13 GRAPHITE: mom STABLE→HOT  score 53→56.6
22:29:03 | INFO     | __main__:2570 -     #13 TATASTEEL: mom HOT→HOT  score 107→63.1
22:29:03 | INFO     | __main__:2570 -     #14 ABB: mom STABLE→HOT  score 53→61.5
22:29:03 | INFO     | __main__:2570 -     #14 WELCORP: mom HOT→HOT  score 107→44.7
22:29:03 | INFO     | __main__:2570 -     #15 CGPOWER: mom BUILDING→HOT  score 106→64.6
22:29:03 | INFO     | __main__:2570 -     #16 KEI: mom HOT→HOT  score 105→58.9
22:29:03 | INFO     | __main__:2570 -     #17 GPIL: mom WEAK→BUILDING  score 105→59.0
22:29:03 | INFO     | __main__:2570 -     #18 VEDL: mom WEAK→BUILDING  score 104→59.0
22:29:03 | INFO     | __main__:2570 -     #19 JINDALSAW: mom None→HOT  score 104→53.7
22:29:03 | INFO     | __main__:2570 -     #20 POLYCAB: mom None→HOT  score 98→55.7
22:29:03 | INFO     | __main__:2570 -     #21 AIAENG: mom None→BUILDING  score 97→52.8
22:29:03 | INFO     | __main__:2570 -     #21 HINDZINC: mom WEAK→BUILDING  score 46→58.2
22:29:03 | INFO     | __main__:2570 -     #22 KIRLOSENG: mom HOT→HOT  score 96→58.0
22:29:03 | INFO     | __main__:2570 -     #23 COALINDIA: mom BUILDING→HOT  score 43→58.9
22:29:03 | INFO     | __main__:2570 -     #23 ADANIPOWER: mom HOT→HOT  score 95→53.7
22:29:03 | INFO     | __main__:2570 -     #24 GMDCLTD: mom None→HOT  score 95→57.9
22:29:03 | INFO     | __main__:2570 -     #25 ELGIEQUIP: mom None→HOT  score 93→62.6
22:29:03 | INFO     | __main__:2570 -     #26 NLCINDIA: mom None→HOT  score 93→65.2
22:29:03 | INFO     | __main__:2570 -     #27 APARINDS: mom None→HOT  score 92→66.1
22:29:03 | INFO     | __main__:2570 -     #27 TATAPOWER: mom BUILDING→HOT  score 41→63.1
22:29:03 | INFO     | __main__:2570 -     #28 ONGC: mom None→HOT  score 90→57.8
22:29:03 | INFO     | __main__:2570 -     #29 SCHNEIDER: mom None→HOT  score 90→53.1
22:29:03 | INFO     | __main__:2570 -     #29 JSWSTEEL: mom BUILDING→HOT  score 40→65.6
22:29:03 | INFO     | __main__:2570 -     #30 OIL: mom None→HOT  score 89→50.7
22:29:03 | INFO     | __main__:2570 -     #31 POWERGRID: mom STABLE→HOT  score 35→65.4
22:29:03 | INFO     | __main__:2570 -     #31 FINCABLES: mom None→HOT  score 89→62.0
22:29:03 | INFO     | __main__:2570 -     #32 FEDERALBNK: mom None→HOT  score 88→38.8
22:29:03 | INFO     | __main__:2586 - Pass 3: writing results...
22:29:03 | SUCCESS  | __main__:2396 - ✓ full: 82 → master_shortlist
22:43:02 | INFO     | config:187 - TradeOS v6 config loaded | Capital=₹200,000 | DRY_RUN=False | Phase=2
22:43:02 | INFO     | __main__:1518 - =================================================================
22:43:02 | INFO     | __main__:1519 - STEP: Screen Stocks v1.1 | 2026-04-29 | mode=FULL
22:43:02 | INFO     | __main__:1521 - =================================================================
22:43:02 | INFO     | __main__:1523 - Pass 1: loading data...
22:43:05 | INFO     | __main__:180 -   ingest_sheets symbols merged into force_include: 11
22:43:05 | INFO     | __main__:188 -   Loaded: 1000 stocks | 24 sectors | regime=NEUTRAL | asm=321 | fii=CAUTION | forced=11
22:43:05 | INFO     | __main__:1555 - Pass 2: running engines (regime=NEUTRAL)...
22:43:05 | INFO     | __main__:318 -   CTL: 22 candidates
22:43:05 | INFO     | __main__:399 -   SBS: 0 candidates
22:43:05 | INFO     | __main__:479 -   TPO: 1 candidates
22:43:05 | INFO     | __main__:556 -   VBD: 1 candidates
22:43:05 | INFO     | __main__:621 -   IAD: 3 candidates
22:43:05 | INFO     | __main__:675 -   RSB: 0 candidates
22:43:05 | INFO     | __main__:778 -   MOM: 39 candidates
22:43:05 | INFO     | __main__:893 -   RVS: 8 candidates
22:43:05 | INFO     | __main__:969 -   SEC: 40 candidates
22:43:05 | INFO     | __main__:1584 -   Engine totals: CTL=22 SBS=0 TPO=1 VBD=1 IAD=3 RSB=0 MOM=39 RVS=8 SEC=40 | Total unique=75
22:43:05 | INFO     | __main__:1592 - Pass 3: aggregating and ranking...
22:43:05 | INFO     | __main__:1016 -   Regime weights (NEUTRAL):  (all 1.0x)
22:43:05 | INFO     | __main__:1132 -   Aggregated: 75 total unique | 71 after hard filters | 71 final
22:43:05 | INFO     | __main__:1606 - 
  ═══ TOP 71 SCREENED SYMBOLS (NEUTRAL) ═══
22:43:05 | INFO     | __main__:1609 -      # 1 NTPC         score=130.0  engines=CTL,MOM,SEC                  sector=power & utilities    rank=2
22:43:05 | INFO     | __main__:1609 -      # 2 JINDALSTEL   score=127.7  engines=CTL,RVS,SEC,TPO              sector=metals & mining      rank=1
22:43:05 | INFO     | __main__:1609 -      # 3 CUMMINSIND   score=124.1  engines=CTL,MOM,SEC                  sector=industrials          rank=3
22:43:05 | INFO     | __main__:1609 -      # 4 NATIONALUM   score=118.2  engines=CTL,MOM,SEC                  sector=metals & mining      rank=1
22:43:05 | INFO     | __main__:1609 -      # 5 TORNTPOWER   score=116.4  engines=MOM,SEC                      sector=power & utilities    rank=2
22:43:05 | INFO     | __main__:1609 -      # 6 NMDC         score=115.6  engines=CTL,MOM,SEC                  sector=metals & mining      rank=1
22:43:05 | INFO     | __main__:1609 -      # 7 BHARATFORG   score=114.3  engines=CTL,MOM,SEC                  sector=industrials          rank=3
22:43:05 | INFO     | __main__:1609 -      # 8 SARDAEN      score=113.9  engines=CTL,MOM,SEC                  sector=metals & mining      rank=1
22:43:05 | INFO     | __main__:1609 -      # 9 SIEMENS      score=111.0  engines=CTL,MOM                      sector=industrials          rank=3
22:43:05 | INFO     | __main__:1609 -      #10 LLOYDSME     score=111.0  engines=CTL                          sector=metals & mining      rank=1
22:43:05 | INFO     | __main__:1609 -      #11 SOLARINDS    score=109.6  engines=CTL,MOM,SEC                  sector=aerospace & defence  rank=4
22:43:05 | INFO     | __main__:1609 -      #12 SCHAEFFLER   score=109.3  engines=MOM,SEC                      sector=industrials          rank=3
22:43:05 | INFO     | __main__:1609 -      #13 TATASTEEL    score=107.4  engines=CTL,SEC                      sector=metals & mining      rank=1
22:43:05 | INFO     | __main__:1609 -      #14 WELCORP      score=107.0  engines=CTL                          sector=industrials          rank=3
22:43:05 | INFO     | __main__:1609 -      #15 CGPOWER      score=106.1  engines=CTL,MOM,SEC                  sector=industrials          rank=3
22:43:05 | INFO     | __main__:1609 -      #16 KEI          score=105.2  engines=CTL,MOM                      sector=industrials          rank=3
22:43:05 | INFO     | __main__:1609 -      #17 GPIL         score=105.1  engines=CTL,SEC                      sector=metals & mining      rank=1
22:43:05 | INFO     | __main__:1609 -      #18 VEDL         score=104.3  engines=CTL,SEC,VBD                  sector=metals & mining      rank=1
22:43:05 | INFO     | __main__:1609 -      #19 JINDALSAW    score=104.1  engines=MOM,SEC                      sector=industrials          rank=3
22:43:05 | INFO     | __main__:1609 -      #20 POLYCAB      score= 98.0  engines=MOM,SEC                      sector=industrials          rank=3
22:43:05 | INFO     | __main__:1609 -      #21 AIAENG       score= 96.7  engines=MOM,SEC                      sector=industrials          rank=3
22:43:05 | INFO     | __main__:1609 -      #22 KIRLOSENG    score= 95.6  engines=CTL,MOM,SEC                  sector=industrials          rank=3
22:43:05 | INFO     | __main__:1609 -      #23 ADANIPOWER   score= 95.0  engines=CTL                          sector=power & utilities    rank=2
22:43:05 | INFO     | __main__:1609 -      #24 GMDCLTD      score= 94.9  engines=MOM,SEC                      sector=metals & mining      rank=1
22:43:05 | INFO     | __main__:1609 -      #25 ELGIEQUIP    score= 93.1  engines=MOM,SEC                      sector=industrials          rank=3
22:43:05 | INFO     | __main__:1609 -      #26 NLCINDIA     score= 93.0  engines=MOM                          sector=power & utilities    rank=2
22:43:05 | INFO     | __main__:1609 -      #27 APARINDS     score= 92.3  engines=MOM,SEC                      sector=industrials          rank=3
22:43:05 | INFO     | __main__:1609 -      #28 ONGC         score= 90.0  engines=MOM                          sector=energy               rank=10
22:43:05 | INFO     | __main__:1609 -      #29 SCHNEIDER    score= 90.0  engines=MOM                          sector=industrials          rank=3
22:43:05 | INFO     | __main__:1609 -      #30 OIL          score= 89.0  engines=MOM                          sector=energy               rank=10
22:43:05 | INFO     | __main__:1609 -      #31 FINCABLES    score= 89.0  engines=MOM                          sector=industrials          rank=3
22:43:05 | INFO     | __main__:1609 -      #32 FEDERALBNK   score= 88.0  engines=RVS                          sector=bank                 rank=8
22:43:05 | INFO     | __main__:1609 -      #33 DATAPATTNS   score= 87.0  engines=MOM                          sector=aerospace & defence  rank=4
22:43:05 | INFO     | __main__:1609 -      #34 SHYAMMETL    score= 85.0  engines=SEC                          sector=metals & mining      rank=1
22:43:05 | INFO     | __main__:1609 -      #35 CUB          score= 84.0  engines=MOM                          sector=bank                 rank=8
22:43:05 | INFO     | __main__:1609 -      #36 ASTERDM      score= 83.0  engines=MOM                          sector=healthcare           rank=6
22:43:05 | INFO     | __main__:1609 -      #37 CANBK        score= 82.0  engines=RVS                          sector=bank                 rank=8
22:43:05 | INFO     | __main__:1609 -      #38 AJANTPHARM   score= 82.0  engines=RVS                          sector=healthcare           rank=6
22:43:05 | INFO     | __main__:1609 -      #39 POWERINDIA   score= 82.0  engines=CTL                          sector=industrials          rank=3
22:43:05 | INFO     | __main__:1609 -      #40 ADANIPORTS   score= 80.0  engines=MOM                          sector=transportation       rank=7
22:43:05 | INFO     | __main__:1609 -      #41 INDUSINDBK   score= 79.0  engines=MOM                          sector=bank                 rank=8
22:43:05 | INFO     | __main__:1609 -      #42 NTPCGREEN    score= 78.0  engines=SEC                          sector=power & utilities    rank=2
22:43:05 | INFO     | __main__:1609 -      #43 GRAVITA      score= 77.0  engines=SEC                          sector=metals & mining      rank=1
22:43:05 | INFO     | __main__:1609 -      #44 NSLNISP      score= 77.0  engines=SEC                          sector=metals & mining      rank=1
22:43:05 | INFO     | __main__:1609 -      #45 SCI          score= 76.0  engines=MOM                          sector=transportation       rank=7
22:43:05 | INFO     | __main__:1609 -      #46 CESC         score= 75.0  engines=CTL                          sector=power & utilities    rank=2
22:43:05 | INFO     | __main__:1609 -      #47 SUNPHARMA    score= 74.3  engines=IAD,MOM                      sector=healthcare           rank=6
22:43:05 | INFO     | __main__:1609 -      #48 RBLBANK      score= 74.0  engines=MOM                          sector=bank                 rank=8
22:43:05 | INFO     | __main__:1609 -      #49 NHPC         score= 74.0  engines=SEC                          sector=power & utilities    rank=2
22:43:05 | INFO     | __main__:1609 -      #50 INDUSTOWER   score= 73.0  engines=RVS                          sector=telecom              rank=5
22:43:05 | INFO     | __main__:1609 -      #51 TIINDIA      score= 72.0  engines=SEC                          sector=industrials          rank=3
22:43:05 | INFO     | __main__:1609 -      #52 IPCALAB      score= 69.0  engines=MOM                          sector=healthcare           rank=6
22:43:05 | INFO     | __main__:1609 -      #53 GLENMARK     score= 69.0  engines=MOM                          sector=healthcare           rank=6
22:43:05 | INFO     | __main__:1609 -      #54 GESHIP       score= 68.0  engines=MOM                          sector=transportation       rank=7
22:43:05 | INFO     | __main__:1609 -      #55 HAL          score= 67.0  engines=SEC                          sector=aerospace & defence  rank=4
22:43:05 | INFO     | __main__:1609 -      #56 TIMKEN       score= 67.0  engines=RVS                          sector=industrials          rank=3
22:43:05 | INFO     | __main__:1609 -      #57 AXISBANK     score= 65.0  engines=RVS                          sector=bank                 rank=8
22:43:05 | INFO     | __main__:1609 -      #58 USHAMART     score= 65.0  engines=SEC                          sector=metals & mining      rank=1
22:43:05 | INFO     | __main__:1609 -      #59 RELIANCE     score= 64.0  engines=IAD                          sector=energy               rank=10
22:43:05 | INFO     | __main__:1609 -      #60 VTL          score= 63.0  engines=MOM                          sector=textiles             rank=9
22:43:05 | INFO     | __main__:1609 -      #61 APLAPOLLO    score= 62.0  engines=RVS                          sector=industrials          rank=3
22:43:05 | INFO     | __main__:1609 -      #62 TARIL        score= 62.0  engines=SEC                          sector=industrials          rank=3
22:43:05 | INFO     | __main__:1609 -      #63 ACE          score= 62.0  engines=SEC                          sector=industrials          rank=3
22:43:05 | INFO     | __main__:1609 -      #64 BANDHANBNK   score= 59.0  engines=MOM                          sector=bank                 rank=8
22:43:05 | INFO     | __main__:1609 -      #65 RPOWER       score= 58.0  engines=SEC                          sector=power & utilities    rank=2
22:43:05 | INFO     | __main__:1609 -      #66 BDL          score= 57.0  engines=SEC                          sector=aerospace & defence  rank=4
22:43:05 | INFO     | __main__:1609 -      #67 ITI          score= 57.0  engines=SEC                          sector=aerospace & defence  rank=4
22:43:05 | INFO     | __main__:1609 -      #68 AADHARHFC    score= 55.0  engines=IAD                          sector=financials           rank=12
22:43:05 | INFO     | __main__:1609 -      #69 RKFORGE      score= 55.0  engines=SEC                          sector=industrials          rank=3
22:43:05 | INFO     | __main__:1609 -      #70 JAINREC      score= 55.0  engines=SEC                          sector=metals & mining      rank=1
22:43:05 | INFO     | __main__:1609 -      #71 WAAREEENER   score= 54.0  engines=CTL                          sector=industrials          rank=3
22:43:05 | INFO     | __main__:1625 -   Multi-engine confirmed: 24/71
22:43:05 | INFO     | __main__:1626 -   Sector distribution: {'power & utilities': 8, 'metals & mining': 14, 'industrials': 23, 'aerospace & defence': 5, 'energy': 3, 'bank': 7, 'healthcare': 5, 'transportation': 3, 'telecom': 1, 'textiles': 1, 'financials': 1}
22:43:05 | INFO     | __main__:1627 -   Engine hits: {'CTL': 21, 'MOM': 37, 'SEC': 36, 'RVS': 8, 'TPO': 1, 'VBD': 1, 'IAD': 3}
22:43:05 | INFO     | __main__:1630 - Pass 4: writing (full mode)...
22:43:06 | SUCCESS  | __main__:1237 - ✓ 71 symbols → master_shortlist
22:43:06 | INFO     | __main__:1450 - Checking master_shortlist completeness...
22:43:06 | INFO     | __main__:1479 - ======================================================================
22:43:06 | INFO     | __main__:1480 - MASTER_SHORTLIST COMPLETENESS REPORT
22:43:06 | INFO     | __main__:1481 - ======================================================================
22:43:06 | WARNING  | __main__:1485 - ai_conviction             NULL in 82/82 rows (100.0%)
22:43:06 | WARNING  | __main__:1485 - ai_conviction_reason      NULL in 82/82 rows (100.0%)
22:43:06 | WARNING  | __main__:1485 - ai_fallback_used          NULL in 82/82 rows (100.0%)
22:43:06 | WARNING  | __main__:1485 - ai_note                   NULL in 82/82 rows (100.0%)
22:43:06 | WARNING  | __main__:1485 - ai_provider               NULL in 82/82 rows (100.0%)
22:43:06 | WARNING  | __main__:1485 - ai_risks                  NULL in 82/82 rows (100.0%)
22:43:06 | WARNING  | __main__:1485 - ai_shortlist_rank         NULL in 82/82 rows (100.0%)
22:43:06 | WARNING  | __main__:1485 - ai_shortlist_reason       NULL in 82/82 rows (100.0%)
22:43:06 | WARNING  | __main__:1485 - ai_suggested_action       NULL in 82/82 rows (100.0%)
22:43:06 | WARNING  | __main__:1485 - company_name              NULL in 19/82 rows (23.2%)
22:43:06 | WARNING  | __main__:1485 - composite_score           NULL in 11/82 rows (13.4%)
22:43:06 | WARNING  | __main__:1485 - computed_at               NULL in 11/82 rows (13.4%)
22:43:06 | WARNING  | __main__:1485 - convergence_pts           NULL in 11/82 rows (13.4%)
22:43:06 | WARNING  | __main__:1485 - eap_adjustment            NULL in 11/82 rows (13.4%)
22:43:06 | WARNING  | __main__:1485 - eap_revival               NULL in 82/82 rows (100.0%)
22:43:06 | WARNING  | __main__:1485 - engine_scores_json        NULL in 11/82 rows (13.4%)
22:43:06 | WARNING  | __main__:1485 - engines_count             NULL in 11/82 rows (13.4%)
22:43:06 | WARNING  | __main__:1485 - engines_list              NULL in 11/82 rows (13.4%)
22:43:06 | WARNING  | __main__:1485 - entry_action              NULL in 50/82 rows (61.0%)
22:43:06 | WARNING  | __main__:1485 - entry_mode                NULL in 50/82 rows (61.0%)
22:43:06 | WARNING  | __main__:1485 - entry_ready               NULL in 51/82 rows (62.2%)
22:43:06 | WARNING  | __main__:1485 - event_bias                NULL in 51/82 rows (62.2%)
22:43:06 | WARNING  | __main__:1485 - event_sectors             NULL in 51/82 rows (62.2%)
22:43:06 | WARNING  | __main__:1485 - exec_eligibility          NULL in 50/82 rows (61.0%)
22:43:06 | WARNING  | __main__:1485 - fv_high                   NULL in 50/82 rows (61.0%)
22:43:06 | WARNING  | __main__:1485 - fv_low                    NULL in 50/82 rows (61.0%)
22:43:06 | WARNING  | __main__:1485 - is_ipo                    NULL in 50/82 rows (61.0%)
22:43:06 | WARNING  | __main__:1485 - ma_levels                 NULL in 82/82 rows (100.0%)
22:43:06 | WARNING  | __main__:1485 - market_cap                NULL in 11/82 rows (13.4%)
22:43:06 | WARNING  | __main__:1485 - notes                     NULL in 82/82 rows (100.0%)
22:43:06 | WARNING  | __main__:1485 - opp_type                  NULL in 50/82 rows (61.0%)
22:43:06 | WARNING  | __main__:1485 - persistent_phase          NULL in 36/82 rows (43.9%)
22:43:06 | WARNING  | __main__:1485 - pos_type                  NULL in 50/82 rows (61.0%)
22:43:06 | WARNING  | __main__:1485 - priority_rank             NULL in 11/82 rows (13.4%)
22:43:06 | WARNING  | __main__:1485 - rank_vel_3d               NULL in 48/82 rows (58.5%)
22:43:06 | WARNING  | __main__:1485 - score_vel_5d              NULL in 54/82 rows (65.9%)
22:43:06 | WARNING  | __main__:1485 - screener_source           NULL in 11/82 rows (13.4%)
22:43:06 | WARNING  | __main__:1485 - sector_rank               NULL in 11/82 rows (13.4%)
22:43:06 | WARNING  | __main__:1485 - st_cushion_pct            NULL in 2/82 rows (2.4%)
22:43:06 | WARNING  | __main__:1485 - suggested                 NULL in 50/82 rows (61.0%)
22:43:06 | WARNING  | __main__:1485 - trade_allowed             NULL in 50/82 rows (61.0%)
22:43:06 | WARNING  | __main__:1485 - upcoming_news             NULL in 81/82 rows (98.8%)
22:43:06 | INFO     | __main__:1487 - ======================================================================
22:43:06 | ERROR    | __main__:1492 - Columns never populated by script:
22:43:06 | ERROR    | __main__:1494 -    -> ai_conviction
22:43:06 | ERROR    | __main__:1494 -    -> ai_conviction_reason
22:43:06 | ERROR    | __main__:1494 -    -> ai_fallback_used
22:43:06 | ERROR    | __main__:1494 -    -> ai_note
22:43:06 | ERROR    | __main__:1494 -    -> ai_provider
22:43:06 | ERROR    | __main__:1494 -    -> ai_risks
22:43:06 | ERROR    | __main__:1494 -    -> ai_shortlist_rank
22:43:06 | ERROR    | __main__:1494 -    -> ai_shortlist_reason
22:43:06 | ERROR    | __main__:1494 -    -> ai_suggested_action
22:43:06 | ERROR    | __main__:1494 -    -> eap_revival
22:43:06 | ERROR    | __main__:1494 -    -> ma_levels
22:43:06 | ERROR    | __main__:1494 -    -> notes
22:43:06 | SUCCESS  | __main__:1496 - Completeness check finished.
22:43:06 | INFO     | __main__:1262 -   EAP revival: no penalized stocks found yesterday — skipping
22:43:06 | INFO     | __main__:1357 -   Outcomes: no msl_computed data for 2026-04-24 — skipping 5d
22:43:06 | INFO     | __main__:1357 -   Outcomes: no msl_computed data for 2026-04-19 — skipping 10d
22:43:06 | INFO     | __main__:1357 -   Outcomes: no msl_computed data for 2026-04-14 — skipping 15d
22:43:06 | INFO     | __main__:1386 -   Outcomes: nothing to log (no past data aligns with today)
22:45:28 | INFO     | config:187 - TradeOS v6 config loaded | Capital=₹200,000 | DRY_RUN=False | Phase=2
22:45:28 | INFO     | __main__:2432 - ======================================================================
22:45:28 | INFO     | __main__:2433 - STEP [14]: Compute MSL v3.0 | 2026-04-29 | mode=FULL
22:45:28 | INFO     | __main__:2437 - ======================================================================
22:45:28 | INFO     | __main__:2439 - Pass 1: loading data (9 bulk queries)...
22:45:29 | INFO     | __main__:307 -   Source table: master_shortlist (82 symbols)
22:45:31 | INFO     | __main__:652 -   Loaded: 82 symbols | 82 stock_data | 479 history | 24 sectors | regime=NEUTRAL | 0 open positions | blocked=0 | FII=SELLING | news B:2/b:43
22:45:31 | INFO     | __main__:2461 - Pass 2: computing all fields...
22:45:31 | INFO     | __main__:2148 -   Regime context: NEUTRAL | RSI extended @72 | regime_boost=+0 | macro_boost=-1.0 | VIX=17.4375 | breadth=45% | FII=SELLING | GIFT=+1.12%
22:45:31 | INFO     | __main__:2333 -   Computed: 82 | skipped: 0
22:45:31 | INFO     | __main__:2471 -   Results: 82 symbols
22:45:31 | INFO     | __main__:2472 -   Avg final_score:         54.3
22:45:31 | INFO     | __main__:2473 -   Avg momentum_score:      71.5
22:45:31 | INFO     | __main__:2474 -   Avg institutional_score: 33.5
22:45:31 | INFO     | __main__:2475 -   Avg breakout_readiness:  26.8
22:45:31 | INFO     | __main__:2476 -   Avg risk_score:          21.1
22:45:31 | INFO     | __main__:2477 -   Avg holding_score:       75.9
22:45:31 | INFO     | __main__:2478 -   Avg MA alignment:        5.0/6
22:45:31 | INFO     | __main__:2480 -   Momentum state:   {'HOT': 54, 'BUILDING': 22, 'STABLE': 2, 'WEAK': 4}
22:45:31 | INFO     | __main__:2481 -   Momentum phase:   {'EXPANSION': 42, 'EXTENDED': 23, 'EXHAUSTED': 5, 'EARLY': 2, 'FLAT': 10}
22:45:31 | INFO     | __main__:2482 -   Trend maturity:   {'DEVELOPING': 23, 'LATE': 38, 'EXHAUSTED': 5, 'FRESH': 9, 'FLAT': 7}
22:45:31 | INFO     | __main__:2483 -   Lifecycle:        {'HOLD': 70, 'ADD': 6, 'EXIT': 6}
22:45:31 | INFO     | __main__:2484 -   Entry timing:     {'REENTRY': 52, 'EXTENDED': 18, 'OPTIMAL': 2, 'CHASING': 8, 'APPROACHING': 2}
22:45:31 | INFO     | __main__:2485 -   Weekly structure: {'STRONG': 52, 'CAUTION': 11, 'WEAK': 12, 'CONSOLIDATING': 7}
22:45:31 | INFO     | __main__:2486 -   BB context:       {'UPPER_HALF': 45, 'RIDING_UPPER': 26, 'MIDDLE': 9, 'LOWER_HALF': 2}
22:45:31 | INFO     | __main__:2487 -   VWAP alignment:   {'ABOVE_20D': 48, 'ABOVE_ALL_EXTENDED': 6, 'ABOVE_ALL': 14, 'MIXED': 11, 'ABOVE_TODAY_ONLY': 1, 'BELOW_ALL': 2}
22:45:31 | INFO     | __main__:2488 -   Volume trend:     {'CONTRACTING': 17, 'STABLE': 39, 'EXPANDING': 24, 'DECLINING': 2}
22:45:31 | INFO     | __main__:2489 -   Fund quality:     {'STABLE': 80, 'LOSS_MAKING': 2}
22:45:31 | INFO     | __main__:2499 -   Score distribution: {'≥70': 1, '55-70': 45, '40-55': 30, '<40': 6}
22:45:31 | WARNING  | __main__:2501 -   ⚠ Less than 2 stocks scoring ≥70 — regime/data issue or regime is RISK OFF?
22:45:31 | INFO     | __main__:2505 -   Top 6 by final_score:
22:45:31 | INFO     | __main__:2509 -     TORNTPOWER   final= 70.1  hold= 86.8  mom=HOT      phase=EXTENDED   MA=6/6  BB=UPPER_HALF           risk=23.0  struct=YES
22:45:31 | INFO     | __main__:2509 -     CUMMINSIND   final= 66.8  hold= 87.7  mom=HOT      phase=EXPANSION  MA=6/6  BB=UPPER_HALF           risk=18.0  struct=YES
22:45:31 | INFO     | __main__:2509 -     APARINDS     final= 66.1  hold= 84.1  mom=HOT      phase=EXTENDED   MA=6/6  BB=RIDING_UPPER         risk=38.0  struct=YES
22:45:31 | INFO     | __main__:2509 -     HINDALCO     final= 66.0  hold= 86.6  mom=HOT      phase=EXTENDED   MA=6/6  BB=UPPER_HALF           risk=24.0  struct=YES
22:45:31 | INFO     | __main__:2509 -     JSWSTEEL     final= 65.6  hold= 75.5  mom=HOT      phase=EXPANSION  MA=6/6  BB=UPPER_HALF           risk=10.0  struct=YES
22:45:31 | INFO     | __main__:2509 -     NTPC         final= 65.5  hold= 82.4  mom=HOT      phase=EXPANSION  MA=5/6  BB=UPPER_HALF           risk= 7.0  struct=YES
22:45:31 | INFO     | __main__:2526 -   ★ HOT + in zone (new opportunities): ['BHARATFORG', 'SIEMENS', 'JAINREC', 'SOLARINDS', 'KEI', 'CGPOWER', 'KIRLOSENG', 'JSWSTEEL', 'TATAPOWER', 'ABB', 'BHEL', 'NTPC', 'NATIONALUM', 'ADANIPOWER', 'GRAPHITE']
22:45:31 | INFO     | __main__:2536 -   🌱 FRESH trend + struct_edge: ['INDUSINDBK', 'AIAENG', 'IPCALAB', 'JSWSTEEL', 'SARDAEN']
22:45:31 | INFO     | __main__:2585 -   Sheet vs computed divergences (61), top 40 by rank:
22:45:31 | INFO     | __main__:2587 -     #1 NTPC: mom HOT→HOT  score 130→65.5
22:45:31 | INFO     | __main__:2587 -     #2 JINDALSTEL: mom BUILDING→BUILDING  score 128→47.6
22:45:31 | INFO     | __main__:2587 -     #3 CUMMINSIND: mom HOT→HOT  score 124→66.8
22:45:31 | INFO     | __main__:2587 -     #4 NATIONALUM: mom HOT→HOT  score 118→61.5
22:45:31 | INFO     | __main__:2587 -     #5 TORNTPOWER: mom HOT→HOT  score 116→70.1
22:45:31 | INFO     | __main__:2587 -     #6 NMDC: mom HOT→HOT  score 116→62.6
22:45:31 | INFO     | __main__:2587 -     #7 BHARATFORG: mom HOT→HOT  score 114→59.1
22:45:31 | INFO     | __main__:2587 -     #8 SARDAEN: mom BUILDING→BUILDING  score 114→60.1
22:45:31 | INFO     | __main__:2587 -     #9 SIEMENS: mom HOT→HOT  score 111→64.7
22:45:31 | INFO     | __main__:2587 -     #10 LLOYDSME: mom HOT→HOT  score 111→57.7
22:45:31 | INFO     | __main__:2587 -     #11 SOLARINDS: mom HOT→HOT  score 110→62.8
22:45:31 | INFO     | __main__:2587 -     #12 SCHAEFFLER: mom HOT→HOT  score 109→60.4
22:45:31 | INFO     | __main__:2587 -     #13 TATASTEEL: mom HOT→HOT  score 107→63.1
22:45:31 | INFO     | __main__:2587 -     #14 WELCORP: mom HOT→HOT  score 107→44.7
22:45:31 | INFO     | __main__:2587 -     #15 CGPOWER: mom HOT→HOT  score 106→64.6
22:45:31 | INFO     | __main__:2587 -     #16 KEI: mom HOT→HOT  score 105→58.9
22:45:31 | INFO     | __main__:2587 -     #17 GPIL: mom BUILDING→BUILDING  score 105→59.0
22:45:31 | INFO     | __main__:2587 -     #18 VEDL: mom BUILDING→BUILDING  score 104→59.0
22:45:31 | INFO     | __main__:2587 -     #19 JINDALSAW: mom HOT→HOT  score 104→53.7
22:45:31 | INFO     | __main__:2587 -     #20 POLYCAB: mom HOT→HOT  score 98→55.7
22:45:31 | INFO     | __main__:2587 -     #21 AIAENG: mom BUILDING→BUILDING  score 97→52.8
22:45:31 | INFO     | __main__:2587 -     #22 KIRLOSENG: mom HOT→HOT  score 96→58.0
22:45:31 | INFO     | __main__:2587 -     #23 ADANIPOWER: mom HOT→HOT  score 95→53.7
22:45:31 | INFO     | __main__:2587 -     #24 GMDCLTD: mom HOT→HOT  score 95→57.9
22:45:31 | INFO     | __main__:2587 -     #25 ELGIEQUIP: mom HOT→HOT  score 93→62.6
22:45:31 | INFO     | __main__:2587 -     #26 NLCINDIA: mom HOT→HOT  score 93→65.2
22:45:31 | INFO     | __main__:2587 -     #27 APARINDS: mom HOT→HOT  score 92→66.1
22:45:31 | INFO     | __main__:2587 -     #28 ONGC: mom HOT→HOT  score 90→57.8
22:45:31 | INFO     | __main__:2587 -     #29 SCHNEIDER: mom HOT→HOT  score 90→53.1
22:45:31 | INFO     | __main__:2587 -     #30 OIL: mom HOT→HOT  score 89→50.7
22:45:31 | INFO     | __main__:2587 -     #31 FINCABLES: mom HOT→HOT  score 89→62.0
22:45:31 | INFO     | __main__:2587 -     #32 FEDERALBNK: mom HOT→HOT  score 88→38.8
22:45:31 | INFO     | __main__:2587 -     #33 DATAPATTNS: mom HOT→HOT  score 87→58.2
22:45:31 | INFO     | __main__:2587 -     #34 SHYAMMETL: mom BUILDING→BUILDING  score 85→56.4
22:45:31 | INFO     | __main__:2587 -     #35 CUB: mom HOT→HOT  score 84→49.4
22:45:31 | INFO     | __main__:2587 -     #36 ASTERDM: mom HOT→HOT  score 83→63.0
22:45:31 | INFO     | __main__:2587 -     #37 CANBK: mom STABLE→STABLE  score 82→22.3
22:45:31 | INFO     | __main__:2587 -     #38 AJANTPHARM: mom WEAK→WEAK  score 82→26.8
22:45:31 | INFO     | __main__:2587 -     #39 POWERINDIA: mom HOT→HOT  score 82→50.2
22:45:31 | INFO     | __main__:2587 -     #40 ADANIPORTS: mom HOT→HOT  score 80→62.1
22:45:31 | INFO     | __main__:2603 - Pass 3: writing results...
22:45:31 | SUCCESS  | __main__:2413 - ✓ full: 82 → master_shortlist
22:49:52 | INFO     | config:187 - TradeOS v6 config loaded | Capital=₹200,000 | DRY_RUN=False | Phase=2
22:49:52 | INFO     | __main__:826 - ============================================================
22:49:52 | INFO     | __main__:827 - STEP [15]: Generate Signals v3
22:49:52 | INFO     | __main__:828 - ============================================================
22:49:53 | INFO     | __main__:140 -   MSL rows loaded: 82 | compute_source breakdown: {'screen_stocks': 71, 'ingest_sheets': 11}
22:49:53 | INFO     | __main__:835 - Signal breakdown:   {'WATCH': 49, 'REENTRY_SETUP': 8, 'BUY_CANDIDATE': 3}
22:49:53 | INFO     | __main__:836 - Subtype breakdown:  {'reentry_pullback': 8, 'in_zone': 3}
22:49:53 | INFO     | __main__:847 -   BUY CANDIDATES:  11 (PRIME: 0)
22:49:53 | INFO     | __main__:849 -   EXIT signals:    0
22:49:53 | INFO     | __main__:850 -   REDUCE signals:  0
22:49:53 | INFO     | __main__:851 -   REGIME WARNS:    0
22:49:53 | INFO     | __main__:855 -   WATCH signals (49) by filter reason:
22:49:53 | INFO     | __main__:858 -     far_above_extended: 28 — e.g. SIEMENS, CGPOWER, KIRLOSENG, SOLARINDS
22:49:53 | INFO     | __main__:858 -     extended_timing_no_reentry: 13 — e.g. ELGIEQUIP, LLOYDSME, APARINDS, SCHNEIDER
22:49:53 | INFO     | __main__:858 -     moderate_above_insufficient_momentum: 8 — e.g. GPIL, VEDL, KEI, COALINDIA
22:49:53 | INFO     | __main__:871 -   Market context: VIX=17.4375 Nifty5d=-0.82 Breadth=44.71% FII20d=-52959.73
22:49:53 | INFO     | __main__:814 - ✓ 60 signals written to signal_log
23:20:26 | INFO     | config:187 - TradeOS v6 config loaded | Capital=₹200,000 | DRY_RUN=False | Phase=2
23:20:26 | INFO     | __main__:1070 - No recent closed trades to analyze
