00:24:42 | INFO     | config:187 - TradeOS v6 config loaded | Capital=₹200,000 | DRY_RUN=False | Phase=2
00:24:42 | INFO     | __main__:1036 - ============================================================
00:24:42 | INFO     | __main__:1037 - STEP [15]: Generate Signals v5 — Dynamic Thresholds
00:24:42 | INFO     | __main__:1038 - ============================================================
00:24:43 | INFO     | __main__:748 -   Thresholds loaded: risk_block=80.0 holding_exit=30.0 min_rr=1.0 min_score_adj=45.0 prime_breakout_min=55.0
00:24:43 | INFO     | __main__:219 - stock_data_daily using last trading day 2026-04-30
00:24:44 | WARNING  | __main__:227 - MSL using last available date 2026-05-01 (44 rows)
00:24:44 | INFO     | __main__:253 -   MSL: 44 rows | compute_source: {'ingest_sheets': 28, 'screen_stocks': 16}
00:24:44 | INFO     | __main__:1046 - Signal breakdown:  {'WATCH': 11, 'BLOCKED_ASM': 1}
00:24:44 | INFO     | __main__:1047 - Subtype breakdown: {}
00:24:44 | INFO     | __main__:1057 -   BUY: 0 (PRIME:0 REENTRY:0)
00:24:44 | INFO     | __main__:1058 -   EXIT:0 REDUCE:0 WATCH:11 (near_miss:10)
00:24:44 | INFO     | __main__:1064 -     target_already_reached: 3 — CUMMINSIND, ABB, SAIL
00:24:44 | INFO     | __main__:1064 -     insufficient_rr_0.16x: 1 — HINDALCO
00:24:44 | INFO     | __main__:1064 -     insufficient_rr_0.09x: 1 — BHARATFORG
00:24:44 | INFO     | __main__:1064 -     exit_lifecycle_no_entry: 1 — KIRLOSENG
00:24:44 | INFO     | __main__:1064 -     chase_3.1atrs_limit_2.6: 1 — BHEL
00:24:44 | INFO     | __main__:1064 -     chase_2.8atrs_limit_2.6: 1 — LLOYDSME
00:24:44 | INFO     | __main__:1064 -     chase_3.4atrs_limit_1.3: 1 — ADANIPOWER
00:24:44 | INFO     | __main__:1064 -     chase_4.2atrs_limit_2.6: 1 — WELCORP
00:24:44 | INFO     | __main__:1064 -     chase_3.5atrs_limit_2.6: 1 — POWERINDIA
00:24:44 | INFO     | __main__:1074 -   💡 Near misses for step 19 upgrade evaluation:
00:24:44 | INFO     | __main__:1078 -     CUMMINSIND: target_reached — {'blocked_by': 'target_reached', 'target': 5243.916067500001, 'cp': 5269.8}
00:24:44 | INFO     | __main__:1078 -     HINDALCO: rr — {'blocked_by': 'rr', 'implied_rr': 0.16, 'min_rr': 1.0}
00:24:44 | INFO     | __main__:1078 -     ABB: target_reached — {'blocked_by': 'target_reached', 'target': 7222.080167499999, 'cp': 7259.0}
00:24:44 | INFO     | __main__:1078 -     BHARATFORG: rr — {'blocked_by': 'rr', 'implied_rr': 0.09, 'min_rr': 1.0}
00:24:44 | INFO     | __main__:1078 -     BHEL: atr_chase — {'blocked_by': 'atr_chase', 'dist_atrs': 3.13, 'max_atrs': 2.6, 'gap_atrs': 0.53}
00:24:45 | INFO     | __main__:1024 - ✓ 12 signals written to signal_log
00:28:22 | INFO     | config:187 - TradeOS v6 config loaded | Capital=₹200,000 | DRY_RUN=False | Phase=2
00:28:22 | INFO     | __main__:1334 - No recent closed trades to analyze
00:39:26 | INFO     | config:187 - TradeOS v6 config loaded | Capital=₹200,000 | DRY_RUN=False | Phase=2
00:39:26 | INFO     | __main__:815 - ============================================================
00:39:26 | INFO     | __main__:816 - STEP 18: AI Market Intelligence 
00:39:26 | INFO     | __main__:817 - ============================================================
00:39:26 | INFO     | __main__:822 - Today: 2026-05-03 | Last trading day: 2026-04-30
00:39:26 | INFO     | __main__:825 - Pass 1: building market context...
00:39:27 | INFO     | __main__:827 -   0 signal candidates | 0 news | 24 sectors | 10 macro indicators | 5 historical echoes
00:39:27 | INFO     | __main__:864 - Calling AI...
00:39:41 | INFO     | __main__:792 - ai_context __MARKET_INTEL__ written
00:39:41 | SUCCESS  | __main__:885 - Step 18 done: 0 scores updated | 2 lessons | Sizing: HALF | FII 5-session: SELLING | Echo: Compared to my last call (Apr 30), FII selling has eased slightly from -₹22,599C
13:22:00 | INFO     | config:187 - TradeOS v6 config loaded | Capital=₹200,000 | DRY_RUN=True | Phase=2
13:22:00 | INFO     | __main__:2446 - ======================================================================
13:22:00 | INFO     | __main__:2447 - STEP [14]: Compute MSL v3.0 | 2026-05-03 | mode=FULL [DRY RUN]
13:22:00 | INFO     | __main__:2451 - ======================================================================
13:22:00 | INFO     | __main__:2453 - Pass 1: loading data (9 bulk queries)...
13:22:01 | WARNING  | __main__:303 -   master_shortlist: falling back to 2026-05-01
13:22:01 | INFO     | __main__:307 -   Source table: master_shortlist (44 symbols)
13:22:01 | WARNING  | __main__:367 -   stock_data_daily: falling back to 2026-04-30
13:22:01 | WARNING  | __main__:511 -   sector_strength: falling back to 2026-05-01
13:22:02 | INFO     | __main__:651 -   Loaded: 44 symbols | 44 stock_data | 493 history | 24 sectors | regime=NEUTRAL | 0 open positions | blocked=0 | FII=SELLING | news B:1/b:21
13:22:02 | ERROR    | __main__:458 - ============================================================
13:22:02 | ERROR    | __main__:459 - UPSTREAM DATA MISSING — COMPUTE RESULTS WILL BE WRONG
13:22:02 | ERROR    | __main__:460 - ============================================================
13:22:02 | ERROR    | __main__:462 -   CRITICAL: 'adx' only 0.0% populated in stock_data_daily — run compute_indicators.py first
13:22:02 | ERROR    | __main__:462 -   CRITICAL: 'rsi_daily' only 0.0% populated in stock_data_daily — run compute_indicators.py first
13:22:02 | ERROR    | __main__:462 -   CRITICAL: 'above_sma50' only 0.0% populated in stock_data_daily — run compute_indicators.py first
13:22:02 | ERROR    | __main__:462 -   CRITICAL: 'above_st' only 0.0% populated in stock_data_daily — run compute_indicators.py first
13:22:02 | ERROR    | __main__:462 -   CRITICAL: 'sma50_gt_200' only 0.0% populated in stock_data_daily — run compute_indicators.py first
13:22:02 | ERROR    | __main__:466 - ============================================================
13:22:02 | WARNING  | __main__:469 - Upstream field coverage warnings:
13:22:02 | WARNING  | __main__:471 -   WARNING:  'ema_20' only 0.0% populated in stock_data_daily — run compute_indicators.py to improve signal quality
13:22:02 | WARNING  | __main__:471 -   WARNING:  'supertrend' only 0.0% populated in stock_data_daily — run compute_indicators.py to improve signal quality
13:22:02 | WARNING  | __main__:471 -   WARNING:  'ha_close' only 0.0% populated in stock_data_daily — run compute_indicators.py to improve signal quality
13:22:02 | WARNING  | __main__:471 -   WARNING:  'vwap_20d' only 0.0% populated in stock_data_daily — run compute_indicators.py to improve signal quality
13:22:02 | WARNING  | __main__:471 -   WARNING:  'macd_hist' only 0.0% populated in stock_data_daily — run compute_indicators.py to improve signal quality
13:22:02 | WARNING  | __main__:471 -   WARNING:  'bb_upper' only 0.0% populated in stock_data_daily — run compute_indicators.py to improve signal quality
13:22:02 | WARNING  | __main__:471 -   WARNING:  'psar' only 0.0% populated in stock_data_daily — run compute_indicators.py to improve signal quality
13:22:02 | WARNING  | __main__:471 -   WARNING:  'rs_vs_nifty' only 0.0% populated in stock_data_daily — run compute_indicators.py to improve signal quality
13:22:02 | WARNING  | __main__:471 -   WARNING:  'atr_pct' only 0.0% populated in stock_data_daily — run compute_indicators.py to improve signal quality
13:22:02 | WARNING  | __main__:471 -   WARNING:  'high_52w' only 0.0% populated in stock_data_daily — run compute_indicators.py to improve signal quality
13:22:02 | WARNING  | __main__:471 -   WARNING:  'high_30d' only 0.0% populated in stock_data_daily — run compute_indicators.py to improve signal quality
13:22:02 | WARNING  | __main__:471 -   WARNING:  'consol_range' only 0.0% populated in stock_data_daily — run compute_indicators.py to improve signal quality
13:22:02 | WARNING  | __main__:471 -   WARNING:  'wk_hi_high' only 0.0% populated in stock_data_daily — run compute_indicators.py to improve signal quality
13:22:02 | WARNING  | __main__:471 -   WARNING:  'wk_hi_low' only 0.0% populated in stock_data_daily — run compute_indicators.py to improve signal quality
13:22:02 | ERROR    | __main__:2467 -   ABORT: 'adx' is only 0.0% populated — upstream script has not run. Fix pipeline order and retry.
13:22:02 | ERROR    | __main__:2467 -   ABORT: 'rsi_daily' is only 0.0% populated — upstream script has not run. Fix pipeline order and retry.
13:22:02 | ERROR    | __main__:2467 -   ABORT: 'above_sma50' is only 0.0% populated — upstream script has not run. Fix pipeline order and retry.
13:22:02 | ERROR    | __main__:2467 -   ABORT: 'above_st' is only 0.0% populated — upstream script has not run. Fix pipeline order and retry.
13:22:02 | ERROR    | __main__:2467 -   ABORT: 'sma50_gt_200' is only 0.0% populated — upstream script has not run. Fix pipeline order and retry.
13:24:30 | INFO     | config:187 - TradeOS v6 config loaded | Capital=₹200,000 | DRY_RUN=True | Phase=2
13:24:30 | INFO     | __main__:46 - STEP: Append MSL + Regime History Snapshot
13:24:30 | WARNING  | __main__:80 - No MSL rows for today — skipping history
13:25:11 | INFO     | config:187 - TradeOS v6 config loaded | Capital=₹200,000 | DRY_RUN=True | Phase=2
13:25:11 | INFO     | __main__:1082 - ============================================================
13:25:11 | INFO     | __main__:1083 - STEP [15]: Generate Signals v5 — Dynamic Thresholds
13:25:11 | INFO     | __main__:1084 - ============================================================
13:25:11 | INFO     | __main__:763 -   Thresholds loaded: risk_block=80.0 holding_exit=30.0 min_rr=1.0 min_score_adj=45.0 prime_breakout_min=55.0
13:25:11 | INFO     | __main__:228 - stock_data_daily using last trading day 2026-04-30
13:25:12 | WARNING  | __main__:236 - MSL using last available date 2026-05-01 (44 rows)
13:25:12 | INFO     | __main__:262 -   MSL: 44 rows | compute_source: {'ingest_sheets': 28, 'screen_stocks': 16}
13:25:12 | INFO     | __main__:1092 - Signal breakdown:  {'WATCH': 11, 'BLOCKED_ASM': 1}
13:25:12 | INFO     | __main__:1093 - Subtype breakdown: {}
13:25:12 | INFO     | __main__:1103 -   BUY: 0 (PRIME:0 REENTRY:0)
13:25:12 | INFO     | __main__:1104 -   EXIT:0 REDUCE:0 WATCH:11 (near_miss:10)
13:25:12 | INFO     | __main__:1110 -     target_already_reached: 3 — CUMMINSIND, ABB, SAIL
13:25:12 | INFO     | __main__:1110 -     insufficient_rr_0.16x: 1 — HINDALCO
13:25:12 | INFO     | __main__:1110 -     insufficient_rr_0.09x: 1 — BHARATFORG
13:25:12 | INFO     | __main__:1110 -     exit_lifecycle_no_entry: 1 — KIRLOSENG
13:25:12 | INFO     | __main__:1110 -     chase_3.1atrs_limit_2.6: 1 — BHEL
13:25:12 | INFO     | __main__:1110 -     chase_2.8atrs_limit_2.6: 1 — LLOYDSME
13:25:12 | INFO     | __main__:1110 -     chase_3.4atrs_limit_1.3: 1 — ADANIPOWER
13:25:12 | INFO     | __main__:1110 -     chase_4.2atrs_limit_2.6: 1 — WELCORP
13:25:12 | INFO     | __main__:1110 -     chase_3.5atrs_limit_2.6: 1 — POWERINDIA
13:25:12 | INFO     | __main__:1120 -   💡 Near misses for step 19 upgrade evaluation:
13:25:12 | INFO     | __main__:1124 -     CUMMINSIND: target_reached — {'blocked_by': 'target_reached', 'target': 5243.916067500001, 'cp': 5269.8}
13:25:12 | INFO     | __main__:1124 -     HINDALCO: rr — {'blocked_by': 'rr', 'implied_rr': 0.16, 'min_rr': 1.0}
13:25:12 | INFO     | __main__:1124 -     ABB: target_reached — {'blocked_by': 'target_reached', 'target': 7222.080167499999, 'cp': 7259.0}
13:25:12 | INFO     | __main__:1124 -     BHARATFORG: rr — {'blocked_by': 'rr', 'implied_rr': 0.09, 'min_rr': 1.0}
13:25:12 | INFO     | __main__:1124 -     BHEL: atr_chase — {'blocked_by': 'atr_chase', 'dist_atrs': 3.13, 'max_atrs': 2.6, 'gap_atrs': 0.53}
13:25:12 | INFO     | __main__:1065 - [DRY RUN] Would write 12 signals
13:28:58 | INFO     | config:187 - TradeOS v6 config loaded | Capital=₹200,000 | DRY_RUN=True | Phase=2
13:29:01 | INFO     | __main__:939 - compute_indicators v2.2 — 2026-05-03 — COMPUTE_ONLY [DRY RUN]
13:29:02 | INFO     | __main__:919 -   Resolved trading date: 2026-05-03 → 2026-04-30
13:29:02 | INFO     | __main__:952 - Pass 1: bulk data fetch...
13:29:02 | INFO     | __main__:402 -   chartink_raw_data: 500 rows
13:29:02 | INFO     | __main__:194 -   fetch_bulk_history_yf: checking price_history_yf cache (500 symbols)...
13:29:03 | INFO     | __main__:240 -   price_history_yf: 0 have base | 0 tail-refresh | 500 full fetch
13:29:03 | INFO     | __main__:272 -   yfinance: 500 full + 0 tail fetches...
13:29:30 | INFO     | config:187 - TradeOS v6 config loaded | Capital=₹200,000 | DRY_RUN=False | Phase=2
13:29:31 | INFO     | __main__:939 - compute_indicators v2.2 — 2026-05-03 — COMPUTE_ONLY
13:29:31 | INFO     | __main__:919 -   Resolved trading date: 2026-05-03 → 2026-04-30
13:29:31 | INFO     | __main__:952 - Pass 1: bulk data fetch...
13:29:32 | INFO     | __main__:402 -   chartink_raw_data: 500 rows
13:29:32 | INFO     | __main__:194 -   fetch_bulk_history_yf: checking price_history_yf cache (500 symbols)...
13:29:33 | INFO     | __main__:240 -   price_history_yf: 0 have base | 0 tail-refresh | 500 full fetch
13:29:33 | INFO     | __main__:272 -   yfinance: 500 full + 0 tail fetches...
13:29:51 | INFO     | __main__:370 -   Caching 154116 rows to price_history_yf...
13:30:13 | INFO     | __main__:376 -   Cached successfully
13:30:13 | INFO     | __main__:388 -   fetch_bulk_history_yf: 500 symbols | 154116 total sessions | 500 fetched from yfinance
13:30:13 | INFO     | __main__:438 -   Upcoming events: 343 symbols with events in next 30d
13:30:13 | INFO     | __main__:462 -   MSL symbols: 44 in shortlist
13:30:13 | INFO     | __main__:486 -   Index membership: 600 symbols mapped
13:30:14 | INFO     | __main__:524 -   raw_prices: 499 symbols with delivery/value data
13:30:14 | INFO     | __main__:968 -   Nifty 1M return: 3.8203%
13:30:14 | INFO     | __main__:975 - Pass 2: computing and reconciling...
13:30:14 | INFO     | __main__:1026 - =================================================================
13:30:14 | INFO     | __main__:1027 - COMPUTE INDICATORS SUMMARY — 2026-04-30 — COMPUTE_ONLY
13:30:14 | INFO     | __main__:1028 -   Symbols: 500 processed | 0 skipped
13:30:14 | INFO     | __main__:1052 - =================================================================
13:30:14 | INFO     | __main__:1068 - Pass 3: writing 500 rows to stock_data_daily...
13:30:15 | SUCCESS  | __main__:1076 - compute_indicators: 500 written | 0 skipped | 0 diverged field types requiring review
14:24:48 | INFO     | config:189 - TradeOS v6 config loaded | Capital=₹200,000 | DRY_RUN=False | Phase=2
14:24:48 | INFO     | __main__:1400 - =================================================================
14:24:48 | INFO     | __main__:1401 - STEP: Compute Regime v2.0 | 2026-05-03 | mode=FULL
14:24:48 | INFO     | __main__:1403 - =================================================================
14:24:49 | INFO     | __main__:110 -   stock_data_daily last trading date: 2026-04-30
14:24:49 | INFO     | __main__:140 -   2026-05-03 is non-trading — effective date is 2026-04-30
14:24:49 | INFO     | __main__:1411 -   Non-trading day — computing for last trading date: 2026-04-30
14:24:49 | INFO     | __main__:1414 - Pass 1: loading data...
14:24:49 | INFO     | __main__:412 -   Nifty Supabase: price=23997.55 | dma50=24173.825 | dma200=25108.484599609375 | weekly_rsi=42.98
14:24:49 | INFO     | __main__:440 -   BankNifty: price=55403.6015625 | weekly_rsi=41.7 | Nifty weekly_rsi=42.98
14:24:49 | INFO     | __main__:527 -   VIX: current=18.46 | rows_fetched=6 | vix_5d_delta=0.08 | ✓ delta computed
14:24:49 | INFO     | __main__:562 -   GIFT Nifty=23997.55 | prev_close=24177.650390625 | premium=-0.74%
14:24:49 | INFO     | __main__:617 -   DB fallback from: 2026-04-30
14:24:50 | INFO     | __main__:651 -   Loaded: regime_history=10 days | VIX=18.46 (macro_indicators) | FII flag=CAUTION | Nifty=23997.55 | above200dma=43.96%
14:24:50 | INFO     | __main__:1427 - Pass 2: scoring pillars...
14:24:50 | INFO     | __main__:1450 -   Pillar scores:
14:24:50 | INFO     | __main__:1451 -     Price structure:    1.0/25
14:24:50 | INFO     | __main__:1452 -     Breadth:           14.0/25
14:24:50 | INFO     | __main__:1453 -     Momentum:           4.0/20
14:24:50 | INFO     | __main__:1454 -     Volatility/VIX:     5.0/15  (VIX=18.46, Δ5d=+0.08)
14:24:50 | INFO     | __main__:1456 -     FII flows:          3.0/15
14:24:50 | INFO     | __main__:1457 -     Global modifier:   +2.0/±5  (S&P500 5d=+1.0%)
14:24:50 | INFO     | __main__:1459 -     ─────────────────────────────────────
14:24:50 | INFO     | __main__:1460 -     TOTAL:             29.0/100
14:24:50 | INFO     | __main__:1470 - Pass 3: applying hysteresis...
14:24:50 | INFO     | __main__:1478 -   Computed: NEUTRAL | Score: 29.0/100 | ✅ AGREE
14:24:50 | INFO     | __main__:1492 - Pass 4: writing (full mode)...
14:24:50 | SUCCESS  | __main__:1318 - ✓ market_regime UPSERT | computed_regime=NEUTRAL | score=29.0 | date=2026-04-30
14:24:50 | INFO     | __main__:1321 -   FULL MODE: regime field updated → Sheet decommissioned
14:26:07 | INFO     | config:189 - TradeOS v6 config loaded | Capital=₹200,000 | DRY_RUN=False | Phase=2
14:26:07 | INFO     | __main__:974 - compute_indicators v2.2 — 2026-05-03 — COMPUTE_ONLY
14:26:07 | INFO     | __main__:954 -   Resolved trading date: 2026-05-03 → 2026-04-30
14:26:07 | INFO     | __main__:987 - Pass 1: bulk data fetch...
14:26:07 | INFO     | __main__:437 -   chartink_raw_data: 500 rows
14:26:07 | INFO     | __main__:195 -   fetch_bulk_history_yf: checking price_history_yf cache (500 symbols)...
14:26:11 | INFO     | __main__:253 -   Today OHLCV seeded from chartink: 500 symbols | yfinance tail calls eliminated
14:26:11 | INFO     | __main__:274 -   price_history_yf: 0 have base | 0 tail-refresh | 500 full fetch
14:26:11 | INFO     | __main__:306 -   yfinance: 500 full + 0 tail fetches...
14:26:28 | INFO     | __main__:423 -   fetch_bulk_history_yf: 500 symbols | 154116 total sessions | 500 fetched from yfinance
14:26:28 | INFO     | __main__:473 -   Upcoming events: 343 symbols with events in next 30d
14:26:28 | INFO     | __main__:497 -   MSL symbols: 44 in shortlist
14:26:28 | INFO     | __main__:521 -   Index membership: 600 symbols mapped
14:26:28 | INFO     | __main__:559 -   raw_prices: 499 symbols with delivery/value data
14:26:28 | INFO     | __main__:1017 -   Nifty 1M return: 3.8203%
14:26:28 | INFO     | __main__:1024 - Pass 2: computing and reconciling...
14:26:28 | INFO     | __main__:1075 - =================================================================
14:26:28 | INFO     | __main__:1076 - COMPUTE INDICATORS SUMMARY — 2026-04-30 — COMPUTE_ONLY
14:26:28 | INFO     | __main__:1077 -   Symbols: 500 processed | 0 skipped
14:26:28 | INFO     | __main__:1101 - =================================================================
14:26:28 | INFO     | __main__:1117 - Pass 3: writing 500 rows to stock_data_daily...
14:26:30 | SUCCESS  | __main__:1125 - compute_indicators: 500 written | 0 skipped | 0 diverged field types requiring review
14:38:29 | INFO     | config:189 - TradeOS v6 config loaded | Capital=₹200,000 | DRY_RUN=False | Phase=2
14:38:29 | INFO     | __main__:979 - compute_indicators v2.2 — 2026-05-03 — COMPUTE_ONLY
14:38:29 | INFO     | __main__:959 -   Resolved trading date: 2026-05-03 → 2026-04-30
14:38:29 | INFO     | __main__:992 - Pass 1: bulk data fetch...
14:38:29 | INFO     | __main__:442 -   chartink_raw_data: 500 rows
14:38:29 | INFO     | __main__:195 -   fetch_bulk_history_yf: checking price_history_yf cache (500 symbols)...
14:38:32 | INFO     | __main__:253 -   Today OHLCV seeded from chartink: 500 symbols | yfinance tail calls eliminated
14:51:39 | INFO     | config:189 - TradeOS v6 config loaded | Capital=₹200,000 | DRY_RUN=False | Phase=2
14:51:39 | INFO     | __main__:1002 - compute_indicators v2.2 — 2026-05-03 — COMPUTE_ONLY
14:51:39 | INFO     | __main__:982 -   Resolved trading date: 2026-05-03 → 2026-04-30
14:51:39 | INFO     | __main__:1015 - Pass 1: bulk data fetch...
14:51:40 | INFO     | __main__:465 -   chartink_raw_data: 500 rows
14:51:40 | INFO     | __main__:201 -   fetch_bulk_history_yf: checking price_history_yf cache (500 symbols)...
14:51:46 | INFO     | __main__:259 -   Today OHLCV seeded from chartink: 500 symbols | tail calls eliminated | 0 symbols have zero cached history and will need a full yfinance fetch
14:51:46 | WARNING  | __main__:290 -   ASAHIINDIA: 50 sessions cached (need 260 for full return history) — ret_6m/ret_12m will return None until history accumulates naturally. No refetch triggered.
14:51:46 | WARNING  | __main__:290 -   KPRMILL: 50 sessions cached (need 260 for full return history) — ret_6m/ret_12m will return None until history accumulates naturally. No refetch triggered.
14:51:46 | WARNING  | __main__:290 -   POWERGRID: 50 sessions cached (need 260 for full return history) — ret_6m/ret_12m will return None until history accumulates naturally. No refetch triggered.
14:51:46 | WARNING  | __main__:290 -   ECLERX: 50 sessions cached (need 260 for full return history) — ret_6m/ret_12m will return None until history accumulates naturally. No refetch triggered.
14:51:46 | WARNING  | __main__:290 -   TITAGARH: 50 sessions cached (need 260 for full return history) — ret_6m/ret_12m will return None until history accumulates naturally. No refetch triggered.
14:51:46 | WARNING  | __main__:290 -   GRAVITA: 50 sessions cached (need 260 for full return history) — ret_6m/ret_12m will return None until history accumulates naturally. No refetch triggered.
14:51:46 | WARNING  | __main__:290 -   KIRLOSENG: 50 sessions cached (need 260 for full return history) — ret_6m/ret_12m will return None until history accumulates naturally. No refetch triggered.
14:51:46 | WARNING  | __main__:290 -   CESC: 50 sessions cached (need 260 for full return history) — ret_6m/ret_12m will return None until history accumulates naturally. No refetch triggered.
14:51:46 | WARNING  | __main__:290 -   CGCL: 50 sessions cached (need 260 for full return history) — ret_6m/ret_12m will return None until history accumulates naturally. No refetch triggered.
14:51:46 | WARNING  | __main__:290 -   GAIL: 50 sessions cached (need 260 for full return history) — ret_6m/ret_12m will return None until history accumulates naturally. No refetch triggered.
14:51:46 | WARNING  | __main__:290 -   GPIL: 50 sessions cached (need 260 for full return history) — ret_6m/ret_12m will return None until history accumulates naturally. No refetch triggered.
14:51:46 | WARNING  | __main__:290 -   GRSE: 50 sessions cached (need 260 for full return history) — ret_6m/ret_12m will return None until history accumulates naturally. No refetch triggered.
14:51:46 | WARNING  | __main__:290 -   GSPL: 50 sessions cached (need 260 for full return history) — ret_6m/ret_12m will return None until history accumulates naturally. No refetch triggered.
14:51:46 | WARNING  | __main__:290 -   HEXT: 50 sessions cached (need 260 for full return history) — ret_6m/ret_12m will return None until history accumulates naturally. No refetch triggered.
14:51:46 | WARNING  | __main__:290 -   HFCL: 50 sessions cached (need 260 for full return history) — ret_6m/ret_12m will return None until history accumulates naturally. No refetch triggered.
14:51:46 | WARNING  | __main__:290 -   SHREECEM: 50 sessions cached (need 260 for full return history) — ret_6m/ret_12m will return None until history accumulates naturally. No refetch triggered.
14:51:46 | WARNING  | __main__:290 -   PVRINOX: 50 sessions cached (need 260 for full return history) — ret_6m/ret_12m will return None until history accumulates naturally. No refetch triggered.
14:51:46 | WARNING  | __main__:290 -   AEGISLOG: 50 sessions cached (need 260 for full return history) — ret_6m/ret_12m will return None until history accumulates naturally. No refetch triggered.
14:51:46 | WARNING  | __main__:290 -   INDIGO: 50 sessions cached (need 260 for full return history) — ret_6m/ret_12m will return None until history accumulates naturally. No refetch triggered.
14:51:46 | WARNING  | __main__:290 -   JIOFIN: 50 sessions cached (need 260 for full return history) — ret_6m/ret_12m will return None until history accumulates naturally. No refetch triggered.
14:51:46 | WARNING  | __main__:290 -   KAYNES: 50 sessions cached (need 260 for full return history) — ret_6m/ret_12m will return None until history accumulates naturally. No refetch triggered.
14:51:46 | WARNING  | __main__:290 -   GODREJPROP: 50 sessions cached (need 260 for full return history) — ret_6m/ret_12m will return None until history accumulates naturally. No refetch triggered.
14:51:46 | WARNING  | __main__:290 -   M&MFIN: 50 sessions cached (need 260 for full return history) — ret_6m/ret_12m will return None until history accumulates naturally. No refetch triggered.
14:51:46 | WARNING  | __main__:290 -   BALKRISIND: 50 sessions cached (need 260 for full return history) — ret_6m/ret_12m will return None until history accumulates naturally. No refetch triggered.
14:51:46 | WARNING  | __main__:290 -   MARUTI: 50 sessions cached (need 260 for full return history) — ret_6m/ret_12m will return None until history accumulates naturally. No refetch triggered.
14:51:46 | WARNING  | __main__:290 -   DEVYANI: 50 sessions cached (need 260 for full return history) — ret_6m/ret_12m will return None until history accumulates naturally. No refetch triggered.
14:51:46 | WARNING  | __main__:290 -   NAUKRI: 50 sessions cached (need 260 for full return history) — ret_6m/ret_12m will return None until history accumulates naturally. No refetch triggered.
14:51:46 | WARNING  | __main__:290 -   NEWGEN: 50 sessions cached (need 260 for full return history) — ret_6m/ret_12m will return None until history accumulates naturally. No refetch triggered.
14:51:46 | WARNING  | __main__:290 -   SONACOMS: 50 sessions cached (need 260 for full return history) — ret_6m/ret_12m will return None until history accumulates naturally. No refetch triggered.
14:51:46 | WARNING  | __main__:290 -   NUVOCO: 50 sessions cached (need 260 for full return history) — ret_6m/ret_12m will return None until history accumulates naturally. No refetch triggered.
14:51:46 | WARNING  | __main__:290 -   ICICIGI: 50 sessions cached (need 260 for full return history) — ret_6m/ret_12m will return None until history accumulates naturally. No refetch triggered.
14:51:46 | WARNING  | __main__:290 -   RADICO: 50 sessions cached (need 260 for full return history) — ret_6m/ret_12m will return None until history accumulates naturally. No refetch triggered.
14:51:46 | WARNING  | __main__:290 -   SUZLON: 50 sessions cached (need 260 for full return history) — ret_6m/ret_12m will return None until history accumulates naturally. No refetch triggered.
14:51:46 | WARNING  | __main__:290 -   SWIGGY: 50 sessions cached (need 260 for full return history) — ret_6m/ret_12m will return None until history accumulates naturally. No refetch triggered.
14:51:46 | WARNING  | __main__:290 -   TBOTEK: 50 sessions cached (need 260 for full return history) — ret_6m/ret_12m will return None until history accumulates naturally. No refetch triggered.
14:51:46 | WARNING  | __main__:290 -   TIMKEN: 50 sessions cached (need 260 for full return history) — ret_6m/ret_12m will return None until history accumulates naturally. No refetch triggered.
14:51:46 | WARNING  | __main__:290 -   DELHIVERY: 50 sessions cached (need 260 for full return history) — ret_6m/ret_12m will return None until history accumulates naturally. No refetch triggered.
14:51:46 | WARNING  | __main__:290 -   UTIAMC: 50 sessions cached (need 260 for full return history) — ret_6m/ret_12m will return None until history accumulates naturally. No refetch triggered.
14:51:46 | WARNING  | __main__:290 -   SUNDARMFIN: 50 sessions cached (need 260 for full return history) — ret_6m/ret_12m will return None until history accumulates naturally. No refetch triggered.
14:51:46 | WARNING  | __main__:290 -   DCMSHRIRAM: 50 sessions cached (need 260 for full return history) — ret_6m/ret_12m will return None until history accumulates naturally. No refetch triggered.
14:51:46 | WARNING  | __main__:290 -   VIJAYA: 50 sessions cached (need 260 for full return history) — ret_6m/ret_12m will return None until history accumulates naturally. No refetch triggered.
14:51:46 | WARNING  | __main__:290 -   NAVINFLUOR: 50 sessions cached (need 260 for full return history) — ret_6m/ret_12m will return None until history accumulates naturally. No refetch triggered.
14:51:46 | WARNING  | __main__:290 -   DATAPATTNS: 50 sessions cached (need 260 for full return history) — ret_6m/ret_12m will return None until history accumulates naturally. No refetch triggered.
14:51:46 | WARNING  | __main__:290 -   SAILIFE: 50 sessions cached (need 260 for full return history) — ret_6m/ret_12m will return None until history accumulates naturally. No refetch triggered.
14:51:46 | WARNING  | __main__:290 -   SARDAEN: 50 sessions cached (need 260 for full return history) — ret_6m/ret_12m will return None until history accumulates naturally. No refetch triggered.
14:51:46 | WARNING  | __main__:290 -   GODREJCP: 50 sessions cached (need 260 for full return history) — ret_6m/ret_12m will return None until history accumulates naturally. No refetch triggered.
14:51:46 | WARNING  | __main__:290 -   SBICARD: 50 sessions cached (need 260 for full return history) — ret_6m/ret_12m will return None until history accumulates naturally. No refetch triggered.
14:51:46 | WARNING  | __main__:290 -   CHOICEIN: 50 sessions cached (need 260 for full return history) — ret_6m/ret_12m will return None until history accumulates naturally. No refetch triggered.
14:51:46 | WARNING  | __main__:290 -   ZENTEC: 50 sessions cached (need 260 for full return history) — ret_6m/ret_12m will return None until history accumulates naturally. No refetch triggered.
14:51:46 | WARNING  | __main__:290 -   INDIANB: 50 sessions cached (need 260 for full return history) — ret_6m/ret_12m will return None until history accumulates naturally. No refetch triggered.
14:51:46 | WARNING  | __main__:290 -   APOLLOHOSP: 50 sessions cached (need 260 for full return history) — ret_6m/ret_12m will return None until history accumulates naturally. No refetch triggered.
14:51:46 | WARNING  | __main__:290 -   MAXHEALTH: 50 sessions cached (need 260 for full return history) — ret_6m/ret_12m will return None until history accumulates naturally. No refetch triggered.
14:51:46 | WARNING  | __main__:290 -   STARHEALTH: 50 sessions cached (need 260 for full return history) — ret_6m/ret_12m will return None until history accumulates naturally. No refetch triggered.
14:51:46 | WARNING  | __main__:290 -   SCHNEIDER: 50 sessions cached (need 260 for full return history) — ret_6m/ret_12m will return None until history accumulates naturally. No refetch triggered.
14:51:46 | WARNING  | __main__:290 -   SAREGAMA: 50 sessions cached (need 260 for full return history) — ret_6m/ret_12m will return None until history accumulates naturally. No refetch triggered.
14:51:46 | WARNING  | __main__:290 -   NSLNISP: 50 sessions cached (need 260 for full return history) — ret_6m/ret_12m will return None until history accumulates naturally. No refetch triggered.
14:51:46 | WARNING  | __main__:290 -   ATHERENERG: 50 sessions cached (need 260 for full return history) — ret_6m/ret_12m will return None until history accumulates naturally. No refetch triggered.
14:51:46 | WARNING  | __main__:290 -   BAJAJHFL: 50 sessions cached (need 260 for full return history) — ret_6m/ret_12m will return None until history accumulates naturally. No refetch triggered.
14:51:46 | WARNING  | __main__:290 -   ABCAPITAL: 50 sessions cached (need 260 for full return history) — ret_6m/ret_12m will return None until history accumulates naturally. No refetch triggered.
14:51:46 | WARNING  | __main__:290 -   CONCORDBIO: 50 sessions cached (need 260 for full return history) — ret_6m/ret_12m will return None until history accumulates naturally. No refetch triggered.
14:51:46 | WARNING  | __main__:290 -   JAINREC: 50 sessions cached (need 260 for full return history) — ret_6m/ret_12m will return None until history accumulates naturally. No refetch triggered.
14:51:46 | WARNING  | __main__:290 -   SYNGENE: 50 sessions cached (need 260 for full return history) — ret_6m/ret_12m will return None until history accumulates naturally. No refetch triggered.
14:51:46 | WARNING  | __main__:290 -   INTELLECT: 50 sessions cached (need 260 for full return history) — ret_6m/ret_12m will return None until history accumulates naturally. No refetch triggered.
14:51:46 | WARNING  | __main__:290 -   GALLANTT: 50 sessions cached (need 260 for full return history) — ret_6m/ret_12m will return None until history accumulates naturally. No refetch triggered.
14:51:46 | WARNING  | __main__:290 -   JSWINFRA: 50 sessions cached (need 260 for full return history) — ret_6m/ret_12m will return None until history accumulates naturally. No refetch triggered.
14:51:46 | WARNING  | __main__:290 -   IDFCFIRSTB: 50 sessions cached (need 260 for full return history) — ret_6m/ret_12m will return None until history accumulates naturally. No refetch triggered.
14:51:46 | WARNING  | __main__:290 -   NAM-INDIA: 50 sessions cached (need 260 for full return history) — ret_6m/ret_12m will return None until history accumulates naturally. No refetch triggered.
14:51:46 | WARNING  | __main__:290 -   NATIONALUM: 50 sessions cached (need 260 for full return history) — ret_6m/ret_12m will return None until history accumulates naturally. No refetch triggered.
14:51:46 | WARNING  | __main__:290 -   MINDACORP: 50 sessions cached (need 260 for full return history) — ret_6m/ret_12m will return None until history accumulates naturally. No refetch triggered.
14:51:46 | WARNING  | __main__:290 -   CREDITACC: 50 sessions cached (need 260 for full return history) — ret_6m/ret_12m will return None until history accumulates naturally. No refetch triggered.
14:51:46 | WARNING  | __main__:290 -   TATACAP: 50 sessions cached (need 260 for full return history) — ret_6m/ret_12m will return None until history accumulates naturally. No refetch triggered.
14:51:46 | WARNING  | __main__:290 -   COALINDIA: 50 sessions cached (need 260 for full return history) — ret_6m/ret_12m will return None until history accumulates naturally. No refetch triggered.
14:51:46 | WARNING  | __main__:290 -   NLCINDIA: 50 sessions cached (need 260 for full return history) — ret_6m/ret_12m will return None until history accumulates naturally. No refetch triggered.
14:51:46 | WARNING  | __main__:290 -   SHRIRAMFIN: 50 sessions cached (need 260 for full return history) — ret_6m/ret_12m will return None until history accumulates naturally. No refetch triggered.
14:51:46 | WARNING  | __main__:290 -   BANDHANBNK: 50 sessions cached (need 260 for full return history) — ret_6m/ret_12m will return None until history accumulates naturally. No refetch triggered.
14:51:46 | WARNING  | __main__:290 -   TECHNOE: 50 sessions cached (need 260 for full return history) — ret_6m/ret_12m will return None until history accumulates naturally. No refetch triggered.
14:51:46 | WARNING  | __main__:290 -   ETERNAL: 50 sessions cached (need 260 for full return history) — ret_6m/ret_12m will return None until history accumulates naturally. No refetch triggered.
14:51:46 | WARNING  | __main__:290 -   JPPOWER: 50 sessions cached (need 260 for full return history) — ret_6m/ret_12m will return None until history accumulates naturally. No refetch triggered.
14:51:46 | WARNING  | __main__:290 -   OLAELEC: 50 sessions cached (need 260 for full return history) — ret_6m/ret_12m will return None until history accumulates naturally. No refetch triggered.
14:51:46 | WARNING  | __main__:290 -   OLECTRA: 50 sessions cached (need 260 for full return history) — ret_6m/ret_12m will return None until history accumulates naturally. No refetch triggered.
14:51:46 | WARNING  | __main__:290 -   TEJASNET: 50 sessions cached (need 260 for full return history) — ret_6m/ret_12m will return None until history accumulates naturally. No refetch triggered.
14:51:46 | WARNING  | __main__:290 -   PIRAMALFIN: 50 sessions cached (need 260 for full return history) — ret_6m/ret_12m will return None until history accumulates naturally. No refetch triggered.
14:51:46 | WARNING  | __main__:290 -   TIINDIA: 50 sessions cached (need 260 for full return history) — ret_6m/ret_12m will return None until history accumulates naturally. No refetch triggered.
14:51:46 | WARNING  | __main__:290 -   YESBANK: 50 sessions cached (need 260 for full return history) — ret_6m/ret_12m will return None until history accumulates naturally. No refetch triggered.
14:51:46 | WARNING  | __main__:290 -   ZYDUSWELL: 50 sessions cached (need 260 for full return history) — ret_6m/ret_12m will return None until history accumulates naturally. No refetch triggered.
14:51:46 | WARNING  | __main__:290 -   ADANIENT: 50 sessions cached (need 260 for full return history) — ret_6m/ret_12m will return None until history accumulates naturally. No refetch triggered.
14:51:46 | WARNING  | __main__:290 -   JUBLPHARMA: 50 sessions cached (need 260 for full return history) — ret_6m/ret_12m will return None until history accumulates naturally. No refetch triggered.
14:51:46 | WARNING  | __main__:290 -   TORNTPOWER: 50 sessions cached (need 260 for full return history) — ret_6m/ret_12m will return None until history accumulates naturally. No refetch triggered.
14:51:46 | WARNING  | __main__:290 -   ABSLAMC: 50 sessions cached (need 260 for full return history) — ret_6m/ret_12m will return None until history accumulates naturally. No refetch triggered.
14:51:46 | WARNING  | __main__:290 -   PHOENIXLTD: 50 sessions cached (need 260 for full return history) — ret_6m/ret_12m will return None until history accumulates naturally. No refetch triggered.
14:51:46 | WARNING  | __main__:290 -   SIGNATURE: 50 sessions cached (need 260 for full return history) — ret_6m/ret_12m will return None until history accumulates naturally. No refetch triggered.
14:51:46 | WARNING  | __main__:290 -   MOTILALOFS: 50 sessions cached (need 260 for full return history) — ret_6m/ret_12m will return None until history accumulates naturally. No refetch triggered.
14:51:46 | WARNING  | __main__:290 -   AJANTPHARM: 50 sessions cached (need 260 for full return history) — ret_6m/ret_12m will return None until history accumulates naturally. No refetch triggered.
14:51:46 | WARNING  | __main__:290 -   JYOTICNC: 50 sessions cached (need 260 for full return history) — ret_6m/ret_12m will return None until history accumulates naturally. No refetch triggered.
14:51:46 | WARNING  | __main__:290 -   ICICIAMC: 50 sessions cached (need 260 for full return history) — ret_6m/ret_12m will return None until history accumulates naturally. No refetch triggered.
14:51:46 | WARNING  | __main__:290 -   ELGIEQUIP: 50 sessions cached (need 260 for full return history) — ret_6m/ret_12m will return None until history accumulates naturally. No refetch triggered.
14:51:46 | WARNING  | __main__:290 -   JSWCEMENT: 50 sessions cached (need 260 for full return history) — ret_6m/ret_12m will return None until history accumulates naturally. No refetch triggered.
14:51:46 | WARNING  | __main__:290 -   LINDEINDIA: 50 sessions cached (need 260 for full return history) — ret_6m/ret_12m will return None until history accumulates naturally. No refetch triggered.
14:51:46 | WARNING  | __main__:290 -   ANGELONE: 50 sessions cached (need 260 for full return history) — ret_6m/ret_12m will return None until history accumulates naturally. No refetch triggered.
14:51:46 | WARNING  | __main__:290 -   LGEINDIA: 50 sessions cached (need 260 for full return history) — ret_6m/ret_12m will return None until history accumulates naturally. No refetch triggered.
14:51:46 | WARNING  | __main__:290 -   JKCEMENT: 50 sessions cached (need 260 for full return history) — ret_6m/ret_12m will return None until history accumulates naturally. No refetch triggered.
14:51:46 | WARNING  | __main__:290 -   GLENMARK: 50 sessions cached (need 260 for full return history) — ret_6m/ret_12m will return None until history accumulates naturally. No refetch triggered.
14:51:46 | WARNING  | __main__:290 -   CRAFTSMAN: 50 sessions cached (need 260 for full return history) — ret_6m/ret_12m will return None until history accumulates naturally. No refetch triggered.
14:51:46 | WARNING  | __main__:290 -   VTL: 50 sessions cached (need 260 for full return history) — ret_6m/ret_12m will return None until history accumulates naturally. No refetch triggered.
14:51:46 | WARNING  | __main__:290 -   SWANCORP: 50 sessions cached (need 260 for full return history) — ret_6m/ret_12m will return None until history accumulates naturally. No refetch triggered.
14:51:46 | WARNING  | __main__:290 -   NH: 50 sessions cached (need 260 for full return history) — ret_6m/ret_12m will return None until history accumulates naturally. No refetch triggered.
14:51:46 | WARNING  | __main__:290 -   JINDALSTEL: 50 sessions cached (need 260 for full return history) — ret_6m/ret_12m will return None until history accumulates naturally. No refetch triggered.
14:51:46 | WARNING  | __main__:290 -   WOCKPHARMA: 50 sessions cached (need 260 for full return history) — ret_6m/ret_12m will return None until history accumulates naturally. No refetch triggered.
14:51:46 | WARNING  | __main__:290 -   ZYDUSLIFE: 50 sessions cached (need 260 for full return history) — ret_6m/ret_12m will return None until history accumulates naturally. No refetch triggered.
14:51:46 | WARNING  | __main__:290 -   MCX: 50 sessions cached (need 260 for full return history) — ret_6m/ret_12m will return None until history accumulates naturally. No refetch triggered.
14:51:46 | WARNING  | __main__:290 -   INDUSTOWER: 50 sessions cached (need 260 for full return history) — ret_6m/ret_12m will return None until history accumulates naturally. No refetch triggered.
14:51:46 | WARNING  | __main__:290 -   INOXWIND: 50 sessions cached (need 260 for full return history) — ret_6m/ret_12m will return None until history accumulates naturally. No refetch triggered.
14:51:46 | WARNING  | __main__:290 -   LALPATHLAB: 50 sessions cached (need 260 for full return history) — ret_6m/ret_12m will return None until history accumulates naturally. No refetch triggered.
14:51:46 | WARNING  | __main__:290 -   CROMPTON: 50 sessions cached (need 260 for full return history) — ret_6m/ret_12m will return None until history accumulates naturally. No refetch triggered.
14:51:46 | WARNING  | __main__:290 -   ENDURANCE: 50 sessions cached (need 260 for full return history) — ret_6m/ret_12m will return None until history accumulates naturally. No refetch triggered.
14:51:46 | WARNING  | __main__:290 -   PNBHOUSING: 50 sessions cached (need 260 for full return history) — ret_6m/ret_12m will return None until history accumulates naturally. No refetch triggered.
14:51:46 | WARNING  | __main__:290 -   KARURVYSYA: 50 sessions cached (need 260 for full return history) — ret_6m/ret_12m will return None until history accumulates naturally. No refetch triggered.
14:51:46 | WARNING  | __main__:290 -   CARTRADE: 50 sessions cached (need 260 for full return history) — ret_6m/ret_12m will return None until history accumulates naturally. No refetch triggered.
14:51:46 | WARNING  | __main__:290 -   BELRISE: 50 sessions cached (need 260 for full return history) — ret_6m/ret_12m will return None until history accumulates naturally. No refetch triggered.
14:51:46 | WARNING  | __main__:290 -   ENRIN: 50 sessions cached (need 260 for full return history) — ret_6m/ret_12m will return None until history accumulates naturally. No refetch triggered.
14:51:46 | WARNING  | __main__:290 -   ABLBL: 50 sessions cached (need 260 for full return history) — ret_6m/ret_12m will return None until history accumulates naturally. No refetch triggered.
14:51:46 | WARNING  | __main__:290 -   LENSKART: 50 sessions cached (need 260 for full return history) — ret_6m/ret_12m will return None until history accumulates naturally. No refetch triggered.
14:51:46 | WARNING  | __main__:290 -   PWL: 50 sessions cached (need 260 for full return history) — ret_6m/ret_12m will return None until history accumulates naturally. No refetch triggered.
14:51:46 | WARNING  | __main__:290 -   ACE: 50 sessions cached (need 260 for full return history) — ret_6m/ret_12m will return None until history accumulates naturally. No refetch triggered.
14:51:46 | WARNING  | __main__:290 -   BLS: 50 sessions cached (need 260 for full return history) — ret_6m/ret_12m will return None until history accumulates naturally. No refetch triggered.
14:51:46 | WARNING  | __main__:290 -   BSE: 50 sessions cached (need 260 for full return history) — ret_6m/ret_12m will return None until history accumulates naturally. No refetch triggered.
14:51:46 | WARNING  | __main__:290 -   FSL: 50 sessions cached (need 260 for full return history) — ret_6m/ret_12m will return None until history accumulates naturally. No refetch triggered.
14:51:46 | WARNING  | __main__:290 -   HEG: 51 sessions cached (need 260 for full return history) — ret_6m/ret_12m will return None until history accumulates naturally. No refetch triggered.
14:51:46 | WARNING  | __main__:290 -   IGL: 51 sessions cached (need 260 for full return history) — ret_6m/ret_12m will return None until history accumulates naturally. No refetch triggered.
14:51:46 | WARNING  | __main__:290 -   IOC: 50 sessions cached (need 260 for full return history) — ret_6m/ret_12m will return None until history accumulates naturally. No refetch triggered.
14:51:46 | WARNING  | __main__:290 -   ITI: 50 sessions cached (need 260 for full return history) — ret_6m/ret_12m will return None until history accumulates naturally. No refetch triggered.
14:51:46 | WARNING  | __main__:290 -   JSL: 50 sessions cached (need 260 for full return history) — ret_6m/ret_12m will return None until history accumulates naturally. No refetch triggered.
14:51:46 | WARNING  | __main__:290 -   KEI: 50 sessions cached (need 260 for full return history) — ret_6m/ret_12m will return None until history accumulates naturally. No refetch triggered.
14:51:46 | WARNING  | __main__:290 -   LTM: 47 sessions cached (need 260 for full return history) — ret_6m/ret_12m will return None until history accumulates naturally. No refetch triggered.
14:51:46 | WARNING  | __main__:290 -   MGL: 51 sessions cached (need 260 for full return history) — ret_6m/ret_12m will return None until history accumulates naturally. No refetch triggered.
14:51:46 | WARNING  | __main__:290 -   PNB: 50 sessions cached (need 260 for full return history) — ret_6m/ret_12m will return None until history accumulates naturally. No refetch triggered.
14:51:46 | WARNING  | __main__:290 -   SCI: 50 sessions cached (need 260 for full return history) — ret_6m/ret_12m will return None until history accumulates naturally. No refetch triggered.
14:51:46 | WARNING  | __main__:290 -   SRF: 50 sessions cached (need 260 for full return history) — ret_6m/ret_12m will return None until history accumulates naturally. No refetch triggered.
14:51:46 | WARNING  | __main__:290 -   TCS: 50 sessions cached (need 260 for full return history) — ret_6m/ret_12m will return None until history accumulates naturally. No refetch triggered.
14:51:46 | WARNING  | __main__:290 -   UBL: 50 sessions cached (need 260 for full return history) — ret_6m/ret_12m will return None until history accumulates naturally. No refetch triggered.
14:51:46 | WARNING  | __main__:290 -   UPL: 50 sessions cached (need 260 for full return history) — ret_6m/ret_12m will return None until history accumulates naturally. No refetch triggered.
14:51:46 | WARNING  | __main__:290 -   VBL: 50 sessions cached (need 260 for full return history) — ret_6m/ret_12m will return None until history accumulates naturally. No refetch triggered.
14:51:46 | WARNING  | __main__:290 -   ABDL: 50 sessions cached (need 260 for full return history) — ret_6m/ret_12m will return None until history accumulates naturally. No refetch triggered.
14:51:46 | WARNING  | __main__:290 -   AIIL: 50 sessions cached (need 260 for full return history) — ret_6m/ret_12m will return None until history accumulates naturally. No refetch triggered.
14:51:46 | WARNING  | __main__:290 -   BBTC: 50 sessions cached (need 260 for full return history) — ret_6m/ret_12m will return None until history accumulates naturally. No refetch triggered.
14:51:46 | WARNING  | __main__:290 -   CAMS: 50 sessions cached (need 260 for full return history) — ret_6m/ret_12m will return None until history accumulates naturally. No refetch triggered.
14:51:46 | WARNING  | __main__:290 -   IIFL: 50 sessions cached (need 260 for full return history) — ret_6m/ret_12m will return None until history accumulates naturally. No refetch triggered.
14:51:46 | WARNING  | __main__:290 -   IRFC: 50 sessions cached (need 260 for full return history) — ret_6m/ret_12m will return None until history accumulates naturally. No refetch triggered.
14:51:46 | WARNING  | __main__:290 -   JBMA: 50 sessions cached (need 260 for full return history) — ret_6m/ret_12m will return None until history accumulates naturally. No refetch triggered.
14:51:46 | WARNING  | __main__:290 -   KIMS: 50 sessions cached (need 260 for full return history) — ret_6m/ret_12m will return None until history accumulates naturally. No refetch triggered.
14:51:46 | WARNING  | __main__:290 -   LICI: 50 sessions cached (need 260 for full return history) — ret_6m/ret_12m will return None until history accumulates naturally. No refetch triggered.
14:51:46 | WARNING  | __main__:290 -   LTTS: 50 sessions cached (need 260 for full return history) — ret_6m/ret_12m will return None until history accumulates naturally. No refetch triggered.
14:51:46 | WARNING  | __main__:290 -   MMTC: 50 sessions cached (need 260 for full return history) — ret_6m/ret_12m will return None until history accumulates naturally. No refetch triggered.
14:51:46 | WARNING  | __main__:290 -   NBCC: 50 sessions cached (need 260 for full return history) — ret_6m/ret_12m will return None until history accumulates naturally. No refetch triggered.
14:51:46 | WARNING  | __main__:290 -   NHPC: 50 sessions cached (need 260 for full return history) — ret_6m/ret_12m will return None until history accumulates naturally. No refetch triggered.
14:51:46 | WARNING  | __main__:290 -   NMDC: 50 sessions cached (need 260 for full return history) — ret_6m/ret_12m will return None until history accumulates naturally. No refetch triggered.
14:51:46 | WARNING  | __main__:290 -   NTPC: 50 sessions cached (need 260 for full return history) — ret_6m/ret_12m will return None until history accumulates naturally. No refetch triggered.
14:51:46 | WARNING  | __main__:290 -   OFSS: 50 sessions cached (need 260 for full return history) — ret_6m/ret_12m will return None until history accumulates naturally. No refetch triggered.
14:51:46 | WARNING  | __main__:290 -   PCBL: 50 sessions cached (need 260 for full return history) — ret_6m/ret_12m will return None until history accumulates naturally. No refetch triggered.
14:51:46 | WARNING  | __main__:290 -   PGEL: 50 sessions cached (need 260 for full return history) — ret_6m/ret_12m will return None until history accumulates naturally. No refetch triggered.
14:51:46 | WARNING  | __main__:290 -   RHIM: 50 sessions cached (need 260 for full return history) — ret_6m/ret_12m will return None until history accumulates naturally. No refetch triggered.
14:51:46 | WARNING  | __main__:290 -   RVNL: 50 sessions cached (need 260 for full return history) — ret_6m/ret_12m will return None until history accumulates naturally. No refetch triggered.
14:51:46 | WARNING  | __main__:290 -   SBFC: 50 sessions cached (need 260 for full return history) — ret_6m/ret_12m will return None until history accumulates naturally. No refetch triggered.
14:51:46 | WARNING  | __main__:290 -   SJVN: 50 sessions cached (need 260 for full return history) — ret_6m/ret_12m will return None until history accumulates naturally. No refetch triggered.
14:51:46 | WARNING  | __main__:290 -   TEGA: 50 sessions cached (need 260 for full return history) — ret_6m/ret_12m will return None until history accumulates naturally. No refetch triggered.
14:51:46 | WARNING  | __main__:290 -   TMCV: 50 sessions cached (need 260 for full return history) — ret_6m/ret_12m will return None until history accumulates naturally. No refetch triggered.
14:51:46 | WARNING  | __main__:290 -   TTML: 50 sessions cached (need 260 for full return history) — ret_6m/ret_12m will return None until history accumulates naturally. No refetch triggered.
14:51:46 | WARNING  | __main__:290 -   ZEEL: 50 sessions cached (need 260 for full return history) — ret_6m/ret_12m will return None until history accumulates naturally. No refetch triggered.
14:51:46 | WARNING  | __main__:290 -   ICICIBANK: 50 sessions cached (need 260 for full return history) — ret_6m/ret_12m will return None until history accumulates naturally. No refetch triggered.
14:51:46 | WARNING  | __main__:290 -   ABFRL: 50 sessions cached (need 260 for full return history) — ret_6m/ret_12m will return None until history accumulates naturally. No refetch triggered.
14:51:46 | WARNING  | __main__:290 -   ALKEM: 50 sessions cached (need 260 for full return history) — ret_6m/ret_12m will return None until history accumulates naturally. No refetch triggered.
14:51:46 | WARNING  | __main__:290 -   APTUS: 50 sessions cached (need 260 for full return history) — ret_6m/ret_12m will return None until history accumulates naturally. No refetch triggered.
14:51:46 | WARNING  | __main__:290 -   BSOFT: 50 sessions cached (need 260 for full return history) — ret_6m/ret_12m will return None until history accumulates naturally. No refetch triggered.
14:51:46 | WARNING  | __main__:290 -   CANBK: 50 sessions cached (need 260 for full return history) — ret_6m/ret_12m will return None until history accumulates naturally. No refetch triggered.
14:51:46 | WARNING  | __main__:290 -   DIXON: 50 sessions cached (need 260 for full return history) — ret_6m/ret_12m will return None until history accumulates naturally. No refetch triggered.
14:51:46 | WARNING  | __main__:290 -   GVT&D: 50 sessions cached (need 260 for full return history) — ret_6m/ret_12m will return None until history accumulates naturally. No refetch triggered.
14:51:46 | WARNING  | __main__:290 -   HUDCO: 50 sessions cached (need 260 for full return history) — ret_6m/ret_12m will return None until history accumulates naturally. No refetch triggered.
14:51:46 | WARNING  | __main__:290 -   IREDA: 50 sessions cached (need 260 for full return history) — ret_6m/ret_12m will return None until history accumulates naturally. No refetch triggered.
14:51:46 | WARNING  | __main__:290 -   MSUMI: 50 sessions cached (need 260 for full return history) — ret_6m/ret_12m will return None until history accumulates naturally. No refetch triggered.
14:51:46 | WARNING  | __main__:290 -   NIACL: 50 sessions cached (need 260 for full return history) — ret_6m/ret_12m will return None until history accumulates naturally. No refetch triggered.
14:51:46 | WARNING  | __main__:290 -   NYKAA: 50 sessions cached (need 260 for full return history) — ret_6m/ret_12m will return None until history accumulates naturally. No refetch triggered.
14:51:46 | WARNING  | __main__:290 -   PAYTM: 50 sessions cached (need 260 for full return history) — ret_6m/ret_12m will return None until history accumulates naturally. No refetch triggered.
14:51:46 | WARNING  | __main__:290 -   PTCIL: 50 sessions cached (need 260 for full return history) — ret_6m/ret_12m will return None until history accumulates naturally. No refetch triggered.
14:51:46 | WARNING  | __main__:290 -   SOBHA: 50 sessions cached (need 260 for full return history) — ret_6m/ret_12m will return None until history accumulates naturally. No refetch triggered.
14:51:46 | WARNING  | __main__:290 -   SUNTV: 50 sessions cached (need 260 for full return history) — ret_6m/ret_12m will return None until history accumulates naturally. No refetch triggered.
14:51:46 | WARNING  | __main__:290 -   SYRMA: 50 sessions cached (need 260 for full return history) — ret_6m/ret_12m will return None until history accumulates naturally. No refetch triggered.
14:51:46 | WARNING  | __main__:290 -   CARBORUNIV: 50 sessions cached (need 260 for full return history) — ret_6m/ret_12m will return None until history accumulates naturally. No refetch triggered.
14:51:46 | WARNING  | __main__:290 -   NEULANDLAB: 50 sessions cached (need 260 for full return history) — ret_6m/ret_12m will return None until history accumulates naturally. No refetch triggered.
14:51:46 | WARNING  | __main__:290 -   REDINGTON: 50 sessions cached (need 260 for full return history) — ret_6m/ret_12m will return None until history accumulates naturally. No refetch triggered.
14:51:46 | WARNING  | __main__:290 -   JUBLFOOD: 50 sessions cached (need 260 for full return history) — ret_6m/ret_12m will return None until history accumulates naturally. No refetch triggered.
14:51:46 | WARNING  | __main__:290 -   PPLPHARMA: 50 sessions cached (need 260 for full return history) — ret_6m/ret_12m will return None until history accumulates naturally. No refetch triggered.
14:51:46 | WARNING  | __main__:290 -   LATENTVIEW: 50 sessions cached (need 260 for full return history) — ret_6m/ret_12m will return None until history accumulates naturally. No refetch triggered.
14:51:46 | WARNING  | __main__:290 -   FIRSTCRY: 50 sessions cached (need 260 for full return history) — ret_6m/ret_12m will return None until history accumulates naturally. No refetch triggered.
14:51:46 | WARNING  | __main__:290 -   3MINDIA: 50 sessions cached (need 260 for full return history) — ret_6m/ret_12m will return None until history accumulates naturally. No refetch triggered.
14:51:46 | WARNING  | __main__:290 -   POLYCAB: 50 sessions cached (need 260 for full return history) — ret_6m/ret_12m will return None until history accumulates naturally. No refetch triggered.
14:51:46 | WARNING  | __main__:290 -   FIVESTAR: 50 sessions cached (need 260 for full return history) — ret_6m/ret_12m will return None until history accumulates naturally. No refetch triggered.
14:51:46 | WARNING  | __main__:290 -   PINELABS: 50 sessions cached (need 260 for full return history) — ret_6m/ret_12m will return None until history accumulates naturally. No refetch triggered.
14:51:46 | WARNING  | __main__:290 -   LLOYDSME: 50 sessions cached (need 260 for full return history) — ret_6m/ret_12m will return None until history accumulates naturally. No refetch triggered.
14:51:46 | WARNING  | __main__:290 -   OBEROIRLTY: 50 sessions cached (need 260 for full return history) — ret_6m/ret_12m will return None until history accumulates naturally. No refetch triggered.
14:51:46 | WARNING  | __main__:290 -   ZENSARTECH: 50 sessions cached (need 260 for full return history) — ret_6m/ret_12m will return None until history accumulates naturally. No refetch triggered.
14:51:46 | WARNING  | __main__:290 -   MAPMYINDIA: 50 sessions cached (need 260 for full return history) — ret_6m/ret_12m will return None until history accumulates naturally. No refetch triggered.
14:51:46 | WARNING  | __main__:290 -   UNITDSPR: 50 sessions cached (need 260 for full return history) — ret_6m/ret_12m will return None until history accumulates naturally. No refetch triggered.
14:51:46 | WARNING  | __main__:290 -   GABRIEL: 50 sessions cached (need 260 for full return history) — ret_6m/ret_12m will return None until history accumulates naturally. No refetch triggered.
14:51:46 | WARNING  | __main__:290 -   URBANCO: 50 sessions cached (need 260 for full return history) — ret_6m/ret_12m will return None until history accumulates naturally. No refetch triggered.
14:51:46 | WARNING  | __main__:290 -   SHYAMMETL: 50 sessions cached (need 260 for full return history) — ret_6m/ret_12m will return None until history accumulates naturally. No refetch triggered.
14:51:46 | WARNING  | __main__:290 -   HOMEFIRST: 50 sessions cached (need 260 for full return history) — ret_6m/ret_12m will return None until history accumulates naturally. No refetch triggered.
14:51:46 | WARNING  | __main__:290 -   UNOMINDA: 50 sessions cached (need 260 for full return history) — ret_6m/ret_12m will return None until history accumulates naturally. No refetch triggered.
14:51:46 | WARNING  | __main__:290 -   CANHLIFE: 50 sessions cached (need 260 for full return history) — ret_6m/ret_12m will return None until history accumulates naturally. No refetch triggered.
14:51:46 | WARNING  | __main__:290 -   ANANDRATHI: 50 sessions cached (need 260 for full return history) — ret_6m/ret_12m will return None until history accumulates naturally. No refetch triggered.
14:51:46 | WARNING  | __main__:290 -   MAHABANK: 50 sessions cached (need 260 for full return history) — ret_6m/ret_12m will return None until history accumulates naturally. No refetch triggered.
14:51:46 | WARNING  | __main__:290 -   DEEPAKNTR: 50 sessions cached (need 260 for full return history) — ret_6m/ret_12m will return None until history accumulates naturally. No refetch triggered.
14:51:46 | WARNING  | __main__:290 -   LAURUSLABS: 50 sessions cached (need 260 for full return history) — ret_6m/ret_12m will return None until history accumulates naturally. No refetch triggered.
14:51:46 | WARNING  | __main__:290 -   FLUOROCHEM: 50 sessions cached (need 260 for full return history) — ret_6m/ret_12m will return None until history accumulates naturally. No refetch triggered.
14:51:46 | WARNING  | __main__:290 -   BRIGADE: 50 sessions cached (need 260 for full return history) — ret_6m/ret_12m will return None until history accumulates naturally. No refetch triggered.
14:51:46 | WARNING  | __main__:290 -   GRANULES: 50 sessions cached (need 260 for full return history) — ret_6m/ret_12m will return None until history accumulates naturally. No refetch triggered.
14:51:46 | WARNING  | __main__:290 -   GRAPHITE: 50 sessions cached (need 260 for full return history) — ret_6m/ret_12m will return None until history accumulates naturally. No refetch triggered.
14:51:46 | WARNING  | __main__:290 -   TRITURBINE: 50 sessions cached (need 260 for full return history) — ret_6m/ret_12m will return None until history accumulates naturally. No refetch triggered.
14:51:46 | WARNING  | __main__:290 -   GODIGIT: 50 sessions cached (need 260 for full return history) — ret_6m/ret_12m will return None until history accumulates naturally. No refetch triggered.
14:51:46 | WARNING  | __main__:290 -   ACMESOLAR: 50 sessions cached (need 260 for full return history) — ret_6m/ret_12m will return None until history accumulates naturally. No refetch triggered.
14:51:46 | WARNING  | __main__:290 -   SUNPHARMA: 50 sessions cached (need 260 for full return history) — ret_6m/ret_12m will return None until history accumulates naturally. No refetch triggered.
14:51:46 | WARNING  | __main__:290 -   PERSISTENT: 50 sessions cached (need 260 for full return history) — ret_6m/ret_12m will return None until history accumulates naturally. No refetch triggered.
14:51:46 | WARNING  | __main__:290 -   JMFINANCIL: 50 sessions cached (need 260 for full return history) — ret_6m/ret_12m will return None until history accumulates naturally. No refetch triggered.
14:51:46 | WARNING  | __main__:290 -   ONESOURCE: 50 sessions cached (need 260 for full return history) — ret_6m/ret_12m will return None until history accumulates naturally. No refetch triggered.
14:51:46 | WARNING  | __main__:290 -   PREMIERENE: 50 sessions cached (need 260 for full return history) — ret_6m/ret_12m will return None until history accumulates naturally. No refetch triggered.
14:51:46 | WARNING  | __main__:290 -   NTPCGREEN: 50 sessions cached (need 260 for full return history) — ret_6m/ret_12m will return None until history accumulates naturally. No refetch triggered.
14:51:46 | WARNING  | __main__:290 -   APLAPOLLO: 50 sessions cached (need 260 for full return history) — ret_6m/ret_12m will return None until history accumulates naturally. No refetch triggered.
14:51:46 | WARNING  | __main__:290 -   DIVISLAB: 50 sessions cached (need 260 for full return history) — ret_6m/ret_12m will return None until history accumulates naturally. No refetch triggered.
14:51:46 | WARNING  | __main__:290 -   TRAVELFOOD: 50 sessions cached (need 260 for full return history) — ret_6m/ret_12m will return None until history accumulates naturally. No refetch triggered.
14:51:46 | WARNING  | __main__:290 -   SOLARINDS: 50 sessions cached (need 260 for full return history) — ret_6m/ret_12m will return None until history accumulates naturally. No refetch triggered.
14:51:46 | WARNING  | __main__:290 -   PETRONET: 50 sessions cached (need 260 for full return history) — ret_6m/ret_12m will return None until history accumulates naturally. No refetch triggered.
14:51:46 | WARNING  | __main__:290 -   SUPREMEIND: 50 sessions cached (need 260 for full return history) — ret_6m/ret_12m will return None until history accumulates naturally. No refetch triggered.
14:51:46 | WARNING  | __main__:290 -   NIVABUPA: 50 sessions cached (need 260 for full return history) — ret_6m/ret_12m will return None until history accumulates naturally. No refetch triggered.
14:51:46 | WARNING  | __main__:290 -   HEALTHCARE: 49 sessions cached (need 260 for full return history) — ret_6m/ret_12m will return None until history accumulates naturally. No refetch triggered.
14:51:46 | WARNING  | __main__:290 -   HDFCAMC: 50 sessions cached (need 260 for full return history) — ret_6m/ret_12m will return None until history accumulates naturally. No refetch triggered.
14:51:46 | WARNING  | __main__:290 -   360ONE: 50 sessions cached (need 260 for full return history) — ret_6m/ret_12m will return None until history accumulates naturally. No refetch triggered.
14:51:46 | WARNING  | __main__:290 -   APARINDS: 50 sessions cached (need 260 for full return history) — ret_6m/ret_12m will return None until history accumulates naturally. No refetch triggered.
14:51:46 | WARNING  | __main__:290 -   EMAMILTD: 50 sessions cached (need 260 for full return history) — ret_6m/ret_12m will return None until history accumulates naturally. No refetch triggered.
14:51:46 | WARNING  | __main__:290 -   MANKIND: 51 sessions cached (need 260 for full return history) — ret_6m/ret_12m will return None until history accumulates naturally. No refetch triggered.
14:51:46 | WARNING  | __main__:290 -   BERGEPAINT: 50 sessions cached (need 260 for full return history) — ret_6m/ret_12m will return None until history accumulates naturally. No refetch triggered.
14:51:46 | WARNING  | __main__:290 -   COFORGE: 50 sessions cached (need 260 for full return history) — ret_6m/ret_12m will return None until history accumulates naturally. No refetch triggered.
14:51:46 | WARNING  | __main__:290 -   RAINBOW: 50 sessions cached (need 260 for full return history) — ret_6m/ret_12m will return None until history accumulates naturally. No refetch triggered.
14:51:46 | WARNING  | __main__:290 -   RBLBANK: 50 sessions cached (need 260 for full return history) — ret_6m/ret_12m will return None until history accumulates naturally. No refetch triggered.
14:51:46 | WARNING  | __main__:290 -   KFINTECH: 50 sessions cached (need 260 for full return history) — ret_6m/ret_12m will return None until history accumulates naturally. No refetch triggered.
14:51:46 | WARNING  | __main__:290 -   ADANIENSOL: 50 sessions cached (need 260 for full return history) — ret_6m/ret_12m will return None until history accumulates naturally. No refetch triggered.
14:51:46 | WARNING  | __main__:290 -   ADANIGREEN: 50 sessions cached (need 260 for full return history) — ret_6m/ret_12m will return None until history accumulates naturally. No refetch triggered.
14:51:46 | WARNING  | __main__:290 -   ADANIPORTS: 50 sessions cached (need 260 for full return history) — ret_6m/ret_12m will return None until history accumulates naturally. No refetch triggered.
14:51:46 | WARNING  | __main__:290 -   ADANIPOWER: 50 sessions cached (need 260 for full return history) — ret_6m/ret_12m will return None until history accumulates naturally. No refetch triggered.
14:51:46 | WARNING  | __main__:290 -   TVSMOTOR: 50 sessions cached (need 260 for full return history) — ret_6m/ret_12m will return None until history accumulates naturally. No refetch triggered.
14:51:46 | WARNING  | __main__:290 -   ICICIPRULI: 50 sessions cached (need 260 for full return history) — ret_6m/ret_12m will return None until history accumulates naturally. No refetch triggered.
14:51:46 | WARNING  | __main__:290 -   THELEELA: 50 sessions cached (need 260 for full return history) — ret_6m/ret_12m will return None until history accumulates naturally. No refetch triggered.
14:51:46 | WARNING  | __main__:290 -   AFCONS: 50 sessions cached (need 260 for full return history) — ret_6m/ret_12m will return None until history accumulates naturally. No refetch triggered.
14:51:46 | WARNING  | __main__:290 -   AIAENG: 50 sessions cached (need 260 for full return history) — ret_6m/ret_12m will return None until history accumulates naturally. No refetch triggered.
14:51:46 | WARNING  | __main__:290 -   ASTRAL: 50 sessions cached (need 260 for full return history) — ret_6m/ret_12m will return None until history accumulates naturally. No refetch triggered.
14:51:46 | WARNING  | __main__:290 -   AUBANK: 50 sessions cached (need 260 for full return history) — ret_6m/ret_12m will return None until history accumulates naturally. No refetch triggered.
14:51:46 | WARNING  | __main__:290 -   SAMMAANCAP: 50 sessions cached (need 260 for full return history) — ret_6m/ret_12m will return None until history accumulates naturally. No refetch triggered.
14:51:46 | WARNING  | __main__:290 -   WELCORP: 50 sessions cached (need 260 for full return history) — ret_6m/ret_12m will return None until history accumulates naturally. No refetch triggered.
14:51:46 | WARNING  | __main__:290 -   PARADEEP: 50 sessions cached (need 260 for full return history) — ret_6m/ret_12m will return None until history accumulates naturally. No refetch triggered.
14:51:46 | WARNING  | __main__:290 -   AEGISVOPAK: 50 sessions cached (need 260 for full return history) — ret_6m/ret_12m will return None until history accumulates naturally. No refetch triggered.
14:51:46 | WARNING  | __main__:290 -   BIKAJI: 50 sessions cached (need 260 for full return history) — ret_6m/ret_12m will return None until history accumulates naturally. No refetch triggered.
14:51:46 | WARNING  | __main__:290 -   BIOCON: 50 sessions cached (need 260 for full return history) — ret_6m/ret_12m will return None until history accumulates naturally. No refetch triggered.
14:51:46 | WARNING  | __main__:290 -   RKFORGE: 50 sessions cached (need 260 for full return history) — ret_6m/ret_12m will return None until history accumulates naturally. No refetch triggered.
14:51:46 | WARNING  | __main__:290 -   MPHASIS: 50 sessions cached (need 260 for full return history) — ret_6m/ret_12m will return None until history accumulates naturally. No refetch triggered.
14:51:46 | WARNING  | __main__:290 -   CEMPRO: 50 sessions cached (need 260 for full return history) — ret_6m/ret_12m will return None until history accumulates naturally. No refetch triggered.
14:51:46 | WARNING  | __main__:290 -   BAYERCROP: 50 sessions cached (need 260 for full return history) — ret_6m/ret_12m will return None until history accumulates naturally. No refetch triggered.
14:51:46 | WARNING  | __main__:290 -   LEMONTREE: 50 sessions cached (need 260 for full return history) — ret_6m/ret_12m will return None until history accumulates naturally. No refetch triggered.
14:51:46 | WARNING  | __main__:290 -   EMCURE: 50 sessions cached (need 260 for full return history) — ret_6m/ret_12m will return None until history accumulates naturally. No refetch triggered.
14:51:46 | WARNING  | __main__:290 -   EMMVEE: 50 sessions cached (need 260 for full return history) — ret_6m/ret_12m will return None until history accumulates naturally. No refetch triggered.
14:51:46 | WARNING  | __main__:290 -   FORTIS: 50 sessions cached (need 260 for full return history) — ret_6m/ret_12m will return None until history accumulates naturally. No refetch triggered.
14:51:46 | WARNING  | __main__:290 -   ABB: 50 sessions cached (need 260 for full return history) — ret_6m/ret_12m will return None until history accumulates naturally. No refetch triggered.
14:51:46 | WARNING  | __main__:290 -   ARE&M: 50 sessions cached (need 260 for full return history) — ret_6m/ret_12m will return None until history accumulates naturally. No refetch triggered.
14:51:46 | WARNING  | __main__:290 -   ATUL: 50 sessions cached (need 260 for full return history) — ret_6m/ret_12m will return None until history accumulates naturally. No refetch triggered.
14:51:46 | WARNING  | __main__:290 -   FORCEMOT: 50 sessions cached (need 260 for full return history) — ret_6m/ret_12m will return None until history accumulates naturally. No refetch triggered.
14:51:46 | WARNING  | __main__:290 -   BAJFINANCE: 50 sessions cached (need 260 for full return history) — ret_6m/ret_12m will return None until history accumulates naturally. No refetch triggered.
14:51:46 | WARNING  | __main__:290 -   BALRAMCHIN: 50 sessions cached (need 260 for full return history) — ret_6m/ret_12m will return None until history accumulates naturally. No refetch triggered.
14:51:46 | WARNING  | __main__:290 -   ABREL: 50 sessions cached (need 260 for full return history) — ret_6m/ret_12m will return None until history accumulates naturally. No refetch triggered.
14:51:46 | WARNING  | __main__:290 -   BATAINDIA: 50 sessions cached (need 260 for full return history) — ret_6m/ret_12m will return None until history accumulates naturally. No refetch triggered.
14:51:46 | WARNING  | __main__:290 -   BEML: 50 sessions cached (need 260 for full return history) — ret_6m/ret_12m will return None until history accumulates naturally. No refetch triggered.
14:51:46 | WARNING  | __main__:290 -   BEL: 50 sessions cached (need 260 for full return history) — ret_6m/ret_12m will return None until history accumulates naturally. No refetch triggered.
14:51:46 | WARNING  | __main__:290 -   BLUESTARCO: 50 sessions cached (need 260 for full return history) — ret_6m/ret_12m will return None until history accumulates naturally. No refetch triggered.
14:51:46 | WARNING  | __main__:290 -   CHAMBLFERT: 50 sessions cached (need 260 for full return history) — ret_6m/ret_12m will return None until history accumulates naturally. No refetch triggered.
14:51:46 | WARNING  | __main__:290 -   EXIDEIND: 50 sessions cached (need 260 for full return history) — ret_6m/ret_12m will return None until history accumulates naturally. No refetch triggered.
14:51:46 | WARNING  | __main__:290 -   CIPLA: 50 sessions cached (need 260 for full return history) — ret_6m/ret_12m will return None until history accumulates naturally. No refetch triggered.
14:51:46 | WARNING  | __main__:290 -   CRISIL: 50 sessions cached (need 260 for full return history) — ret_6m/ret_12m will return None until history accumulates naturally. No refetch triggered.
14:51:46 | WARNING  | __main__:290 -   CGPOWER: 50 sessions cached (need 260 for full return history) — ret_6m/ret_12m will return None until history accumulates naturally. No refetch triggered.
14:51:46 | WARNING  | __main__:290 -   DABUR: 50 sessions cached (need 260 for full return history) — ret_6m/ret_12m will return None until history accumulates naturally. No refetch triggered.
14:51:46 | WARNING  | __main__:290 -   BHEL: 50 sessions cached (need 260 for full return history) — ret_6m/ret_12m will return None until history accumulates naturally. No refetch triggered.
14:51:46 | WARNING  | __main__:290 -   HINDPETRO: 50 sessions cached (need 260 for full return history) — ret_6m/ret_12m will return None until history accumulates naturally. No refetch triggered.
14:51:46 | WARNING  | __main__:290 -   IFCI: 50 sessions cached (need 260 for full return history) — ret_6m/ret_12m will return None until history accumulates naturally. No refetch triggered.
14:51:46 | WARNING  | __main__:290 -   MRPL: 50 sessions cached (need 260 for full return history) — ret_6m/ret_12m will return None until history accumulates naturally. No refetch triggered.
14:51:46 | WARNING  | __main__:290 -   CHENNPETRO: 50 sessions cached (need 260 for full return history) — ret_6m/ret_12m will return None until history accumulates naturally. No refetch triggered.
14:51:46 | WARNING  | __main__:290 -   SBIN: 50 sessions cached (need 260 for full return history) — ret_6m/ret_12m will return None until history accumulates naturally. No refetch triggered.
14:51:46 | WARNING  | __main__:290 -   SAIL: 50 sessions cached (need 260 for full return history) — ret_6m/ret_12m will return None until history accumulates naturally. No refetch triggered.
14:51:46 | WARNING  | __main__:290 -   TITAN: 50 sessions cached (need 260 for full return history) — ret_6m/ret_12m will return None until history accumulates naturally. No refetch triggered.
14:51:46 | WARNING  | __main__:290 -   IDBI: 50 sessions cached (need 260 for full return history) — ret_6m/ret_12m will return None until history accumulates naturally. No refetch triggered.
14:51:46 | WARNING  | __main__:290 -   DRREDDY: 50 sessions cached (need 260 for full return history) — ret_6m/ret_12m will return None until history accumulates naturally. No refetch triggered.
14:51:46 | WARNING  | __main__:290 -   EIDPARRY: 50 sessions cached (need 260 for full return history) — ret_6m/ret_12m will return None until history accumulates naturally. No refetch triggered.
14:51:46 | WARNING  | __main__:290 -   FINCABLES: 50 sessions cached (need 260 for full return history) — ret_6m/ret_12m will return None until history accumulates naturally. No refetch triggered.
14:51:46 | WARNING  | __main__:290 -   GODFRYPHLP: 50 sessions cached (need 260 for full return history) — ret_6m/ret_12m will return None until history accumulates naturally. No refetch triggered.
14:51:46 | WARNING  | __main__:290 -   GODREJIND: 50 sessions cached (need 260 for full return history) — ret_6m/ret_12m will return None until history accumulates naturally. No refetch triggered.
14:51:46 | WARNING  | __main__:290 -   HDFCBANK: 50 sessions cached (need 260 for full return history) — ret_6m/ret_12m will return None until history accumulates naturally. No refetch triggered.
14:51:46 | WARNING  | __main__:290 -   HEROMOTOCO: 50 sessions cached (need 260 for full return history) — ret_6m/ret_12m will return None until history accumulates naturally. No refetch triggered.
14:51:46 | WARNING  | __main__:290 -   HSCL: 50 sessions cached (need 260 for full return history) — ret_6m/ret_12m will return None until history accumulates naturally. No refetch triggered.
14:51:46 | WARNING  | __main__:290 -   HINDZINC: 50 sessions cached (need 260 for full return history) — ret_6m/ret_12m will return None until history accumulates naturally. No refetch triggered.
14:51:46 | WARNING  | __main__:290 -   INFY: 50 sessions cached (need 260 for full return history) — ret_6m/ret_12m will return None until history accumulates naturally. No refetch triggered.
14:51:46 | WARNING  | __main__:290 -   JSWSTEEL: 50 sessions cached (need 260 for full return history) — ret_6m/ret_12m will return None until history accumulates naturally. No refetch triggered.
14:51:46 | WARNING  | __main__:290 -   KAJARIACER: 50 sessions cached (need 260 for full return history) — ret_6m/ret_12m will return None until history accumulates naturally. No refetch triggered.
14:51:46 | WARNING  | __main__:290 -   WHIRLPOOL: 50 sessions cached (need 260 for full return history) — ret_6m/ret_12m will return None until history accumulates naturally. No refetch triggered.
14:51:46 | WARNING  | __main__:290 -   KOTAKBANK: 50 sessions cached (need 260 for full return history) — ret_6m/ret_12m will return None until history accumulates naturally. No refetch triggered.
14:51:46 | WARNING  | __main__:290 -   TRENT: 50 sessions cached (need 260 for full return history) — ret_6m/ret_12m will return None until history accumulates naturally. No refetch triggered.
14:51:46 | WARNING  | __main__:290 -   LICHSGFIN: 50 sessions cached (need 260 for full return history) — ret_6m/ret_12m will return None until history accumulates naturally. No refetch triggered.
14:51:46 | WARNING  | __main__:290 -   LUPIN: 50 sessions cached (need 260 for full return history) — ret_6m/ret_12m will return None until history accumulates naturally. No refetch triggered.
14:51:46 | WARNING  | __main__:290 -   RAMCOCEM: 50 sessions cached (need 260 for full return history) — ret_6m/ret_12m will return None until history accumulates naturally. No refetch triggered.
14:51:46 | WARNING  | __main__:290 -   MFSL: 50 sessions cached (need 260 for full return history) — ret_6m/ret_12m will return None until history accumulates naturally. No refetch triggered.
14:51:46 | WARNING  | __main__:290 -   MRF: 50 sessions cached (need 260 for full return history) — ret_6m/ret_12m will return None until history accumulates naturally. No refetch triggered.
14:51:46 | WARNING  | __main__:290 -   NCC: 50 sessions cached (need 260 for full return history) — ret_6m/ret_12m will return None until history accumulates naturally. No refetch triggered.
14:51:46 | WARNING  | __main__:290 -   VEDL: 50 sessions cached (need 260 for full return history) — ret_6m/ret_12m will return None until history accumulates naturally. No refetch triggered.
14:51:46 | WARNING  | __main__:290 -   GRASIM: 50 sessions cached (need 260 for full return history) — ret_6m/ret_12m will return None until history accumulates naturally. No refetch triggered.
14:51:46 | WARNING  | __main__:290 -   ONGC: 50 sessions cached (need 260 for full return history) — ret_6m/ret_12m will return None until history accumulates naturally. No refetch triggered.
14:51:46 | WARNING  | __main__:290 -   RELIANCE: 50 sessions cached (need 260 for full return history) — ret_6m/ret_12m will return None until history accumulates naturally. No refetch triggered.
14:51:46 | WARNING  | __main__:290 -   PIDILITIND: 50 sessions cached (need 260 for full return history) — ret_6m/ret_12m will return None until history accumulates naturally. No refetch triggered.
14:51:46 | WARNING  | __main__:290 -   PATANJALI: 50 sessions cached (need 260 for full return history) — ret_6m/ret_12m will return None until history accumulates naturally. No refetch triggered.
14:51:46 | WARNING  | __main__:290 -   JINDALSAW: 50 sessions cached (need 260 for full return history) — ret_6m/ret_12m will return None until history accumulates naturally. No refetch triggered.
14:51:46 | WARNING  | __main__:290 -   TATAPOWER: 50 sessions cached (need 260 for full return history) — ret_6m/ret_12m will return None until history accumulates naturally. No refetch triggered.
14:51:46 | WARNING  | __main__:290 -   SPLPETRO: 50 sessions cached (need 260 for full return history) — ret_6m/ret_12m will return None until history accumulates naturally. No refetch triggered.
14:51:46 | WARNING  | __main__:290 -   TATAELXSI: 50 sessions cached (need 260 for full return history) — ret_6m/ret_12m will return None until history accumulates naturally. No refetch triggered.
14:51:46 | WARNING  | __main__:290 -   ACC: 50 sessions cached (need 260 for full return history) — ret_6m/ret_12m will return None until history accumulates naturally. No refetch triggered.
14:51:46 | WARNING  | __main__:290 -   THERMAX: 50 sessions cached (need 260 for full return history) — ret_6m/ret_12m will return None until history accumulates naturally. No refetch triggered.
14:51:46 | WARNING  | __main__:290 -   TORNTPHARM: 50 sessions cached (need 260 for full return history) — ret_6m/ret_12m will return None until history accumulates naturally. No refetch triggered.
14:51:46 | WARNING  | __main__:290 -   AMBUJACEM: 50 sessions cached (need 260 for full return history) — ret_6m/ret_12m will return None until history accumulates naturally. No refetch triggered.
14:51:46 | WARNING  | __main__:290 -   HINDALCO: 50 sessions cached (need 260 for full return history) — ret_6m/ret_12m will return None until history accumulates naturally. No refetch triggered.
14:51:46 | WARNING  | __main__:290 -   FEDERALBNK: 50 sessions cached (need 260 for full return history) — ret_6m/ret_12m will return None until history accumulates naturally. No refetch triggered.
14:51:46 | WARNING  | __main__:290 -   TATASTEEL: 50 sessions cached (need 260 for full return history) — ret_6m/ret_12m will return None until history accumulates naturally. No refetch triggered.
14:51:46 | WARNING  | __main__:290 -   ASHOKLEY: 50 sessions cached (need 260 for full return history) — ret_6m/ret_12m will return None until history accumulates naturally. No refetch triggered.
14:51:46 | WARNING  | __main__:290 -   CUMMINSIND: 50 sessions cached (need 260 for full return history) — ret_6m/ret_12m will return None until history accumulates naturally. No refetch triggered.
14:51:46 | WARNING  | __main__:290 -   TATACOMM: 50 sessions cached (need 260 for full return history) — ret_6m/ret_12m will return None until history accumulates naturally. No refetch triggered.
14:51:46 | WARNING  | __main__:290 -   ABBOTINDIA: 50 sessions cached (need 260 for full return history) — ret_6m/ret_12m will return None until history accumulates naturally. No refetch triggered.
14:51:46 | WARNING  | __main__:290 -   BAJAJHLDNG: 50 sessions cached (need 260 for full return history) — ret_6m/ret_12m will return None until history accumulates naturally. No refetch triggered.
14:51:46 | WARNING  | __main__:290 -   BHARATFORG: 50 sessions cached (need 260 for full return history) — ret_6m/ret_12m will return None until history accumulates naturally. No refetch triggered.
14:51:46 | WARNING  | __main__:290 -   ESCORTS: 50 sessions cached (need 260 for full return history) — ret_6m/ret_12m will return None until history accumulates naturally. No refetch triggered.
14:51:46 | WARNING  | __main__:290 -   LT: 50 sessions cached (need 260 for full return history) — ret_6m/ret_12m will return None until history accumulates naturally. No refetch triggered.
14:51:46 | WARNING  | __main__:290 -   M&M: 50 sessions cached (need 260 for full return history) — ret_6m/ret_12m will return None until history accumulates naturally. No refetch triggered.
14:51:46 | WARNING  | __main__:290 -   BOSCHLTD: 50 sessions cached (need 260 for full return history) — ret_6m/ret_12m will return None until history accumulates naturally. No refetch triggered.
14:51:46 | WARNING  | __main__:290 -   BPCL: 50 sessions cached (need 260 for full return history) — ret_6m/ret_12m will return None until history accumulates naturally. No refetch triggered.
14:51:46 | WARNING  | __main__:290 -   SIEMENS: 50 sessions cached (need 260 for full return history) — ret_6m/ret_12m will return None until history accumulates naturally. No refetch triggered.
14:51:46 | WARNING  | __main__:290 -   TMPV: 50 sessions cached (need 260 for full return history) — ret_6m/ret_12m will return None until history accumulates naturally. No refetch triggered.
14:51:46 | WARNING  | __main__:290 -   VOLTAS: 50 sessions cached (need 260 for full return history) — ret_6m/ret_12m will return None until history accumulates naturally. No refetch triggered.
14:51:46 | WARNING  | __main__:290 -   GESHIP: 50 sessions cached (need 260 for full return history) — ret_6m/ret_12m will return None until history accumulates naturally. No refetch triggered.
14:51:46 | WARNING  | __main__:290 -   DEEPAKFERT: 50 sessions cached (need 260 for full return history) — ret_6m/ret_12m will return None until history accumulates naturally. No refetch triggered.
14:51:46 | WARNING  | __main__:290 -   GLAXO: 50 sessions cached (need 260 for full return history) — ret_6m/ret_12m will return None until history accumulates naturally. No refetch triggered.
14:51:46 | WARNING  | __main__:290 -   PFIZER: 50 sessions cached (need 260 for full return history) — ret_6m/ret_12m will return None until history accumulates naturally. No refetch triggered.
14:51:46 | WARNING  | __main__:290 -   HINDUNILVR: 50 sessions cached (need 260 for full return history) — ret_6m/ret_12m will return None until history accumulates naturally. No refetch triggered.
14:51:46 | WARNING  | __main__:290 -   TATACHEM: 50 sessions cached (need 260 for full return history) — ret_6m/ret_12m will return None until history accumulates naturally. No refetch triggered.
14:51:46 | WARNING  | __main__:290 -   NESTLEIND: 50 sessions cached (need 260 for full return history) — ret_6m/ret_12m will return None until history accumulates naturally. No refetch triggered.
14:51:46 | WARNING  | __main__:290 -   TATACONSUM: 50 sessions cached (need 260 for full return history) — ret_6m/ret_12m will return None until history accumulates naturally. No refetch triggered.
14:51:46 | WARNING  | __main__:290 -   ASIANPAINT: 50 sessions cached (need 260 for full return history) — ret_6m/ret_12m will return None until history accumulates naturally. No refetch triggered.
14:51:46 | WARNING  | __main__:290 -   BRITANNIA: 50 sessions cached (need 260 for full return history) — ret_6m/ret_12m will return None until history accumulates naturally. No refetch triggered.
14:51:46 | WARNING  | __main__:290 -   COLPAL: 50 sessions cached (need 260 for full return history) — ret_6m/ret_12m will return None until history accumulates naturally. No refetch triggered.
14:51:46 | WARNING  | __main__:290 -   EIHOTEL: 50 sessions cached (need 260 for full return history) — ret_6m/ret_12m will return None until history accumulates naturally. No refetch triggered.
14:51:46 | WARNING  | __main__:290 -   INDHOTEL: 50 sessions cached (need 260 for full return history) — ret_6m/ret_12m will return None until history accumulates naturally. No refetch triggered.
14:51:46 | WARNING  | __main__:290 -   CASTROLIND: 50 sessions cached (need 260 for full return history) — ret_6m/ret_12m will return None until history accumulates naturally. No refetch triggered.
14:51:46 | WARNING  | __main__:290 -   ITC: 50 sessions cached (need 260 for full return history) — ret_6m/ret_12m will return None until history accumulates naturally. No refetch triggered.
14:51:46 | WARNING  | __main__:290 -   APOLLOTYRE: 50 sessions cached (need 260 for full return history) — ret_6m/ret_12m will return None until history accumulates naturally. No refetch triggered.
14:51:46 | WARNING  | __main__:290 -   CEATLTD: 50 sessions cached (need 260 for full return history) — ret_6m/ret_12m will return None until history accumulates naturally. No refetch triggered.
14:51:46 | WARNING  | __main__:290 -   TATAINVEST: 50 sessions cached (need 260 for full return history) — ret_6m/ret_12m will return None until history accumulates naturally. No refetch triggered.
14:51:46 | WARNING  | __main__:290 -   CHOLAHLDNG: 50 sessions cached (need 260 for full return history) — ret_6m/ret_12m will return None until history accumulates naturally. No refetch triggered.
14:51:46 | WARNING  | __main__:290 -   EICHERMOT: 50 sessions cached (need 260 for full return history) — ret_6m/ret_12m will return None until history accumulates naturally. No refetch triggered.
14:51:46 | WARNING  | __main__:290 -   ELECON: 50 sessions cached (need 260 for full return history) — ret_6m/ret_12m will return None until history accumulates naturally. No refetch triggered.
14:51:46 | WARNING  | __main__:290 -   SCHAEFFLER: 50 sessions cached (need 260 for full return history) — ret_6m/ret_12m will return None until history accumulates naturally. No refetch triggered.
14:51:46 | WARNING  | __main__:290 -   COROMANDEL: 50 sessions cached (need 260 for full return history) — ret_6m/ret_12m will return None until history accumulates naturally. No refetch triggered.
14:51:46 | WARNING  | __main__:290 -   JBCHEPHARM: 50 sessions cached (need 260 for full return history) — ret_6m/ret_12m will return None until history accumulates naturally. No refetch triggered.
14:51:46 | WARNING  | __main__:290 -   WIPRO: 50 sessions cached (need 260 for full return history) — ret_6m/ret_12m will return None until history accumulates naturally. No refetch triggered.
14:51:46 | WARNING  | __main__:290 -   GILLETTE: 50 sessions cached (need 260 for full return history) — ret_6m/ret_12m will return None until history accumulates naturally. No refetch triggered.
14:51:46 | WARNING  | __main__:290 -   CANFINHOME: 50 sessions cached (need 260 for full return history) — ret_6m/ret_12m will return None until history accumulates naturally. No refetch triggered.
14:51:46 | WARNING  | __main__:290 -   CHOLAFIN: 50 sessions cached (need 260 for full return history) — ret_6m/ret_12m will return None until history accumulates naturally. No refetch triggered.
14:51:46 | WARNING  | __main__:290 -   NAVA: 50 sessions cached (need 260 for full return history) — ret_6m/ret_12m will return None until history accumulates naturally. No refetch triggered.
14:51:46 | WARNING  | __main__:290 -   HINDCOPPER: 50 sessions cached (need 260 for full return history) — ret_6m/ret_12m will return None until history accumulates naturally. No refetch triggered.
14:51:46 | WARNING  | __main__:290 -   WELSPUNLIV: 50 sessions cached (need 260 for full return history) — ret_6m/ret_12m will return None until history accumulates naturally. No refetch triggered.
14:51:46 | WARNING  | __main__:290 -   ANANTRAJ: 50 sessions cached (need 260 for full return history) — ret_6m/ret_12m will return None until history accumulates naturally. No refetch triggered.
14:51:46 | WARNING  | __main__:290 -   USHAMART: 50 sessions cached (need 260 for full return history) — ret_6m/ret_12m will return None until history accumulates naturally. No refetch triggered.
14:51:46 | WARNING  | __main__:290 -   HONAUT: 50 sessions cached (need 260 for full return history) — ret_6m/ret_12m will return None until history accumulates naturally. No refetch triggered.
14:51:46 | WARNING  | __main__:290 -   HBLENGINE: 50 sessions cached (need 260 for full return history) — ret_6m/ret_12m will return None until history accumulates naturally. No refetch triggered.
14:51:46 | WARNING  | __main__:290 -   MOTHERSON: 50 sessions cached (need 260 for full return history) — ret_6m/ret_12m will return None until history accumulates naturally. No refetch triggered.
14:51:46 | WARNING  | __main__:290 -   HAVELLS: 50 sessions cached (need 260 for full return history) — ret_6m/ret_12m will return None until history accumulates naturally. No refetch triggered.
14:51:46 | WARNING  | __main__:290 -   CCL: 50 sessions cached (need 260 for full return history) — ret_6m/ret_12m will return None until history accumulates naturally. No refetch triggered.
14:51:46 | WARNING  | __main__:290 -   TRIDENT: 50 sessions cached (need 260 for full return history) — ret_6m/ret_12m will return None until history accumulates naturally. No refetch triggered.
14:51:46 | WARNING  | __main__:290 -   KPIL: 50 sessions cached (need 260 for full return history) — ret_6m/ret_12m will return None until history accumulates naturally. No refetch triggered.
14:51:46 | WARNING  | __main__:290 -   PIIND: 50 sessions cached (need 260 for full return history) — ret_6m/ret_12m will return None until history accumulates naturally. No refetch triggered.
14:51:46 | WARNING  | __main__:290 -   POONAWALLA: 50 sessions cached (need 260 for full return history) — ret_6m/ret_12m will return None until history accumulates naturally. No refetch triggered.
14:51:46 | WARNING  | __main__:290 -   AARTIIND: 50 sessions cached (need 260 for full return history) — ret_6m/ret_12m will return None until history accumulates naturally. No refetch triggered.
14:51:46 | WARNING  | __main__:290 -   IPCALAB: 50 sessions cached (need 260 for full return history) — ret_6m/ret_12m will return None until history accumulates naturally. No refetch triggered.
14:51:46 | WARNING  | __main__:290 -   CAPLIPOINT: 50 sessions cached (need 260 for full return history) — ret_6m/ret_12m will return None until history accumulates naturally. No refetch triggered.
14:51:46 | WARNING  | __main__:290 -   AUROPHARMA: 50 sessions cached (need 260 for full return history) — ret_6m/ret_12m will return None until history accumulates naturally. No refetch triggered.
14:51:46 | WARNING  | __main__:290 -   NATCOPHARM: 50 sessions cached (need 260 for full return history) — ret_6m/ret_12m will return None until history accumulates naturally. No refetch triggered.
14:51:46 | WARNING  | __main__:290 -   BLUEDART: 50 sessions cached (need 260 for full return history) — ret_6m/ret_12m will return None until history accumulates naturally. No refetch triggered.
14:51:46 | WARNING  | __main__:290 -   INDIACEM: 50 sessions cached (need 260 for full return history) — ret_6m/ret_12m will return None until history accumulates naturally. No refetch triggered.
14:51:46 | WARNING  | __main__:290 -   JKTYRE: 50 sessions cached (need 260 for full return history) — ret_6m/ret_12m will return None until history accumulates naturally. No refetch triggered.
14:51:46 | WARNING  | __main__:290 -   MANAPPURAM: 50 sessions cached (need 260 for full return history) — ret_6m/ret_12m will return None until history accumulates naturally. No refetch triggered.
14:51:46 | WARNING  | __main__:290 -   CONCOR: 50 sessions cached (need 260 for full return history) — ret_6m/ret_12m will return None until history accumulates naturally. No refetch triggered.
14:51:46 | WARNING  | __main__:290 -   MARICO: 50 sessions cached (need 260 for full return history) — ret_6m/ret_12m will return None until history accumulates naturally. No refetch triggered.
14:51:46 | WARNING  | __main__:290 -   POLYMED: 50 sessions cached (need 260 for full return history) — ret_6m/ret_12m will return None until history accumulates naturally. No refetch triggered.
14:51:46 | WARNING  | __main__:290 -   BANKBARODA: 50 sessions cached (need 260 for full return history) — ret_6m/ret_12m will return None until history accumulates naturally. No refetch triggered.
14:51:46 | WARNING  | __main__:290 -   BANKINDIA: 50 sessions cached (need 260 for full return history) — ret_6m/ret_12m will return None until history accumulates naturally. No refetch triggered.
14:51:46 | WARNING  | __main__:290 -   CYIENT: 50 sessions cached (need 260 for full return history) — ret_6m/ret_12m will return None until history accumulates naturally. No refetch triggered.
14:51:46 | WARNING  | __main__:290 -   ENGINERSIN: 50 sessions cached (need 260 for full return history) — ret_6m/ret_12m will return None until history accumulates naturally. No refetch triggered.
14:51:46 | WARNING  | __main__:290 -   GMDCLTD: 50 sessions cached (need 260 for full return history) — ret_6m/ret_12m will return None until history accumulates naturally. No refetch triggered.
14:51:46 | WARNING  | __main__:290 -   INDUSINDBK: 50 sessions cached (need 260 for full return history) — ret_6m/ret_12m will return None until history accumulates naturally. No refetch triggered.
14:51:46 | WARNING  | __main__:290 -   J&KBANK: 50 sessions cached (need 260 for full return history) — ret_6m/ret_12m will return None until history accumulates naturally. No refetch triggered.
14:51:46 | WARNING  | __main__:290 -   CUB: 50 sessions cached (need 260 for full return history) — ret_6m/ret_12m will return None until history accumulates naturally. No refetch triggered.
14:51:46 | WARNING  | __main__:290 -   AXISBANK: 50 sessions cached (need 260 for full return history) — ret_6m/ret_12m will return None until history accumulates naturally. No refetch triggered.
14:51:46 | WARNING  | __main__:290 -   SONATSOFTW: 50 sessions cached (need 260 for full return history) — ret_6m/ret_12m will return None until history accumulates naturally. No refetch triggered.
14:51:46 | WARNING  | __main__:290 -   HCLTECH: 50 sessions cached (need 260 for full return history) — ret_6m/ret_12m will return None until history accumulates naturally. No refetch triggered.
14:51:46 | WARNING  | __main__:290 -   IOB: 50 sessions cached (need 260 for full return history) — ret_6m/ret_12m will return None until history accumulates naturally. No refetch triggered.
14:51:46 | WARNING  | __main__:290 -   BHARTIARTL: 50 sessions cached (need 260 for full return history) — ret_6m/ret_12m will return None until history accumulates naturally. No refetch triggered.
14:51:46 | WARNING  | __main__:290 -   UNIONBANK: 50 sessions cached (need 260 for full return history) — ret_6m/ret_12m will return None until history accumulates naturally. No refetch triggered.
14:51:46 | WARNING  | __main__:290 -   UCOBANK: 50 sessions cached (need 260 for full return history) — ret_6m/ret_12m will return None until history accumulates naturally. No refetch triggered.
14:51:46 | WARNING  | __main__:290 -   ULTRACEMCO: 50 sessions cached (need 260 for full return history) — ret_6m/ret_12m will return None until history accumulates naturally. No refetch triggered.
14:51:46 | WARNING  | __main__:290 -   KEC: 50 sessions cached (need 260 for full return history) — ret_6m/ret_12m will return None until history accumulates naturally. No refetch triggered.
14:51:46 | WARNING  | __main__:290 -   GMRAIRPORT: 50 sessions cached (need 260 for full return history) — ret_6m/ret_12m will return None until history accumulates naturally. No refetch triggered.
14:51:46 | WARNING  | __main__:290 -   TECHM: 50 sessions cached (need 260 for full return history) — ret_6m/ret_12m will return None until history accumulates naturally. No refetch triggered.
14:51:46 | WARNING  | __main__:290 -   LTFOODS: 50 sessions cached (need 260 for full return history) — ret_6m/ret_12m will return None until history accumulates naturally. No refetch triggered.
14:51:46 | WARNING  | __main__:290 -   PFC: 50 sessions cached (need 260 for full return history) — ret_6m/ret_12m will return None until history accumulates naturally. No refetch triggered.
14:51:46 | WARNING  | __main__:290 -   IDEA: 50 sessions cached (need 260 for full return history) — ret_6m/ret_12m will return None until history accumulates naturally. No refetch triggered.
14:51:46 | WARNING  | __main__:290 -   PAGEIND: 50 sessions cached (need 260 for full return history) — ret_6m/ret_12m will return None until history accumulates naturally. No refetch triggered.
14:51:46 | WARNING  | __main__:290 -   DLF: 50 sessions cached (need 260 for full return history) — ret_6m/ret_12m will return None until history accumulates naturally. No refetch triggered.
14:51:46 | WARNING  | __main__:290 -   CENTRALBK: 50 sessions cached (need 260 for full return history) — ret_6m/ret_12m will return None until history accumulates naturally. No refetch triggered.
14:51:46 | WARNING  | __main__:290 -   TARIL: 50 sessions cached (need 260 for full return history) — ret_6m/ret_12m will return None until history accumulates naturally. No refetch triggered.
14:51:46 | WARNING  | __main__:290 -   RPOWER: 50 sessions cached (need 260 for full return history) — ret_6m/ret_12m will return None until history accumulates naturally. No refetch triggered.
14:51:46 | WARNING  | __main__:290 -   IRB: 50 sessions cached (need 260 for full return history) — ret_6m/ret_12m will return None until history accumulates naturally. No refetch triggered.
14:51:46 | WARNING  | __main__:290 -   RECLTD: 50 sessions cached (need 260 for full return history) — ret_6m/ret_12m will return None until history accumulates naturally. No refetch triggered.
14:51:46 | WARNING  | __main__:290 -   BAJAJ-AUTO: 50 sessions cached (need 260 for full return history) — ret_6m/ret_12m will return None until history accumulates naturally. No refetch triggered.
14:51:46 | WARNING  | __main__:290 -   BAJAJFINSV: 50 sessions cached (need 260 for full return history) — ret_6m/ret_12m will return None until history accumulates naturally. No refetch triggered.
14:51:46 | WARNING  | __main__:290 -   ZFCVINDIA: 50 sessions cached (need 260 for full return history) — ret_6m/ret_12m will return None until history accumulates naturally. No refetch triggered.
14:51:46 | WARNING  | __main__:290 -   OIL: 50 sessions cached (need 260 for full return history) — ret_6m/ret_12m will return None until history accumulates naturally. No refetch triggered.
14:51:46 | WARNING  | __main__:290 -   JSWENERGY: 50 sessions cached (need 260 for full return history) — ret_6m/ret_12m will return None until history accumulates naturally. No refetch triggered.
14:51:46 | WARNING  | __main__:290 -   JWL: 50 sessions cached (need 260 for full return history) — ret_6m/ret_12m will return None until history accumulates naturally. No refetch triggered.
14:51:46 | WARNING  | __main__:290 -   PRESTIGE: 50 sessions cached (need 260 for full return history) — ret_6m/ret_12m will return None until history accumulates naturally. No refetch triggered.
14:51:46 | WARNING  | __main__:290 -   DALBHARAT: 50 sessions cached (need 260 for full return history) — ret_6m/ret_12m will return None until history accumulates naturally. No refetch triggered.
14:51:46 | WARNING  | __main__:290 -   MUTHOOTFIN: 50 sessions cached (need 260 for full return history) — ret_6m/ret_12m will return None until history accumulates naturally. No refetch triggered.
14:51:46 | WARNING  | __main__:290 -   LTF: 50 sessions cached (need 260 for full return history) — ret_6m/ret_12m will return None until history accumulates naturally. No refetch triggered.
14:51:46 | WARNING  | __main__:290 -   FACT: 50 sessions cached (need 260 for full return history) — ret_6m/ret_12m will return None until history accumulates naturally. No refetch triggered.
14:51:46 | WARNING  | __main__:290 -   DMART: 50 sessions cached (need 260 for full return history) — ret_6m/ret_12m will return None until history accumulates naturally. No refetch triggered.
14:51:46 | WARNING  | __main__:290 -   CDSL: 50 sessions cached (need 260 for full return history) — ret_6m/ret_12m will return None until history accumulates naturally. No refetch triggered.
14:51:46 | WARNING  | __main__:290 -   ERIS: 50 sessions cached (need 260 for full return history) — ret_6m/ret_12m will return None until history accumulates naturally. No refetch triggered.
14:51:46 | WARNING  | __main__:290 -   COCHINSHIP: 50 sessions cached (need 260 for full return history) — ret_6m/ret_12m will return None until history accumulates naturally. No refetch triggered.
14:51:46 | WARNING  | __main__:290 -   SBILIFE: 50 sessions cached (need 260 for full return history) — ret_6m/ret_12m will return None until history accumulates naturally. No refetch triggered.
14:51:46 | WARNING  | __main__:290 -   GICRE: 50 sessions cached (need 260 for full return history) — ret_6m/ret_12m will return None until history accumulates naturally. No refetch triggered.
14:51:46 | WARNING  | __main__:290 -   IEX: 50 sessions cached (need 260 for full return history) — ret_6m/ret_12m will return None until history accumulates naturally. No refetch triggered.
14:51:46 | WARNING  | __main__:290 -   HDFCLIFE: 50 sessions cached (need 260 for full return history) — ret_6m/ret_12m will return None until history accumulates naturally. No refetch triggered.
14:51:46 | WARNING  | __main__:290 -   AMBER: 50 sessions cached (need 260 for full return history) — ret_6m/ret_12m will return None until history accumulates naturally. No refetch triggered.
14:51:46 | WARNING  | __main__:290 -   ASTERDM: 50 sessions cached (need 260 for full return history) — ret_6m/ret_12m will return None until history accumulates naturally. No refetch triggered.
14:51:46 | WARNING  | __main__:290 -   BDL: 50 sessions cached (need 260 for full return history) — ret_6m/ret_12m will return None until history accumulates naturally. No refetch triggered.
14:51:46 | WARNING  | __main__:290 -   HAL: 50 sessions cached (need 260 for full return history) — ret_6m/ret_12m will return None until history accumulates naturally. No refetch triggered.
14:51:46 | WARNING  | __main__:290 -   RITES: 50 sessions cached (need 260 for full return history) — ret_6m/ret_12m will return None until history accumulates naturally. No refetch triggered.
14:51:46 | WARNING  | __main__:290 -   IRCON: 50 sessions cached (need 260 for full return history) — ret_6m/ret_12m will return None until history accumulates naturally. No refetch triggered.
14:51:46 | WARNING  | __main__:290 -   AAVAS: 50 sessions cached (need 260 for full return history) — ret_6m/ret_12m will return None until history accumulates naturally. No refetch triggered.
14:51:46 | WARNING  | __main__:290 -   ATGL: 50 sessions cached (need 260 for full return history) — ret_6m/ret_12m will return None until history accumulates naturally. No refetch triggered.
14:51:46 | WARNING  | __main__:290 -   CHALET: 50 sessions cached (need 260 for full return history) — ret_6m/ret_12m will return None until history accumulates naturally. No refetch triggered.
14:51:46 | WARNING  | __main__:290 -   KPITTECH: 50 sessions cached (need 260 for full return history) — ret_6m/ret_12m will return None until history accumulates naturally. No refetch triggered.
14:51:46 | WARNING  | __main__:290 -   INDIAMART: 50 sessions cached (need 260 for full return history) — ret_6m/ret_12m will return None until history accumulates naturally. No refetch triggered.
14:51:46 | WARNING  | __main__:290 -   AFFLE: 50 sessions cached (need 260 for full return history) — ret_6m/ret_12m will return None until history accumulates naturally. No refetch triggered.
14:51:46 | WARNING  | __main__:290 -   IRCTC: 50 sessions cached (need 260 for full return history) — ret_6m/ret_12m will return None until history accumulates naturally. No refetch triggered.
14:51:46 | WARNING  | __main__:290 -   SUMICHEM: 50 sessions cached (need 260 for full return history) — ret_6m/ret_12m will return None until history accumulates naturally. No refetch triggered.
14:51:46 | WARNING  | __main__:290 -   COHANCE: 50 sessions cached (need 260 for full return history) — ret_6m/ret_12m will return None until history accumulates naturally. No refetch triggered.
14:51:46 | WARNING  | __main__:290 -   POWERINDIA: 50 sessions cached (need 260 for full return history) — ret_6m/ret_12m will return None until history accumulates naturally. No refetch triggered.
14:51:46 | WARNING  | __main__:290 -   MAZDOCK: 50 sessions cached (need 260 for full return history) — ret_6m/ret_12m will return None until history accumulates naturally. No refetch triggered.
14:51:46 | WARNING  | __main__:290 -   GLAND: 50 sessions cached (need 260 for full return history) — ret_6m/ret_12m will return None until history accumulates naturally. No refetch triggered.
14:51:46 | WARNING  | __main__:290 -   RAILTEL: 50 sessions cached (need 260 for full return history) — ret_6m/ret_12m will return None until history accumulates naturally. No refetch triggered.
14:51:46 | WARNING  | __main__:290 -   JUBLINGREA: 50 sessions cached (need 260 for full return history) — ret_6m/ret_12m will return None until history accumulates naturally. No refetch triggered.
14:51:46 | WARNING  | __main__:290 -   ANURAS: 50 sessions cached (need 260 for full return history) — ret_6m/ret_12m will return None until history accumulates naturally. No refetch triggered.
14:51:46 | WARNING  | __main__:290 -   KALYANKJIL: 50 sessions cached (need 260 for full return history) — ret_6m/ret_12m will return None until history accumulates naturally. No refetch triggered.
14:51:46 | WARNING  | __main__:290 -   LODHA: 50 sessions cached (need 260 for full return history) — ret_6m/ret_12m will return None until history accumulates naturally. No refetch triggered.
14:51:46 | WARNING  | __main__:290 -   CLEAN: 50 sessions cached (need 260 for full return history) — ret_6m/ret_12m will return None until history accumulates naturally. No refetch triggered.
14:51:46 | WARNING  | __main__:290 -   ACUTAAS: 50 sessions cached (need 260 for full return history) — ret_6m/ret_12m will return None until history accumulates naturally. No refetch triggered.
14:51:46 | WARNING  | __main__:290 -   POLICYBZR: 50 sessions cached (need 260 for full return history) — ret_6m/ret_12m will return None until history accumulates naturally. No refetch triggered.
14:51:46 | WARNING  | __main__:290 -   SAPPHIRE: 50 sessions cached (need 260 for full return history) — ret_6m/ret_12m will return None until history accumulates naturally. No refetch triggered.
14:51:46 | WARNING  | __main__:290 -   AWL: 50 sessions cached (need 260 for full return history) — ret_6m/ret_12m will return None until history accumulates naturally. No refetch triggered.
14:51:46 | WARNING  | __main__:290 -   MEDANTA: 50 sessions cached (need 260 for full return history) — ret_6m/ret_12m will return None until history accumulates naturally. No refetch triggered.
14:51:46 | WARNING  | __main__:290 -   NETWEB: 50 sessions cached (need 260 for full return history) — ret_6m/ret_12m will return None until history accumulates naturally. No refetch triggered.
14:51:46 | WARNING  | __main__:290 -   RRKABEL: 50 sessions cached (need 260 for full return history) — ret_6m/ret_12m will return None until history accumulates naturally. No refetch triggered.
14:51:46 | WARNING  | __main__:290 -   NUVAMA: 50 sessions cached (need 260 for full return history) — ret_6m/ret_12m will return None until history accumulates naturally. No refetch triggered.
14:51:46 | WARNING  | __main__:290 -   BLUEJET: 50 sessions cached (need 260 for full return history) — ret_6m/ret_12m will return None until history accumulates naturally. No refetch triggered.
14:51:46 | WARNING  | __main__:290 -   HONASA: 50 sessions cached (need 260 for full return history) — ret_6m/ret_12m will return None until history accumulates naturally. No refetch triggered.
14:51:46 | WARNING  | __main__:290 -   TATATECH: 50 sessions cached (need 260 for full return history) — ret_6m/ret_12m will return None until history accumulates naturally. No refetch triggered.
14:51:46 | WARNING  | __main__:290 -   DOMS: 50 sessions cached (need 260 for full return history) — ret_6m/ret_12m will return None until history accumulates naturally. No refetch triggered.
14:51:46 | WARNING  | __main__:290 -   BHARTIHEXA: 50 sessions cached (need 260 for full return history) — ret_6m/ret_12m will return None until history accumulates naturally. No refetch triggered.
14:51:46 | WARNING  | __main__:290 -   INDGN: 50 sessions cached (need 260 for full return history) — ret_6m/ret_12m will return None until history accumulates naturally. No refetch triggered.
14:51:46 | WARNING  | __main__:290 -   AADHARHFC: 50 sessions cached (need 260 for full return history) — ret_6m/ret_12m will return None until history accumulates naturally. No refetch triggered.
14:51:46 | WARNING  | __main__:290 -   HYUNDAI: 50 sessions cached (need 260 for full return history) — ret_6m/ret_12m will return None until history accumulates naturally. No refetch triggered.
14:51:46 | WARNING  | __main__:290 -   WAAREEENER: 50 sessions cached (need 260 for full return history) — ret_6m/ret_12m will return None until history accumulates naturally. No refetch triggered.
14:51:46 | WARNING  | __main__:290 -   SAGILITY: 50 sessions cached (need 260 for full return history) — ret_6m/ret_12m will return None until history accumulates naturally. No refetch triggered.
14:51:46 | WARNING  | __main__:290 -   VMM: 50 sessions cached (need 260 for full return history) — ret_6m/ret_12m will return None until history accumulates naturally. No refetch triggered.
14:51:46 | WARNING  | __main__:290 -   IKS: 50 sessions cached (need 260 for full return history) — ret_6m/ret_12m will return None until history accumulates naturally. No refetch triggered.
14:51:46 | WARNING  | __main__:290 -   IGIL: 50 sessions cached (need 260 for full return history) — ret_6m/ret_12m will return None until history accumulates naturally. No refetch triggered.
14:51:46 | WARNING  | __main__:290 -   ITCHOTELS: 50 sessions cached (need 260 for full return history) — ret_6m/ret_12m will return None until history accumulates naturally. No refetch triggered.
14:51:46 | WARNING  | __main__:290 -   HDBFS: 50 sessions cached (need 260 for full return history) — ret_6m/ret_12m will return None until history accumulates naturally. No refetch triggered.
14:51:46 | WARNING  | __main__:290 -   ANTHEM: 50 sessions cached (need 260 for full return history) — ret_6m/ret_12m will return None until history accumulates naturally. No refetch triggered.
14:51:46 | WARNING  | __main__:290 -   CPPLUS: 50 sessions cached (need 260 for full return history) — ret_6m/ret_12m will return None until history accumulates naturally. No refetch triggered.
14:51:46 | WARNING  | __main__:290 -   GROWW: 50 sessions cached (need 260 for full return history) — ret_6m/ret_12m will return None until history accumulates naturally. No refetch triggered.
14:51:46 | WARNING  | __main__:290 -   TENNIND: 50 sessions cached (need 260 for full return history) — ret_6m/ret_12m will return None until history accumulates naturally. No refetch triggered.
14:51:46 | WARNING  | __main__:290 -   MEESHO: 50 sessions cached (need 260 for full return history) — ret_6m/ret_12m will return None until history accumulates naturally. No refetch triggered.
14:51:46 | INFO     | __main__:297 -   price_history_yf: 500 have base | 0 tail-refresh | 0 full fetch
  ✓ yfinance not needed — all symbols current
14:51:50 | INFO     | __main__:451 -   fetch_bulk_history_yf: 500 symbols | 25000 total sessions | 0 fetched from yfinance
14:51:50 | INFO     | __main__:501 -   Upcoming events: 343 symbols with events in next 30d
14:51:50 | INFO     | __main__:525 -   MSL symbols: 44 in shortlist
14:51:50 | INFO     | __main__:549 -   Index membership: 600 symbols mapped
14:51:50 | INFO     | __main__:587 -   raw_prices: 499 symbols with delivery/value data
14:51:50 | INFO     | __main__:1045 -   Nifty 1M return: 3.8203%
14:51:50 | INFO     | __main__:1052 - Pass 2: computing and reconciling...
14:51:50 | INFO     | __main__:1103 - =================================================================
14:51:50 | INFO     | __main__:1104 - COMPUTE INDICATORS SUMMARY — 2026-04-30 — COMPUTE_ONLY
14:51:50 | INFO     | __main__:1105 -   Symbols: 500 processed | 0 skipped
14:51:50 | INFO     | __main__:1129 - =================================================================
14:51:50 | INFO     | __main__:1145 - Pass 3: writing 500 rows to stock_data_daily...
14:51:51 | SUCCESS  | __main__:1153 - compute_indicators: 500 written | 0 skipped | 0 diverged field types requiring review
15:15:37 | INFO     | config:189 - TradeOS v6 config loaded | Capital=₹200,000 | DRY_RUN=False | Phase=2
15:15:37 | INFO     | __main__:1058 - compute_indicators v2.3 — 2026-05-03 — COMPUTE_ONLY
15:15:37 | INFO     | __main__:1038 -   Resolved trading date: 2026-05-03 → 2026-04-30
15:15:37 | INFO     | __main__:1071 - Pass 1: bulk data fetch...
15:15:37 | INFO     | __main__:505 -   chartink_raw_data: 500 rows
15:15:37 | INFO     | __main__:211 -   fetch_bulk_history_yf: checking price_history_yf cache (500 symbols) | cutoff=2025-01-15...
15:15:41 | INFO     | __main__:273 -   Today OHLCV seeded from chartink: 500 symbols | tail calls eliminated for current symbols
15:15:41 | WARNING  | __main__:305 -   ASAHIINDIA: 50 sessions cached (need 260 for full return history) — gap-fill triggered, fetching back to 2025-01-15
15:15:41 | WARNING  | __main__:305 -   KPRMILL: 50 sessions cached (need 260 for full return history) — gap-fill triggered, fetching back to 2025-01-15
15:15:41 | WARNING  | __main__:305 -   POWERGRID: 50 sessions cached (need 260 for full return history) — gap-fill triggered, fetching back to 2025-01-15
15:15:41 | WARNING  | __main__:305 -   ECLERX: 50 sessions cached (need 260 for full return history) — gap-fill triggered, fetching back to 2025-01-15
15:15:41 | WARNING  | __main__:305 -   TITAGARH: 50 sessions cached (need 260 for full return history) — gap-fill triggered, fetching back to 2025-01-15
15:15:41 | WARNING  | __main__:305 -   GRAVITA: 50 sessions cached (need 260 for full return history) — gap-fill triggered, fetching back to 2025-01-15
15:15:41 | WARNING  | __main__:305 -   KIRLOSENG: 50 sessions cached (need 260 for full return history) — gap-fill triggered, fetching back to 2025-01-15
15:15:41 | WARNING  | __main__:305 -   CESC: 50 sessions cached (need 260 for full return history) — gap-fill triggered, fetching back to 2025-01-15
15:15:41 | WARNING  | __main__:305 -   CGCL: 50 sessions cached (need 260 for full return history) — gap-fill triggered, fetching back to 2025-01-15
15:15:41 | WARNING  | __main__:305 -   GAIL: 50 sessions cached (need 260 for full return history) — gap-fill triggered, fetching back to 2025-01-15
15:15:41 | WARNING  | __main__:305 -   GPIL: 50 sessions cached (need 260 for full return history) — gap-fill triggered, fetching back to 2025-01-15
15:15:41 | WARNING  | __main__:305 -   GRSE: 50 sessions cached (need 260 for full return history) — gap-fill triggered, fetching back to 2025-01-15
15:15:41 | WARNING  | __main__:305 -   GSPL: 50 sessions cached (need 260 for full return history) — gap-fill triggered, fetching back to 2025-01-15
15:15:41 | WARNING  | __main__:305 -   HEXT: 50 sessions cached (need 260 for full return history) — gap-fill triggered, fetching back to 2025-01-15
15:15:41 | WARNING  | __main__:305 -   HFCL: 50 sessions cached (need 260 for full return history) — gap-fill triggered, fetching back to 2025-01-15
15:15:41 | WARNING  | __main__:305 -   SHREECEM: 50 sessions cached (need 260 for full return history) — gap-fill triggered, fetching back to 2025-01-15
15:15:41 | WARNING  | __main__:305 -   PVRINOX: 50 sessions cached (need 260 for full return history) — gap-fill triggered, fetching back to 2025-01-15
15:15:41 | WARNING  | __main__:305 -   AEGISLOG: 50 sessions cached (need 260 for full return history) — gap-fill triggered, fetching back to 2025-01-15
15:15:41 | WARNING  | __main__:305 -   INDIGO: 50 sessions cached (need 260 for full return history) — gap-fill triggered, fetching back to 2025-01-15
15:15:41 | WARNING  | __main__:305 -   JIOFIN: 50 sessions cached (need 260 for full return history) — gap-fill triggered, fetching back to 2025-01-15
15:15:41 | WARNING  | __main__:305 -   KAYNES: 50 sessions cached (need 260 for full return history) — gap-fill triggered, fetching back to 2025-01-15
15:15:41 | WARNING  | __main__:305 -   GODREJPROP: 50 sessions cached (need 260 for full return history) — gap-fill triggered, fetching back to 2025-01-15
15:15:41 | WARNING  | __main__:305 -   M&MFIN: 50 sessions cached (need 260 for full return history) — gap-fill triggered, fetching back to 2025-01-15
15:15:41 | WARNING  | __main__:305 -   BALKRISIND: 50 sessions cached (need 260 for full return history) — gap-fill triggered, fetching back to 2025-01-15
15:15:41 | WARNING  | __main__:305 -   MARUTI: 50 sessions cached (need 260 for full return history) — gap-fill triggered, fetching back to 2025-01-15
15:15:41 | WARNING  | __main__:305 -   DEVYANI: 50 sessions cached (need 260 for full return history) — gap-fill triggered, fetching back to 2025-01-15
15:15:41 | WARNING  | __main__:305 -   NAUKRI: 50 sessions cached (need 260 for full return history) — gap-fill triggered, fetching back to 2025-01-15
15:15:41 | WARNING  | __main__:305 -   NEWGEN: 50 sessions cached (need 260 for full return history) — gap-fill triggered, fetching back to 2025-01-15
15:15:41 | WARNING  | __main__:305 -   SONACOMS: 50 sessions cached (need 260 for full return history) — gap-fill triggered, fetching back to 2025-01-15
15:15:41 | WARNING  | __main__:305 -   NUVOCO: 50 sessions cached (need 260 for full return history) — gap-fill triggered, fetching back to 2025-01-15
15:15:41 | WARNING  | __main__:305 -   ICICIGI: 50 sessions cached (need 260 for full return history) — gap-fill triggered, fetching back to 2025-01-15
15:15:41 | WARNING  | __main__:305 -   RADICO: 50 sessions cached (need 260 for full return history) — gap-fill triggered, fetching back to 2025-01-15
15:15:41 | WARNING  | __main__:305 -   SUZLON: 50 sessions cached (need 260 for full return history) — gap-fill triggered, fetching back to 2025-01-15
15:15:41 | WARNING  | __main__:305 -   SWIGGY: 50 sessions cached (need 260 for full return history) — gap-fill triggered, fetching back to 2025-01-15
15:15:41 | WARNING  | __main__:305 -   TBOTEK: 50 sessions cached (need 260 for full return history) — gap-fill triggered, fetching back to 2025-01-15
15:15:41 | WARNING  | __main__:305 -   TIMKEN: 50 sessions cached (need 260 for full return history) — gap-fill triggered, fetching back to 2025-01-15
15:15:41 | WARNING  | __main__:305 -   DELHIVERY: 50 sessions cached (need 260 for full return history) — gap-fill triggered, fetching back to 2025-01-15
15:15:41 | WARNING  | __main__:305 -   UTIAMC: 50 sessions cached (need 260 for full return history) — gap-fill triggered, fetching back to 2025-01-15
15:15:41 | WARNING  | __main__:305 -   SUNDARMFIN: 50 sessions cached (need 260 for full return history) — gap-fill triggered, fetching back to 2025-01-15
15:15:41 | WARNING  | __main__:305 -   DCMSHRIRAM: 50 sessions cached (need 260 for full return history) — gap-fill triggered, fetching back to 2025-01-15
15:15:41 | WARNING  | __main__:305 -   VIJAYA: 50 sessions cached (need 260 for full return history) — gap-fill triggered, fetching back to 2025-01-15
15:15:41 | WARNING  | __main__:305 -   NAVINFLUOR: 50 sessions cached (need 260 for full return history) — gap-fill triggered, fetching back to 2025-01-15
15:15:41 | WARNING  | __main__:305 -   DATAPATTNS: 50 sessions cached (need 260 for full return history) — gap-fill triggered, fetching back to 2025-01-15
15:15:41 | WARNING  | __main__:305 -   SAILIFE: 50 sessions cached (need 260 for full return history) — gap-fill triggered, fetching back to 2025-01-15
15:15:41 | WARNING  | __main__:305 -   SARDAEN: 50 sessions cached (need 260 for full return history) — gap-fill triggered, fetching back to 2025-01-15
15:15:41 | WARNING  | __main__:305 -   GODREJCP: 50 sessions cached (need 260 for full return history) — gap-fill triggered, fetching back to 2025-01-15
15:15:41 | WARNING  | __main__:305 -   SBICARD: 50 sessions cached (need 260 for full return history) — gap-fill triggered, fetching back to 2025-01-15
15:15:41 | WARNING  | __main__:305 -   CHOICEIN: 50 sessions cached (need 260 for full return history) — gap-fill triggered, fetching back to 2025-01-15
15:15:41 | WARNING  | __main__:305 -   ZENTEC: 50 sessions cached (need 260 for full return history) — gap-fill triggered, fetching back to 2025-01-15
15:15:41 | WARNING  | __main__:305 -   INDIANB: 50 sessions cached (need 260 for full return history) — gap-fill triggered, fetching back to 2025-01-15
15:15:41 | WARNING  | __main__:305 -   APOLLOHOSP: 50 sessions cached (need 260 for full return history) — gap-fill triggered, fetching back to 2025-01-15
15:15:41 | WARNING  | __main__:305 -   MAXHEALTH: 50 sessions cached (need 260 for full return history) — gap-fill triggered, fetching back to 2025-01-15
15:15:41 | WARNING  | __main__:305 -   STARHEALTH: 50 sessions cached (need 260 for full return history) — gap-fill triggered, fetching back to 2025-01-15
15:15:41 | WARNING  | __main__:305 -   SCHNEIDER: 50 sessions cached (need 260 for full return history) — gap-fill triggered, fetching back to 2025-01-15
15:15:41 | WARNING  | __main__:305 -   SAREGAMA: 50 sessions cached (need 260 for full return history) — gap-fill triggered, fetching back to 2025-01-15
15:15:41 | WARNING  | __main__:305 -   NSLNISP: 50 sessions cached (need 260 for full return history) — gap-fill triggered, fetching back to 2025-01-15
15:15:41 | WARNING  | __main__:305 -   ATHERENERG: 50 sessions cached (need 260 for full return history) — gap-fill triggered, fetching back to 2025-01-15
15:15:41 | WARNING  | __main__:305 -   BAJAJHFL: 50 sessions cached (need 260 for full return history) — gap-fill triggered, fetching back to 2025-01-15
15:15:41 | WARNING  | __main__:305 -   ABCAPITAL: 50 sessions cached (need 260 for full return history) — gap-fill triggered, fetching back to 2025-01-15
15:15:41 | WARNING  | __main__:305 -   CONCORDBIO: 50 sessions cached (need 260 for full return history) — gap-fill triggered, fetching back to 2025-01-15
15:15:41 | WARNING  | __main__:305 -   JAINREC: 50 sessions cached (need 260 for full return history) — gap-fill triggered, fetching back to 2025-01-15
15:15:41 | WARNING  | __main__:305 -   SYNGENE: 50 sessions cached (need 260 for full return history) — gap-fill triggered, fetching back to 2025-01-15
15:15:41 | WARNING  | __main__:305 -   INTELLECT: 50 sessions cached (need 260 for full return history) — gap-fill triggered, fetching back to 2025-01-15
15:15:41 | WARNING  | __main__:305 -   GALLANTT: 50 sessions cached (need 260 for full return history) — gap-fill triggered, fetching back to 2025-01-15
15:15:41 | WARNING  | __main__:305 -   JSWINFRA: 50 sessions cached (need 260 for full return history) — gap-fill triggered, fetching back to 2025-01-15
15:15:41 | WARNING  | __main__:305 -   IDFCFIRSTB: 50 sessions cached (need 260 for full return history) — gap-fill triggered, fetching back to 2025-01-15
15:15:41 | WARNING  | __main__:305 -   NAM-INDIA: 50 sessions cached (need 260 for full return history) — gap-fill triggered, fetching back to 2025-01-15
15:15:41 | WARNING  | __main__:305 -   NATIONALUM: 50 sessions cached (need 260 for full return history) — gap-fill triggered, fetching back to 2025-01-15
15:15:41 | WARNING  | __main__:305 -   MINDACORP: 50 sessions cached (need 260 for full return history) — gap-fill triggered, fetching back to 2025-01-15
15:15:41 | WARNING  | __main__:305 -   CREDITACC: 50 sessions cached (need 260 for full return history) — gap-fill triggered, fetching back to 2025-01-15
15:15:41 | WARNING  | __main__:305 -   TATACAP: 50 sessions cached (need 260 for full return history) — gap-fill triggered, fetching back to 2025-01-15
15:15:41 | WARNING  | __main__:305 -   COALINDIA: 50 sessions cached (need 260 for full return history) — gap-fill triggered, fetching back to 2025-01-15
15:15:41 | WARNING  | __main__:305 -   NLCINDIA: 50 sessions cached (need 260 for full return history) — gap-fill triggered, fetching back to 2025-01-15
15:15:41 | WARNING  | __main__:305 -   SHRIRAMFIN: 50 sessions cached (need 260 for full return history) — gap-fill triggered, fetching back to 2025-01-15
15:15:41 | WARNING  | __main__:305 -   BANDHANBNK: 50 sessions cached (need 260 for full return history) — gap-fill triggered, fetching back to 2025-01-15
15:15:41 | WARNING  | __main__:305 -   TECHNOE: 50 sessions cached (need 260 for full return history) — gap-fill triggered, fetching back to 2025-01-15
15:15:41 | WARNING  | __main__:305 -   ETERNAL: 50 sessions cached (need 260 for full return history) — gap-fill triggered, fetching back to 2025-01-15
15:15:41 | WARNING  | __main__:305 -   JPPOWER: 50 sessions cached (need 260 for full return history) — gap-fill triggered, fetching back to 2025-01-15
15:15:41 | WARNING  | __main__:305 -   OLAELEC: 50 sessions cached (need 260 for full return history) — gap-fill triggered, fetching back to 2025-01-15
15:15:41 | WARNING  | __main__:305 -   OLECTRA: 50 sessions cached (need 260 for full return history) — gap-fill triggered, fetching back to 2025-01-15
15:15:41 | WARNING  | __main__:305 -   TEJASNET: 50 sessions cached (need 260 for full return history) — gap-fill triggered, fetching back to 2025-01-15
15:15:41 | WARNING  | __main__:305 -   PIRAMALFIN: 50 sessions cached (need 260 for full return history) — gap-fill triggered, fetching back to 2025-01-15
15:15:41 | WARNING  | __main__:305 -   TIINDIA: 50 sessions cached (need 260 for full return history) — gap-fill triggered, fetching back to 2025-01-15
15:15:41 | WARNING  | __main__:305 -   YESBANK: 50 sessions cached (need 260 for full return history) — gap-fill triggered, fetching back to 2025-01-15
15:15:41 | WARNING  | __main__:305 -   ZYDUSWELL: 50 sessions cached (need 260 for full return history) — gap-fill triggered, fetching back to 2025-01-15
15:15:41 | WARNING  | __main__:305 -   ADANIENT: 50 sessions cached (need 260 for full return history) — gap-fill triggered, fetching back to 2025-01-15
15:15:41 | WARNING  | __main__:305 -   JUBLPHARMA: 50 sessions cached (need 260 for full return history) — gap-fill triggered, fetching back to 2025-01-15
15:15:41 | WARNING  | __main__:305 -   TORNTPOWER: 50 sessions cached (need 260 for full return history) — gap-fill triggered, fetching back to 2025-01-15
15:15:41 | WARNING  | __main__:305 -   ABSLAMC: 50 sessions cached (need 260 for full return history) — gap-fill triggered, fetching back to 2025-01-15
15:15:41 | WARNING  | __main__:305 -   PHOENIXLTD: 50 sessions cached (need 260 for full return history) — gap-fill triggered, fetching back to 2025-01-15
15:15:41 | WARNING  | __main__:305 -   SIGNATURE: 50 sessions cached (need 260 for full return history) — gap-fill triggered, fetching back to 2025-01-15
15:15:41 | WARNING  | __main__:305 -   MOTILALOFS: 50 sessions cached (need 260 for full return history) — gap-fill triggered, fetching back to 2025-01-15
15:15:41 | WARNING  | __main__:305 -   AJANTPHARM: 50 sessions cached (need 260 for full return history) — gap-fill triggered, fetching back to 2025-01-15
15:15:41 | WARNING  | __main__:305 -   JYOTICNC: 50 sessions cached (need 260 for full return history) — gap-fill triggered, fetching back to 2025-01-15
15:15:41 | WARNING  | __main__:305 -   ICICIAMC: 50 sessions cached (need 260 for full return history) — gap-fill triggered, fetching back to 2025-01-15
15:15:41 | WARNING  | __main__:305 -   ELGIEQUIP: 50 sessions cached (need 260 for full return history) — gap-fill triggered, fetching back to 2025-01-15
15:15:41 | WARNING  | __main__:305 -   JSWCEMENT: 50 sessions cached (need 260 for full return history) — gap-fill triggered, fetching back to 2025-01-15
15:15:41 | WARNING  | __main__:305 -   LINDEINDIA: 50 sessions cached (need 260 for full return history) — gap-fill triggered, fetching back to 2025-01-15
15:15:41 | WARNING  | __main__:305 -   ANGELONE: 50 sessions cached (need 260 for full return history) — gap-fill triggered, fetching back to 2025-01-15
15:15:41 | WARNING  | __main__:305 -   LGEINDIA: 50 sessions cached (need 260 for full return history) — gap-fill triggered, fetching back to 2025-01-15
15:15:41 | WARNING  | __main__:305 -   JKCEMENT: 50 sessions cached (need 260 for full return history) — gap-fill triggered, fetching back to 2025-01-15
15:15:41 | WARNING  | __main__:305 -   GLENMARK: 50 sessions cached (need 260 for full return history) — gap-fill triggered, fetching back to 2025-01-15
15:15:41 | WARNING  | __main__:305 -   CRAFTSMAN: 50 sessions cached (need 260 for full return history) — gap-fill triggered, fetching back to 2025-01-15
15:15:41 | WARNING  | __main__:305 -   VTL: 50 sessions cached (need 260 for full return history) — gap-fill triggered, fetching back to 2025-01-15
15:15:41 | WARNING  | __main__:305 -   SWANCORP: 50 sessions cached (need 260 for full return history) — gap-fill triggered, fetching back to 2025-01-15
15:15:41 | WARNING  | __main__:305 -   NH: 50 sessions cached (need 260 for full return history) — gap-fill triggered, fetching back to 2025-01-15
15:15:41 | WARNING  | __main__:305 -   JINDALSTEL: 50 sessions cached (need 260 for full return history) — gap-fill triggered, fetching back to 2025-01-15
15:15:41 | WARNING  | __main__:305 -   WOCKPHARMA: 50 sessions cached (need 260 for full return history) — gap-fill triggered, fetching back to 2025-01-15
15:15:41 | WARNING  | __main__:305 -   ZYDUSLIFE: 50 sessions cached (need 260 for full return history) — gap-fill triggered, fetching back to 2025-01-15
15:15:41 | WARNING  | __main__:305 -   MCX: 50 sessions cached (need 260 for full return history) — gap-fill triggered, fetching back to 2025-01-15
15:15:41 | WARNING  | __main__:305 -   INDUSTOWER: 50 sessions cached (need 260 for full return history) — gap-fill triggered, fetching back to 2025-01-15
15:15:41 | WARNING  | __main__:305 -   INOXWIND: 50 sessions cached (need 260 for full return history) — gap-fill triggered, fetching back to 2025-01-15
15:15:41 | WARNING  | __main__:305 -   LALPATHLAB: 50 sessions cached (need 260 for full return history) — gap-fill triggered, fetching back to 2025-01-15
15:15:41 | WARNING  | __main__:305 -   CROMPTON: 50 sessions cached (need 260 for full return history) — gap-fill triggered, fetching back to 2025-01-15
15:15:41 | WARNING  | __main__:305 -   ENDURANCE: 50 sessions cached (need 260 for full return history) — gap-fill triggered, fetching back to 2025-01-15
15:15:41 | WARNING  | __main__:305 -   PNBHOUSING: 50 sessions cached (need 260 for full return history) — gap-fill triggered, fetching back to 2025-01-15
15:15:41 | WARNING  | __main__:305 -   KARURVYSYA: 50 sessions cached (need 260 for full return history) — gap-fill triggered, fetching back to 2025-01-15
15:15:41 | WARNING  | __main__:305 -   CARTRADE: 50 sessions cached (need 260 for full return history) — gap-fill triggered, fetching back to 2025-01-15
15:15:41 | WARNING  | __main__:305 -   BELRISE: 50 sessions cached (need 260 for full return history) — gap-fill triggered, fetching back to 2025-01-15
15:15:41 | WARNING  | __main__:305 -   ENRIN: 50 sessions cached (need 260 for full return history) — gap-fill triggered, fetching back to 2025-01-15
15:15:41 | WARNING  | __main__:305 -   ABLBL: 50 sessions cached (need 260 for full return history) — gap-fill triggered, fetching back to 2025-01-15
15:15:41 | WARNING  | __main__:305 -   LENSKART: 50 sessions cached (need 260 for full return history) — gap-fill triggered, fetching back to 2025-01-15
15:15:41 | WARNING  | __main__:305 -   PWL: 50 sessions cached (need 260 for full return history) — gap-fill triggered, fetching back to 2025-01-15
15:15:41 | WARNING  | __main__:305 -   ACE: 50 sessions cached (need 260 for full return history) — gap-fill triggered, fetching back to 2025-01-15
15:15:41 | WARNING  | __main__:305 -   BLS: 50 sessions cached (need 260 for full return history) — gap-fill triggered, fetching back to 2025-01-15
15:15:41 | WARNING  | __main__:305 -   BSE: 50 sessions cached (need 260 for full return history) — gap-fill triggered, fetching back to 2025-01-15
15:15:41 | WARNING  | __main__:305 -   FSL: 50 sessions cached (need 260 for full return history) — gap-fill triggered, fetching back to 2025-01-15
15:15:41 | WARNING  | __main__:305 -   HEG: 51 sessions cached (need 260 for full return history) — gap-fill triggered, fetching back to 2025-01-15
15:15:41 | WARNING  | __main__:305 -   IGL: 51 sessions cached (need 260 for full return history) — gap-fill triggered, fetching back to 2025-01-15
15:15:41 | WARNING  | __main__:305 -   IOC: 50 sessions cached (need 260 for full return history) — gap-fill triggered, fetching back to 2025-01-15
15:15:41 | WARNING  | __main__:305 -   ITI: 50 sessions cached (need 260 for full return history) — gap-fill triggered, fetching back to 2025-01-15
15:15:41 | WARNING  | __main__:305 -   JSL: 50 sessions cached (need 260 for full return history) — gap-fill triggered, fetching back to 2025-01-15
15:15:41 | WARNING  | __main__:305 -   KEI: 50 sessions cached (need 260 for full return history) — gap-fill triggered, fetching back to 2025-01-15
15:15:41 | WARNING  | __main__:305 -   LTM: 47 sessions cached (need 260 for full return history) — gap-fill triggered, fetching back to 2025-01-15
15:15:41 | WARNING  | __main__:305 -   MGL: 51 sessions cached (need 260 for full return history) — gap-fill triggered, fetching back to 2025-01-15
15:15:41 | WARNING  | __main__:305 -   PNB: 50 sessions cached (need 260 for full return history) — gap-fill triggered, fetching back to 2025-01-15
15:15:41 | WARNING  | __main__:305 -   SCI: 50 sessions cached (need 260 for full return history) — gap-fill triggered, fetching back to 2025-01-15
15:15:41 | WARNING  | __main__:305 -   SRF: 50 sessions cached (need 260 for full return history) — gap-fill triggered, fetching back to 2025-01-15
15:15:41 | WARNING  | __main__:305 -   TCS: 50 sessions cached (need 260 for full return history) — gap-fill triggered, fetching back to 2025-01-15
15:15:41 | WARNING  | __main__:305 -   UBL: 50 sessions cached (need 260 for full return history) — gap-fill triggered, fetching back to 2025-01-15
15:15:41 | WARNING  | __main__:305 -   UPL: 50 sessions cached (need 260 for full return history) — gap-fill triggered, fetching back to 2025-01-15
15:15:41 | WARNING  | __main__:305 -   VBL: 50 sessions cached (need 260 for full return history) — gap-fill triggered, fetching back to 2025-01-15
15:15:41 | WARNING  | __main__:305 -   ABDL: 50 sessions cached (need 260 for full return history) — gap-fill triggered, fetching back to 2025-01-15
15:15:41 | WARNING  | __main__:305 -   AIIL: 50 sessions cached (need 260 for full return history) — gap-fill triggered, fetching back to 2025-01-15
15:15:41 | WARNING  | __main__:305 -   BBTC: 50 sessions cached (need 260 for full return history) — gap-fill triggered, fetching back to 2025-01-15
15:15:41 | WARNING  | __main__:305 -   CAMS: 50 sessions cached (need 260 for full return history) — gap-fill triggered, fetching back to 2025-01-15
15:15:41 | WARNING  | __main__:305 -   IIFL: 50 sessions cached (need 260 for full return history) — gap-fill triggered, fetching back to 2025-01-15
15:15:41 | WARNING  | __main__:305 -   IRFC: 50 sessions cached (need 260 for full return history) — gap-fill triggered, fetching back to 2025-01-15
15:15:41 | WARNING  | __main__:305 -   JBMA: 50 sessions cached (need 260 for full return history) — gap-fill triggered, fetching back to 2025-01-15
15:15:41 | WARNING  | __main__:305 -   KIMS: 50 sessions cached (need 260 for full return history) — gap-fill triggered, fetching back to 2025-01-15
15:15:41 | WARNING  | __main__:305 -   LICI: 50 sessions cached (need 260 for full return history) — gap-fill triggered, fetching back to 2025-01-15
15:15:41 | WARNING  | __main__:305 -   LTTS: 50 sessions cached (need 260 for full return history) — gap-fill triggered, fetching back to 2025-01-15
15:15:41 | WARNING  | __main__:305 -   MMTC: 50 sessions cached (need 260 for full return history) — gap-fill triggered, fetching back to 2025-01-15
15:15:41 | WARNING  | __main__:305 -   NBCC: 50 sessions cached (need 260 for full return history) — gap-fill triggered, fetching back to 2025-01-15
15:15:41 | WARNING  | __main__:305 -   NHPC: 50 sessions cached (need 260 for full return history) — gap-fill triggered, fetching back to 2025-01-15
15:15:41 | WARNING  | __main__:305 -   NMDC: 50 sessions cached (need 260 for full return history) — gap-fill triggered, fetching back to 2025-01-15
15:15:41 | WARNING  | __main__:305 -   NTPC: 50 sessions cached (need 260 for full return history) — gap-fill triggered, fetching back to 2025-01-15
15:15:41 | WARNING  | __main__:305 -   OFSS: 50 sessions cached (need 260 for full return history) — gap-fill triggered, fetching back to 2025-01-15
15:15:41 | WARNING  | __main__:305 -   PCBL: 50 sessions cached (need 260 for full return history) — gap-fill triggered, fetching back to 2025-01-15
15:15:41 | WARNING  | __main__:305 -   PGEL: 50 sessions cached (need 260 for full return history) — gap-fill triggered, fetching back to 2025-01-15
15:15:41 | WARNING  | __main__:305 -   RHIM: 50 sessions cached (need 260 for full return history) — gap-fill triggered, fetching back to 2025-01-15
15:15:41 | WARNING  | __main__:305 -   RVNL: 50 sessions cached (need 260 for full return history) — gap-fill triggered, fetching back to 2025-01-15
15:15:41 | WARNING  | __main__:305 -   SBFC: 50 sessions cached (need 260 for full return history) — gap-fill triggered, fetching back to 2025-01-15
15:15:41 | WARNING  | __main__:305 -   SJVN: 50 sessions cached (need 260 for full return history) — gap-fill triggered, fetching back to 2025-01-15
15:15:41 | WARNING  | __main__:305 -   TEGA: 50 sessions cached (need 260 for full return history) — gap-fill triggered, fetching back to 2025-01-15
15:15:41 | WARNING  | __main__:305 -   TMCV: 50 sessions cached (need 260 for full return history) — gap-fill triggered, fetching back to 2025-01-15
15:15:41 | WARNING  | __main__:305 -   TTML: 50 sessions cached (need 260 for full return history) — gap-fill triggered, fetching back to 2025-01-15
15:15:41 | WARNING  | __main__:305 -   ZEEL: 50 sessions cached (need 260 for full return history) — gap-fill triggered, fetching back to 2025-01-15
15:15:41 | WARNING  | __main__:305 -   ICICIBANK: 50 sessions cached (need 260 for full return history) — gap-fill triggered, fetching back to 2025-01-15
15:15:41 | WARNING  | __main__:305 -   ABFRL: 50 sessions cached (need 260 for full return history) — gap-fill triggered, fetching back to 2025-01-15
15:15:41 | WARNING  | __main__:305 -   ALKEM: 50 sessions cached (need 260 for full return history) — gap-fill triggered, fetching back to 2025-01-15
15:15:41 | WARNING  | __main__:305 -   APTUS: 50 sessions cached (need 260 for full return history) — gap-fill triggered, fetching back to 2025-01-15
15:15:41 | WARNING  | __main__:305 -   BSOFT: 50 sessions cached (need 260 for full return history) — gap-fill triggered, fetching back to 2025-01-15
15:15:41 | WARNING  | __main__:305 -   CANBK: 50 sessions cached (need 260 for full return history) — gap-fill triggered, fetching back to 2025-01-15
15:15:41 | WARNING  | __main__:305 -   DIXON: 50 sessions cached (need 260 for full return history) — gap-fill triggered, fetching back to 2025-01-15
15:15:41 | WARNING  | __main__:305 -   GVT&D: 50 sessions cached (need 260 for full return history) — gap-fill triggered, fetching back to 2025-01-15
15:15:41 | WARNING  | __main__:305 -   HUDCO: 50 sessions cached (need 260 for full return history) — gap-fill triggered, fetching back to 2025-01-15
15:15:41 | WARNING  | __main__:305 -   IREDA: 50 sessions cached (need 260 for full return history) — gap-fill triggered, fetching back to 2025-01-15
15:15:41 | WARNING  | __main__:305 -   MSUMI: 50 sessions cached (need 260 for full return history) — gap-fill triggered, fetching back to 2025-01-15
15:15:41 | WARNING  | __main__:305 -   NIACL: 50 sessions cached (need 260 for full return history) — gap-fill triggered, fetching back to 2025-01-15
15:15:41 | WARNING  | __main__:305 -   NYKAA: 50 sessions cached (need 260 for full return history) — gap-fill triggered, fetching back to 2025-01-15
15:15:41 | WARNING  | __main__:305 -   PAYTM: 50 sessions cached (need 260 for full return history) — gap-fill triggered, fetching back to 2025-01-15
15:15:41 | WARNING  | __main__:305 -   PTCIL: 50 sessions cached (need 260 for full return history) — gap-fill triggered, fetching back to 2025-01-15
15:15:41 | WARNING  | __main__:305 -   SOBHA: 50 sessions cached (need 260 for full return history) — gap-fill triggered, fetching back to 2025-01-15
15:15:41 | WARNING  | __main__:305 -   SUNTV: 50 sessions cached (need 260 for full return history) — gap-fill triggered, fetching back to 2025-01-15
15:15:41 | WARNING  | __main__:305 -   SYRMA: 50 sessions cached (need 260 for full return history) — gap-fill triggered, fetching back to 2025-01-15
15:15:41 | WARNING  | __main__:305 -   CARBORUNIV: 50 sessions cached (need 260 for full return history) — gap-fill triggered, fetching back to 2025-01-15
15:15:41 | WARNING  | __main__:305 -   NEULANDLAB: 50 sessions cached (need 260 for full return history) — gap-fill triggered, fetching back to 2025-01-15
15:15:41 | WARNING  | __main__:305 -   REDINGTON: 50 sessions cached (need 260 for full return history) — gap-fill triggered, fetching back to 2025-01-15
15:15:41 | WARNING  | __main__:305 -   JUBLFOOD: 50 sessions cached (need 260 for full return history) — gap-fill triggered, fetching back to 2025-01-15
15:15:41 | WARNING  | __main__:305 -   PPLPHARMA: 50 sessions cached (need 260 for full return history) — gap-fill triggered, fetching back to 2025-01-15
15:15:41 | WARNING  | __main__:305 -   LATENTVIEW: 50 sessions cached (need 260 for full return history) — gap-fill triggered, fetching back to 2025-01-15
15:15:41 | WARNING  | __main__:305 -   FIRSTCRY: 50 sessions cached (need 260 for full return history) — gap-fill triggered, fetching back to 2025-01-15
15:15:41 | WARNING  | __main__:305 -   3MINDIA: 50 sessions cached (need 260 for full return history) — gap-fill triggered, fetching back to 2025-01-15
15:15:41 | WARNING  | __main__:305 -   POLYCAB: 50 sessions cached (need 260 for full return history) — gap-fill triggered, fetching back to 2025-01-15
15:15:41 | WARNING  | __main__:305 -   FIVESTAR: 50 sessions cached (need 260 for full return history) — gap-fill triggered, fetching back to 2025-01-15
15:15:41 | WARNING  | __main__:305 -   PINELABS: 50 sessions cached (need 260 for full return history) — gap-fill triggered, fetching back to 2025-01-15
15:15:41 | WARNING  | __main__:305 -   LLOYDSME: 50 sessions cached (need 260 for full return history) — gap-fill triggered, fetching back to 2025-01-15
15:15:41 | WARNING  | __main__:305 -   OBEROIRLTY: 50 sessions cached (need 260 for full return history) — gap-fill triggered, fetching back to 2025-01-15
15:15:41 | WARNING  | __main__:305 -   ZENSARTECH: 50 sessions cached (need 260 for full return history) — gap-fill triggered, fetching back to 2025-01-15
15:15:41 | WARNING  | __main__:305 -   MAPMYINDIA: 50 sessions cached (need 260 for full return history) — gap-fill triggered, fetching back to 2025-01-15
15:15:41 | WARNING  | __main__:305 -   UNITDSPR: 50 sessions cached (need 260 for full return history) — gap-fill triggered, fetching back to 2025-01-15
15:15:41 | WARNING  | __main__:305 -   GABRIEL: 50 sessions cached (need 260 for full return history) — gap-fill triggered, fetching back to 2025-01-15
15:15:41 | WARNING  | __main__:305 -   URBANCO: 50 sessions cached (need 260 for full return history) — gap-fill triggered, fetching back to 2025-01-15
15:15:41 | WARNING  | __main__:305 -   SHYAMMETL: 50 sessions cached (need 260 for full return history) — gap-fill triggered, fetching back to 2025-01-15
15:15:41 | WARNING  | __main__:305 -   HOMEFIRST: 50 sessions cached (need 260 for full return history) — gap-fill triggered, fetching back to 2025-01-15
15:15:41 | WARNING  | __main__:305 -   UNOMINDA: 50 sessions cached (need 260 for full return history) — gap-fill triggered, fetching back to 2025-01-15
15:15:41 | WARNING  | __main__:305 -   CANHLIFE: 50 sessions cached (need 260 for full return history) — gap-fill triggered, fetching back to 2025-01-15
15:15:41 | WARNING  | __main__:305 -   ANANDRATHI: 50 sessions cached (need 260 for full return history) — gap-fill triggered, fetching back to 2025-01-15
15:15:41 | WARNING  | __main__:305 -   MAHABANK: 50 sessions cached (need 260 for full return history) — gap-fill triggered, fetching back to 2025-01-15
15:15:41 | WARNING  | __main__:305 -   DEEPAKNTR: 50 sessions cached (need 260 for full return history) — gap-fill triggered, fetching back to 2025-01-15
15:15:41 | WARNING  | __main__:305 -   LAURUSLABS: 50 sessions cached (need 260 for full return history) — gap-fill triggered, fetching back to 2025-01-15
15:15:41 | WARNING  | __main__:305 -   FLUOROCHEM: 50 sessions cached (need 260 for full return history) — gap-fill triggered, fetching back to 2025-01-15
15:15:41 | WARNING  | __main__:305 -   BRIGADE: 50 sessions cached (need 260 for full return history) — gap-fill triggered, fetching back to 2025-01-15
15:15:41 | WARNING  | __main__:305 -   GRANULES: 50 sessions cached (need 260 for full return history) — gap-fill triggered, fetching back to 2025-01-15
15:15:41 | WARNING  | __main__:305 -   GRAPHITE: 50 sessions cached (need 260 for full return history) — gap-fill triggered, fetching back to 2025-01-15
15:15:41 | WARNING  | __main__:305 -   TRITURBINE: 50 sessions cached (need 260 for full return history) — gap-fill triggered, fetching back to 2025-01-15
15:15:41 | WARNING  | __main__:305 -   GODIGIT: 50 sessions cached (need 260 for full return history) — gap-fill triggered, fetching back to 2025-01-15
15:15:41 | WARNING  | __main__:305 -   ACMESOLAR: 50 sessions cached (need 260 for full return history) — gap-fill triggered, fetching back to 2025-01-15
15:15:41 | WARNING  | __main__:305 -   SUNPHARMA: 50 sessions cached (need 260 for full return history) — gap-fill triggered, fetching back to 2025-01-15
15:15:41 | WARNING  | __main__:305 -   PERSISTENT: 50 sessions cached (need 260 for full return history) — gap-fill triggered, fetching back to 2025-01-15
15:15:41 | WARNING  | __main__:305 -   JMFINANCIL: 50 sessions cached (need 260 for full return history) — gap-fill triggered, fetching back to 2025-01-15
15:15:41 | WARNING  | __main__:305 -   ONESOURCE: 50 sessions cached (need 260 for full return history) — gap-fill triggered, fetching back to 2025-01-15
15:15:41 | WARNING  | __main__:305 -   PREMIERENE: 50 sessions cached (need 260 for full return history) — gap-fill triggered, fetching back to 2025-01-15
15:15:41 | WARNING  | __main__:305 -   NTPCGREEN: 50 sessions cached (need 260 for full return history) — gap-fill triggered, fetching back to 2025-01-15
15:15:41 | WARNING  | __main__:305 -   APLAPOLLO: 50 sessions cached (need 260 for full return history) — gap-fill triggered, fetching back to 2025-01-15
15:15:41 | WARNING  | __main__:305 -   DIVISLAB: 50 sessions cached (need 260 for full return history) — gap-fill triggered, fetching back to 2025-01-15
15:15:41 | WARNING  | __main__:305 -   TRAVELFOOD: 50 sessions cached (need 260 for full return history) — gap-fill triggered, fetching back to 2025-01-15
15:15:41 | WARNING  | __main__:305 -   SOLARINDS: 50 sessions cached (need 260 for full return history) — gap-fill triggered, fetching back to 2025-01-15
15:15:41 | WARNING  | __main__:305 -   PETRONET: 50 sessions cached (need 260 for full return history) — gap-fill triggered, fetching back to 2025-01-15
15:15:41 | WARNING  | __main__:305 -   SUPREMEIND: 50 sessions cached (need 260 for full return history) — gap-fill triggered, fetching back to 2025-01-15
15:15:41 | WARNING  | __main__:305 -   NIVABUPA: 50 sessions cached (need 260 for full return history) — gap-fill triggered, fetching back to 2025-01-15
15:15:41 | WARNING  | __main__:305 -   HEALTHCARE: 49 sessions cached (need 260 for full return history) — gap-fill triggered, fetching back to 2025-01-15
15:15:41 | WARNING  | __main__:305 -   HDFCAMC: 50 sessions cached (need 260 for full return history) — gap-fill triggered, fetching back to 2025-01-15
15:15:41 | WARNING  | __main__:305 -   360ONE: 50 sessions cached (need 260 for full return history) — gap-fill triggered, fetching back to 2025-01-15
15:15:41 | WARNING  | __main__:305 -   APARINDS: 50 sessions cached (need 260 for full return history) — gap-fill triggered, fetching back to 2025-01-15
15:15:41 | WARNING  | __main__:305 -   EMAMILTD: 50 sessions cached (need 260 for full return history) — gap-fill triggered, fetching back to 2025-01-15
15:15:41 | WARNING  | __main__:305 -   MANKIND: 51 sessions cached (need 260 for full return history) — gap-fill triggered, fetching back to 2025-01-15
15:15:41 | WARNING  | __main__:305 -   BERGEPAINT: 50 sessions cached (need 260 for full return history) — gap-fill triggered, fetching back to 2025-01-15
15:15:41 | WARNING  | __main__:305 -   COFORGE: 50 sessions cached (need 260 for full return history) — gap-fill triggered, fetching back to 2025-01-15
15:15:41 | WARNING  | __main__:305 -   RAINBOW: 50 sessions cached (need 260 for full return history) — gap-fill triggered, fetching back to 2025-01-15
15:15:41 | WARNING  | __main__:305 -   RBLBANK: 50 sessions cached (need 260 for full return history) — gap-fill triggered, fetching back to 2025-01-15
15:15:41 | WARNING  | __main__:305 -   KFINTECH: 50 sessions cached (need 260 for full return history) — gap-fill triggered, fetching back to 2025-01-15
15:15:41 | WARNING  | __main__:305 -   ADANIENSOL: 50 sessions cached (need 260 for full return history) — gap-fill triggered, fetching back to 2025-01-15
15:15:41 | WARNING  | __main__:305 -   ADANIGREEN: 50 sessions cached (need 260 for full return history) — gap-fill triggered, fetching back to 2025-01-15
15:15:41 | WARNING  | __main__:305 -   ADANIPORTS: 50 sessions cached (need 260 for full return history) — gap-fill triggered, fetching back to 2025-01-15
15:15:41 | WARNING  | __main__:305 -   ADANIPOWER: 50 sessions cached (need 260 for full return history) — gap-fill triggered, fetching back to 2025-01-15
15:15:41 | WARNING  | __main__:305 -   TVSMOTOR: 50 sessions cached (need 260 for full return history) — gap-fill triggered, fetching back to 2025-01-15
15:15:41 | WARNING  | __main__:305 -   ICICIPRULI: 50 sessions cached (need 260 for full return history) — gap-fill triggered, fetching back to 2025-01-15
15:15:41 | WARNING  | __main__:305 -   THELEELA: 50 sessions cached (need 260 for full return history) — gap-fill triggered, fetching back to 2025-01-15
15:15:41 | WARNING  | __main__:305 -   AFCONS: 50 sessions cached (need 260 for full return history) — gap-fill triggered, fetching back to 2025-01-15
15:15:41 | WARNING  | __main__:305 -   AIAENG: 50 sessions cached (need 260 for full return history) — gap-fill triggered, fetching back to 2025-01-15
15:15:41 | WARNING  | __main__:305 -   ASTRAL: 50 sessions cached (need 260 for full return history) — gap-fill triggered, fetching back to 2025-01-15
15:15:41 | WARNING  | __main__:305 -   AUBANK: 50 sessions cached (need 260 for full return history) — gap-fill triggered, fetching back to 2025-01-15
15:15:41 | WARNING  | __main__:305 -   SAMMAANCAP: 50 sessions cached (need 260 for full return history) — gap-fill triggered, fetching back to 2025-01-15
15:15:41 | WARNING  | __main__:305 -   WELCORP: 50 sessions cached (need 260 for full return history) — gap-fill triggered, fetching back to 2025-01-15
15:15:41 | WARNING  | __main__:305 -   PARADEEP: 50 sessions cached (need 260 for full return history) — gap-fill triggered, fetching back to 2025-01-15
15:15:41 | WARNING  | __main__:305 -   AEGISVOPAK: 50 sessions cached (need 260 for full return history) — gap-fill triggered, fetching back to 2025-01-15
15:15:41 | WARNING  | __main__:305 -   BIKAJI: 50 sessions cached (need 260 for full return history) — gap-fill triggered, fetching back to 2025-01-15
15:15:41 | WARNING  | __main__:305 -   BIOCON: 50 sessions cached (need 260 for full return history) — gap-fill triggered, fetching back to 2025-01-15
15:15:41 | WARNING  | __main__:305 -   RKFORGE: 50 sessions cached (need 260 for full return history) — gap-fill triggered, fetching back to 2025-01-15
15:15:41 | WARNING  | __main__:305 -   MPHASIS: 50 sessions cached (need 260 for full return history) — gap-fill triggered, fetching back to 2025-01-15
15:15:41 | WARNING  | __main__:305 -   CEMPRO: 50 sessions cached (need 260 for full return history) — gap-fill triggered, fetching back to 2025-01-15
15:15:41 | WARNING  | __main__:305 -   BAYERCROP: 50 sessions cached (need 260 for full return history) — gap-fill triggered, fetching back to 2025-01-15
15:15:41 | WARNING  | __main__:305 -   LEMONTREE: 50 sessions cached (need 260 for full return history) — gap-fill triggered, fetching back to 2025-01-15
15:15:41 | WARNING  | __main__:305 -   EMCURE: 50 sessions cached (need 260 for full return history) — gap-fill triggered, fetching back to 2025-01-15
15:15:41 | WARNING  | __main__:305 -   EMMVEE: 50 sessions cached (need 260 for full return history) — gap-fill triggered, fetching back to 2025-01-15
15:15:41 | WARNING  | __main__:305 -   FORTIS: 50 sessions cached (need 260 for full return history) — gap-fill triggered, fetching back to 2025-01-15
15:15:41 | WARNING  | __main__:305 -   ABB: 50 sessions cached (need 260 for full return history) — gap-fill triggered, fetching back to 2025-01-15
15:15:41 | WARNING  | __main__:305 -   ARE&M: 50 sessions cached (need 260 for full return history) — gap-fill triggered, fetching back to 2025-01-15
15:15:41 | WARNING  | __main__:305 -   ATUL: 50 sessions cached (need 260 for full return history) — gap-fill triggered, fetching back to 2025-01-15
15:15:41 | WARNING  | __main__:305 -   FORCEMOT: 50 sessions cached (need 260 for full return history) — gap-fill triggered, fetching back to 2025-01-15
15:15:41 | WARNING  | __main__:305 -   BAJFINANCE: 50 sessions cached (need 260 for full return history) — gap-fill triggered, fetching back to 2025-01-15
15:15:41 | WARNING  | __main__:305 -   BALRAMCHIN: 50 sessions cached (need 260 for full return history) — gap-fill triggered, fetching back to 2025-01-15
15:15:41 | WARNING  | __main__:305 -   ABREL: 50 sessions cached (need 260 for full return history) — gap-fill triggered, fetching back to 2025-01-15
15:15:41 | WARNING  | __main__:305 -   BATAINDIA: 50 sessions cached (need 260 for full return history) — gap-fill triggered, fetching back to 2025-01-15
15:15:41 | WARNING  | __main__:305 -   BEML: 50 sessions cached (need 260 for full return history) — gap-fill triggered, fetching back to 2025-01-15
15:15:41 | WARNING  | __main__:305 -   BEL: 50 sessions cached (need 260 for full return history) — gap-fill triggered, fetching back to 2025-01-15
15:15:41 | WARNING  | __main__:305 -   BLUESTARCO: 50 sessions cached (need 260 for full return history) — gap-fill triggered, fetching back to 2025-01-15
15:15:41 | WARNING  | __main__:305 -   CHAMBLFERT: 50 sessions cached (need 260 for full return history) — gap-fill triggered, fetching back to 2025-01-15
15:15:41 | WARNING  | __main__:305 -   EXIDEIND: 50 sessions cached (need 260 for full return history) — gap-fill triggered, fetching back to 2025-01-15
15:15:41 | WARNING  | __main__:305 -   CIPLA: 50 sessions cached (need 260 for full return history) — gap-fill triggered, fetching back to 2025-01-15
15:15:41 | WARNING  | __main__:305 -   CRISIL: 50 sessions cached (need 260 for full return history) — gap-fill triggered, fetching back to 2025-01-15
15:15:41 | WARNING  | __main__:305 -   CGPOWER: 50 sessions cached (need 260 for full return history) — gap-fill triggered, fetching back to 2025-01-15
15:15:41 | WARNING  | __main__:305 -   DABUR: 50 sessions cached (need 260 for full return history) — gap-fill triggered, fetching back to 2025-01-15
15:15:41 | WARNING  | __main__:305 -   BHEL: 50 sessions cached (need 260 for full return history) — gap-fill triggered, fetching back to 2025-01-15
15:15:41 | WARNING  | __main__:305 -   HINDPETRO: 50 sessions cached (need 260 for full return history) — gap-fill triggered, fetching back to 2025-01-15
15:15:41 | WARNING  | __main__:305 -   IFCI: 50 sessions cached (need 260 for full return history) — gap-fill triggered, fetching back to 2025-01-15
15:15:41 | WARNING  | __main__:305 -   MRPL: 50 sessions cached (need 260 for full return history) — gap-fill triggered, fetching back to 2025-01-15
15:15:41 | WARNING  | __main__:305 -   CHENNPETRO: 50 sessions cached (need 260 for full return history) — gap-fill triggered, fetching back to 2025-01-15
15:15:41 | WARNING  | __main__:305 -   SBIN: 50 sessions cached (need 260 for full return history) — gap-fill triggered, fetching back to 2025-01-15
15:15:41 | WARNING  | __main__:305 -   SAIL: 50 sessions cached (need 260 for full return history) — gap-fill triggered, fetching back to 2025-01-15
15:15:41 | WARNING  | __main__:305 -   TITAN: 50 sessions cached (need 260 for full return history) — gap-fill triggered, fetching back to 2025-01-15
15:15:41 | WARNING  | __main__:305 -   IDBI: 50 sessions cached (need 260 for full return history) — gap-fill triggered, fetching back to 2025-01-15
15:15:41 | WARNING  | __main__:305 -   DRREDDY: 50 sessions cached (need 260 for full return history) — gap-fill triggered, fetching back to 2025-01-15
15:15:41 | WARNING  | __main__:305 -   EIDPARRY: 50 sessions cached (need 260 for full return history) — gap-fill triggered, fetching back to 2025-01-15
15:15:41 | WARNING  | __main__:305 -   FINCABLES: 50 sessions cached (need 260 for full return history) — gap-fill triggered, fetching back to 2025-01-15
15:15:41 | WARNING  | __main__:305 -   GODFRYPHLP: 50 sessions cached (need 260 for full return history) — gap-fill triggered, fetching back to 2025-01-15
15:15:41 | WARNING  | __main__:305 -   GODREJIND: 50 sessions cached (need 260 for full return history) — gap-fill triggered, fetching back to 2025-01-15
15:15:41 | WARNING  | __main__:305 -   HDFCBANK: 50 sessions cached (need 260 for full return history) — gap-fill triggered, fetching back to 2025-01-15
15:15:41 | WARNING  | __main__:305 -   HEROMOTOCO: 50 sessions cached (need 260 for full return history) — gap-fill triggered, fetching back to 2025-01-15
15:15:41 | WARNING  | __main__:305 -   HSCL: 50 sessions cached (need 260 for full return history) — gap-fill triggered, fetching back to 2025-01-15
15:15:41 | WARNING  | __main__:305 -   HINDZINC: 50 sessions cached (need 260 for full return history) — gap-fill triggered, fetching back to 2025-01-15
15:15:41 | WARNING  | __main__:305 -   INFY: 50 sessions cached (need 260 for full return history) — gap-fill triggered, fetching back to 2025-01-15
15:15:41 | WARNING  | __main__:305 -   JSWSTEEL: 50 sessions cached (need 260 for full return history) — gap-fill triggered, fetching back to 2025-01-15
15:15:41 | WARNING  | __main__:305 -   KAJARIACER: 50 sessions cached (need 260 for full return history) — gap-fill triggered, fetching back to 2025-01-15
15:15:41 | WARNING  | __main__:305 -   WHIRLPOOL: 50 sessions cached (need 260 for full return history) — gap-fill triggered, fetching back to 2025-01-15
15:15:41 | WARNING  | __main__:305 -   KOTAKBANK: 50 sessions cached (need 260 for full return history) — gap-fill triggered, fetching back to 2025-01-15
15:15:41 | WARNING  | __main__:305 -   TRENT: 50 sessions cached (need 260 for full return history) — gap-fill triggered, fetching back to 2025-01-15
15:15:41 | WARNING  | __main__:305 -   LICHSGFIN: 50 sessions cached (need 260 for full return history) — gap-fill triggered, fetching back to 2025-01-15
15:15:41 | WARNING  | __main__:305 -   LUPIN: 50 sessions cached (need 260 for full return history) — gap-fill triggered, fetching back to 2025-01-15
15:15:41 | WARNING  | __main__:305 -   RAMCOCEM: 50 sessions cached (need 260 for full return history) — gap-fill triggered, fetching back to 2025-01-15
15:15:41 | WARNING  | __main__:305 -   MFSL: 50 sessions cached (need 260 for full return history) — gap-fill triggered, fetching back to 2025-01-15
15:15:41 | WARNING  | __main__:305 -   MRF: 50 sessions cached (need 260 for full return history) — gap-fill triggered, fetching back to 2025-01-15
15:15:41 | WARNING  | __main__:305 -   NCC: 50 sessions cached (need 260 for full return history) — gap-fill triggered, fetching back to 2025-01-15
15:15:41 | WARNING  | __main__:305 -   VEDL: 50 sessions cached (need 260 for full return history) — gap-fill triggered, fetching back to 2025-01-15
15:15:41 | WARNING  | __main__:305 -   GRASIM: 50 sessions cached (need 260 for full return history) — gap-fill triggered, fetching back to 2025-01-15
15:15:41 | WARNING  | __main__:305 -   ONGC: 50 sessions cached (need 260 for full return history) — gap-fill triggered, fetching back to 2025-01-15
15:15:41 | WARNING  | __main__:305 -   RELIANCE: 50 sessions cached (need 260 for full return history) — gap-fill triggered, fetching back to 2025-01-15
15:15:41 | WARNING  | __main__:305 -   PIDILITIND: 50 sessions cached (need 260 for full return history) — gap-fill triggered, fetching back to 2025-01-15
15:15:41 | WARNING  | __main__:305 -   PATANJALI: 50 sessions cached (need 260 for full return history) — gap-fill triggered, fetching back to 2025-01-15
15:15:41 | WARNING  | __main__:305 -   JINDALSAW: 50 sessions cached (need 260 for full return history) — gap-fill triggered, fetching back to 2025-01-15
15:15:41 | WARNING  | __main__:305 -   TATAPOWER: 50 sessions cached (need 260 for full return history) — gap-fill triggered, fetching back to 2025-01-15
15:15:41 | WARNING  | __main__:305 -   SPLPETRO: 50 sessions cached (need 260 for full return history) — gap-fill triggered, fetching back to 2025-01-15
15:15:41 | WARNING  | __main__:305 -   TATAELXSI: 50 sessions cached (need 260 for full return history) — gap-fill triggered, fetching back to 2025-01-15
15:15:41 | WARNING  | __main__:305 -   ACC: 50 sessions cached (need 260 for full return history) — gap-fill triggered, fetching back to 2025-01-15
15:15:41 | WARNING  | __main__:305 -   THERMAX: 50 sessions cached (need 260 for full return history) — gap-fill triggered, fetching back to 2025-01-15
15:15:41 | WARNING  | __main__:305 -   TORNTPHARM: 50 sessions cached (need 260 for full return history) — gap-fill triggered, fetching back to 2025-01-15
15:15:41 | WARNING  | __main__:305 -   AMBUJACEM: 50 sessions cached (need 260 for full return history) — gap-fill triggered, fetching back to 2025-01-15
15:15:41 | WARNING  | __main__:305 -   HINDALCO: 50 sessions cached (need 260 for full return history) — gap-fill triggered, fetching back to 2025-01-15
15:15:41 | WARNING  | __main__:305 -   FEDERALBNK: 50 sessions cached (need 260 for full return history) — gap-fill triggered, fetching back to 2025-01-15
15:15:41 | WARNING  | __main__:305 -   TATASTEEL: 50 sessions cached (need 260 for full return history) — gap-fill triggered, fetching back to 2025-01-15
15:15:41 | WARNING  | __main__:305 -   ASHOKLEY: 50 sessions cached (need 260 for full return history) — gap-fill triggered, fetching back to 2025-01-15
15:15:41 | WARNING  | __main__:305 -   CUMMINSIND: 50 sessions cached (need 260 for full return history) — gap-fill triggered, fetching back to 2025-01-15
15:15:41 | WARNING  | __main__:305 -   TATACOMM: 50 sessions cached (need 260 for full return history) — gap-fill triggered, fetching back to 2025-01-15
15:15:41 | WARNING  | __main__:305 -   ABBOTINDIA: 50 sessions cached (need 260 for full return history) — gap-fill triggered, fetching back to 2025-01-15
15:15:41 | WARNING  | __main__:305 -   BAJAJHLDNG: 50 sessions cached (need 260 for full return history) — gap-fill triggered, fetching back to 2025-01-15
15:15:41 | WARNING  | __main__:305 -   BHARATFORG: 50 sessions cached (need 260 for full return history) — gap-fill triggered, fetching back to 2025-01-15
15:15:41 | WARNING  | __main__:305 -   ESCORTS: 50 sessions cached (need 260 for full return history) — gap-fill triggered, fetching back to 2025-01-15
15:15:41 | WARNING  | __main__:305 -   LT: 50 sessions cached (need 260 for full return history) — gap-fill triggered, fetching back to 2025-01-15
15:15:41 | WARNING  | __main__:305 -   M&M: 50 sessions cached (need 260 for full return history) — gap-fill triggered, fetching back to 2025-01-15
15:15:41 | WARNING  | __main__:305 -   BOSCHLTD: 50 sessions cached (need 260 for full return history) — gap-fill triggered, fetching back to 2025-01-15
15:15:41 | WARNING  | __main__:305 -   BPCL: 50 sessions cached (need 260 for full return history) — gap-fill triggered, fetching back to 2025-01-15
15:15:41 | WARNING  | __main__:305 -   SIEMENS: 50 sessions cached (need 260 for full return history) — gap-fill triggered, fetching back to 2025-01-15
15:15:41 | WARNING  | __main__:305 -   TMPV: 50 sessions cached (need 260 for full return history) — gap-fill triggered, fetching back to 2025-01-15
15:15:41 | WARNING  | __main__:305 -   VOLTAS: 50 sessions cached (need 260 for full return history) — gap-fill triggered, fetching back to 2025-01-15
15:15:41 | WARNING  | __main__:305 -   GESHIP: 50 sessions cached (need 260 for full return history) — gap-fill triggered, fetching back to 2025-01-15
15:15:41 | WARNING  | __main__:305 -   DEEPAKFERT: 50 sessions cached (need 260 for full return history) — gap-fill triggered, fetching back to 2025-01-15
15:15:41 | WARNING  | __main__:305 -   GLAXO: 50 sessions cached (need 260 for full return history) — gap-fill triggered, fetching back to 2025-01-15
15:15:41 | WARNING  | __main__:305 -   PFIZER: 50 sessions cached (need 260 for full return history) — gap-fill triggered, fetching back to 2025-01-15
15:15:41 | WARNING  | __main__:305 -   HINDUNILVR: 50 sessions cached (need 260 for full return history) — gap-fill triggered, fetching back to 2025-01-15
15:15:41 | WARNING  | __main__:305 -   TATACHEM: 50 sessions cached (need 260 for full return history) — gap-fill triggered, fetching back to 2025-01-15
15:15:41 | WARNING  | __main__:305 -   NESTLEIND: 50 sessions cached (need 260 for full return history) — gap-fill triggered, fetching back to 2025-01-15
15:15:41 | WARNING  | __main__:305 -   TATACONSUM: 50 sessions cached (need 260 for full return history) — gap-fill triggered, fetching back to 2025-01-15
15:15:41 | WARNING  | __main__:305 -   ASIANPAINT: 50 sessions cached (need 260 for full return history) — gap-fill triggered, fetching back to 2025-01-15
15:15:41 | WARNING  | __main__:305 -   BRITANNIA: 50 sessions cached (need 260 for full return history) — gap-fill triggered, fetching back to 2025-01-15
15:15:41 | WARNING  | __main__:305 -   COLPAL: 50 sessions cached (need 260 for full return history) — gap-fill triggered, fetching back to 2025-01-15
15:15:41 | WARNING  | __main__:305 -   EIHOTEL: 50 sessions cached (need 260 for full return history) — gap-fill triggered, fetching back to 2025-01-15
15:15:41 | WARNING  | __main__:305 -   INDHOTEL: 50 sessions cached (need 260 for full return history) — gap-fill triggered, fetching back to 2025-01-15
15:15:41 | WARNING  | __main__:305 -   CASTROLIND: 50 sessions cached (need 260 for full return history) — gap-fill triggered, fetching back to 2025-01-15
15:15:41 | WARNING  | __main__:305 -   ITC: 50 sessions cached (need 260 for full return history) — gap-fill triggered, fetching back to 2025-01-15
15:15:41 | WARNING  | __main__:305 -   APOLLOTYRE: 50 sessions cached (need 260 for full return history) — gap-fill triggered, fetching back to 2025-01-15
15:15:41 | WARNING  | __main__:305 -   CEATLTD: 50 sessions cached (need 260 for full return history) — gap-fill triggered, fetching back to 2025-01-15
15:15:41 | WARNING  | __main__:305 -   TATAINVEST: 50 sessions cached (need 260 for full return history) — gap-fill triggered, fetching back to 2025-01-15
15:15:41 | WARNING  | __main__:305 -   CHOLAHLDNG: 50 sessions cached (need 260 for full return history) — gap-fill triggered, fetching back to 2025-01-15
15:15:41 | WARNING  | __main__:305 -   EICHERMOT: 50 sessions cached (need 260 for full return history) — gap-fill triggered, fetching back to 2025-01-15
15:15:41 | WARNING  | __main__:305 -   ELECON: 50 sessions cached (need 260 for full return history) — gap-fill triggered, fetching back to 2025-01-15
15:15:41 | WARNING  | __main__:305 -   SCHAEFFLER: 50 sessions cached (need 260 for full return history) — gap-fill triggered, fetching back to 2025-01-15
15:15:41 | WARNING  | __main__:305 -   COROMANDEL: 50 sessions cached (need 260 for full return history) — gap-fill triggered, fetching back to 2025-01-15
15:15:41 | WARNING  | __main__:305 -   JBCHEPHARM: 50 sessions cached (need 260 for full return history) — gap-fill triggered, fetching back to 2025-01-15
15:15:41 | WARNING  | __main__:305 -   WIPRO: 50 sessions cached (need 260 for full return history) — gap-fill triggered, fetching back to 2025-01-15
15:15:41 | WARNING  | __main__:305 -   GILLETTE: 50 sessions cached (need 260 for full return history) — gap-fill triggered, fetching back to 2025-01-15
15:15:41 | WARNING  | __main__:305 -   CANFINHOME: 50 sessions cached (need 260 for full return history) — gap-fill triggered, fetching back to 2025-01-15
15:15:41 | WARNING  | __main__:305 -   CHOLAFIN: 50 sessions cached (need 260 for full return history) — gap-fill triggered, fetching back to 2025-01-15
15:15:41 | WARNING  | __main__:305 -   NAVA: 50 sessions cached (need 260 for full return history) — gap-fill triggered, fetching back to 2025-01-15
15:15:41 | WARNING  | __main__:305 -   HINDCOPPER: 50 sessions cached (need 260 for full return history) — gap-fill triggered, fetching back to 2025-01-15
15:15:41 | WARNING  | __main__:305 -   WELSPUNLIV: 50 sessions cached (need 260 for full return history) — gap-fill triggered, fetching back to 2025-01-15
15:15:41 | WARNING  | __main__:305 -   ANANTRAJ: 50 sessions cached (need 260 for full return history) — gap-fill triggered, fetching back to 2025-01-15
15:15:41 | WARNING  | __main__:305 -   USHAMART: 50 sessions cached (need 260 for full return history) — gap-fill triggered, fetching back to 2025-01-15
15:15:41 | WARNING  | __main__:305 -   HONAUT: 50 sessions cached (need 260 for full return history) — gap-fill triggered, fetching back to 2025-01-15
15:15:41 | WARNING  | __main__:305 -   HBLENGINE: 50 sessions cached (need 260 for full return history) — gap-fill triggered, fetching back to 2025-01-15
15:15:41 | WARNING  | __main__:305 -   MOTHERSON: 50 sessions cached (need 260 for full return history) — gap-fill triggered, fetching back to 2025-01-15
15:15:41 | WARNING  | __main__:305 -   HAVELLS: 50 sessions cached (need 260 for full return history) — gap-fill triggered, fetching back to 2025-01-15
15:15:41 | WARNING  | __main__:305 -   CCL: 50 sessions cached (need 260 for full return history) — gap-fill triggered, fetching back to 2025-01-15
15:15:41 | WARNING  | __main__:305 -   TRIDENT: 50 sessions cached (need 260 for full return history) — gap-fill triggered, fetching back to 2025-01-15
15:15:41 | WARNING  | __main__:305 -   KPIL: 50 sessions cached (need 260 for full return history) — gap-fill triggered, fetching back to 2025-01-15
15:15:41 | WARNING  | __main__:305 -   PIIND: 50 sessions cached (need 260 for full return history) — gap-fill triggered, fetching back to 2025-01-15
15:15:41 | WARNING  | __main__:305 -   POONAWALLA: 50 sessions cached (need 260 for full return history) — gap-fill triggered, fetching back to 2025-01-15
15:15:41 | WARNING  | __main__:305 -   AARTIIND: 50 sessions cached (need 260 for full return history) — gap-fill triggered, fetching back to 2025-01-15
15:15:41 | WARNING  | __main__:305 -   IPCALAB: 50 sessions cached (need 260 for full return history) — gap-fill triggered, fetching back to 2025-01-15
15:15:41 | WARNING  | __main__:305 -   CAPLIPOINT: 50 sessions cached (need 260 for full return history) — gap-fill triggered, fetching back to 2025-01-15
15:15:41 | WARNING  | __main__:305 -   AUROPHARMA: 50 sessions cached (need 260 for full return history) — gap-fill triggered, fetching back to 2025-01-15
15:15:41 | WARNING  | __main__:305 -   NATCOPHARM: 50 sessions cached (need 260 for full return history) — gap-fill triggered, fetching back to 2025-01-15
15:15:41 | WARNING  | __main__:305 -   BLUEDART: 50 sessions cached (need 260 for full return history) — gap-fill triggered, fetching back to 2025-01-15
15:15:41 | WARNING  | __main__:305 -   INDIACEM: 50 sessions cached (need 260 for full return history) — gap-fill triggered, fetching back to 2025-01-15
15:15:41 | WARNING  | __main__:305 -   JKTYRE: 50 sessions cached (need 260 for full return history) — gap-fill triggered, fetching back to 2025-01-15
15:15:41 | WARNING  | __main__:305 -   MANAPPURAM: 50 sessions cached (need 260 for full return history) — gap-fill triggered, fetching back to 2025-01-15
15:15:41 | WARNING  | __main__:305 -   CONCOR: 50 sessions cached (need 260 for full return history) — gap-fill triggered, fetching back to 2025-01-15
15:15:41 | WARNING  | __main__:305 -   MARICO: 50 sessions cached (need 260 for full return history) — gap-fill triggered, fetching back to 2025-01-15
15:15:41 | WARNING  | __main__:305 -   POLYMED: 50 sessions cached (need 260 for full return history) — gap-fill triggered, fetching back to 2025-01-15
15:15:41 | WARNING  | __main__:305 -   BANKBARODA: 50 sessions cached (need 260 for full return history) — gap-fill triggered, fetching back to 2025-01-15
15:15:41 | WARNING  | __main__:305 -   BANKINDIA: 50 sessions cached (need 260 for full return history) — gap-fill triggered, fetching back to 2025-01-15
15:15:41 | WARNING  | __main__:305 -   CYIENT: 50 sessions cached (need 260 for full return history) — gap-fill triggered, fetching back to 2025-01-15
15:15:41 | WARNING  | __main__:305 -   ENGINERSIN: 50 sessions cached (need 260 for full return history) — gap-fill triggered, fetching back to 2025-01-15
15:15:41 | WARNING  | __main__:305 -   GMDCLTD: 50 sessions cached (need 260 for full return history) — gap-fill triggered, fetching back to 2025-01-15
15:15:41 | WARNING  | __main__:305 -   INDUSINDBK: 50 sessions cached (need 260 for full return history) — gap-fill triggered, fetching back to 2025-01-15
15:15:41 | WARNING  | __main__:305 -   J&KBANK: 50 sessions cached (need 260 for full return history) — gap-fill triggered, fetching back to 2025-01-15
15:15:41 | WARNING  | __main__:305 -   CUB: 50 sessions cached (need 260 for full return history) — gap-fill triggered, fetching back to 2025-01-15
15:15:41 | WARNING  | __main__:305 -   AXISBANK: 50 sessions cached (need 260 for full return history) — gap-fill triggered, fetching back to 2025-01-15
15:15:41 | WARNING  | __main__:305 -   SONATSOFTW: 50 sessions cached (need 260 for full return history) — gap-fill triggered, fetching back to 2025-01-15
15:15:41 | WARNING  | __main__:305 -   HCLTECH: 50 sessions cached (need 260 for full return history) — gap-fill triggered, fetching back to 2025-01-15
15:15:41 | WARNING  | __main__:305 -   IOB: 50 sessions cached (need 260 for full return history) — gap-fill triggered, fetching back to 2025-01-15
15:15:41 | WARNING  | __main__:305 -   BHARTIARTL: 50 sessions cached (need 260 for full return history) — gap-fill triggered, fetching back to 2025-01-15
15:15:41 | WARNING  | __main__:305 -   UNIONBANK: 50 sessions cached (need 260 for full return history) — gap-fill triggered, fetching back to 2025-01-15
15:15:41 | WARNING  | __main__:305 -   UCOBANK: 50 sessions cached (need 260 for full return history) — gap-fill triggered, fetching back to 2025-01-15
15:15:41 | WARNING  | __main__:305 -   ULTRACEMCO: 50 sessions cached (need 260 for full return history) — gap-fill triggered, fetching back to 2025-01-15
15:15:41 | WARNING  | __main__:305 -   KEC: 50 sessions cached (need 260 for full return history) — gap-fill triggered, fetching back to 2025-01-15
15:15:41 | WARNING  | __main__:305 -   GMRAIRPORT: 50 sessions cached (need 260 for full return history) — gap-fill triggered, fetching back to 2025-01-15
15:15:41 | WARNING  | __main__:305 -   TECHM: 50 sessions cached (need 260 for full return history) — gap-fill triggered, fetching back to 2025-01-15
15:15:41 | WARNING  | __main__:305 -   LTFOODS: 50 sessions cached (need 260 for full return history) — gap-fill triggered, fetching back to 2025-01-15
15:15:41 | WARNING  | __main__:305 -   PFC: 50 sessions cached (need 260 for full return history) — gap-fill triggered, fetching back to 2025-01-15
15:15:41 | WARNING  | __main__:305 -   IDEA: 50 sessions cached (need 260 for full return history) — gap-fill triggered, fetching back to 2025-01-15
15:15:41 | WARNING  | __main__:305 -   PAGEIND: 50 sessions cached (need 260 for full return history) — gap-fill triggered, fetching back to 2025-01-15
15:15:41 | WARNING  | __main__:305 -   DLF: 50 sessions cached (need 260 for full return history) — gap-fill triggered, fetching back to 2025-01-15
15:15:41 | WARNING  | __main__:305 -   CENTRALBK: 50 sessions cached (need 260 for full return history) — gap-fill triggered, fetching back to 2025-01-15
15:15:41 | WARNING  | __main__:305 -   TARIL: 50 sessions cached (need 260 for full return history) — gap-fill triggered, fetching back to 2025-01-15
15:15:41 | WARNING  | __main__:305 -   RPOWER: 50 sessions cached (need 260 for full return history) — gap-fill triggered, fetching back to 2025-01-15
15:15:41 | WARNING  | __main__:305 -   IRB: 50 sessions cached (need 260 for full return history) — gap-fill triggered, fetching back to 2025-01-15
15:15:41 | WARNING  | __main__:305 -   RECLTD: 50 sessions cached (need 260 for full return history) — gap-fill triggered, fetching back to 2025-01-15
15:15:41 | WARNING  | __main__:305 -   BAJAJ-AUTO: 50 sessions cached (need 260 for full return history) — gap-fill triggered, fetching back to 2025-01-15
15:15:41 | WARNING  | __main__:305 -   BAJAJFINSV: 50 sessions cached (need 260 for full return history) — gap-fill triggered, fetching back to 2025-01-15
15:15:41 | WARNING  | __main__:305 -   ZFCVINDIA: 50 sessions cached (need 260 for full return history) — gap-fill triggered, fetching back to 2025-01-15
15:15:41 | WARNING  | __main__:305 -   OIL: 50 sessions cached (need 260 for full return history) — gap-fill triggered, fetching back to 2025-01-15
15:15:41 | WARNING  | __main__:305 -   JSWENERGY: 50 sessions cached (need 260 for full return history) — gap-fill triggered, fetching back to 2025-01-15
15:15:41 | WARNING  | __main__:305 -   JWL: 50 sessions cached (need 260 for full return history) — gap-fill triggered, fetching back to 2025-01-15
15:15:41 | WARNING  | __main__:305 -   PRESTIGE: 50 sessions cached (need 260 for full return history) — gap-fill triggered, fetching back to 2025-01-15
15:15:41 | WARNING  | __main__:305 -   DALBHARAT: 50 sessions cached (need 260 for full return history) — gap-fill triggered, fetching back to 2025-01-15
15:15:41 | WARNING  | __main__:305 -   MUTHOOTFIN: 50 sessions cached (need 260 for full return history) — gap-fill triggered, fetching back to 2025-01-15
15:15:41 | WARNING  | __main__:305 -   LTF: 50 sessions cached (need 260 for full return history) — gap-fill triggered, fetching back to 2025-01-15
15:15:41 | WARNING  | __main__:305 -   FACT: 50 sessions cached (need 260 for full return history) — gap-fill triggered, fetching back to 2025-01-15
15:15:41 | WARNING  | __main__:305 -   DMART: 50 sessions cached (need 260 for full return history) — gap-fill triggered, fetching back to 2025-01-15
15:15:41 | WARNING  | __main__:305 -   CDSL: 50 sessions cached (need 260 for full return history) — gap-fill triggered, fetching back to 2025-01-15
15:15:41 | WARNING  | __main__:305 -   ERIS: 50 sessions cached (need 260 for full return history) — gap-fill triggered, fetching back to 2025-01-15
15:15:41 | WARNING  | __main__:305 -   COCHINSHIP: 50 sessions cached (need 260 for full return history) — gap-fill triggered, fetching back to 2025-01-15
15:15:41 | WARNING  | __main__:305 -   SBILIFE: 50 sessions cached (need 260 for full return history) — gap-fill triggered, fetching back to 2025-01-15
15:15:41 | WARNING  | __main__:305 -   GICRE: 50 sessions cached (need 260 for full return history) — gap-fill triggered, fetching back to 2025-01-15
15:15:41 | WARNING  | __main__:305 -   IEX: 50 sessions cached (need 260 for full return history) — gap-fill triggered, fetching back to 2025-01-15
15:15:41 | WARNING  | __main__:305 -   HDFCLIFE: 50 sessions cached (need 260 for full return history) — gap-fill triggered, fetching back to 2025-01-15
15:15:41 | WARNING  | __main__:305 -   AMBER: 50 sessions cached (need 260 for full return history) — gap-fill triggered, fetching back to 2025-01-15
15:15:41 | WARNING  | __main__:305 -   ASTERDM: 50 sessions cached (need 260 for full return history) — gap-fill triggered, fetching back to 2025-01-15
15:15:41 | WARNING  | __main__:305 -   BDL: 50 sessions cached (need 260 for full return history) — gap-fill triggered, fetching back to 2025-01-15
15:15:41 | WARNING  | __main__:305 -   HAL: 50 sessions cached (need 260 for full return history) — gap-fill triggered, fetching back to 2025-01-15
15:15:41 | WARNING  | __main__:305 -   RITES: 50 sessions cached (need 260 for full return history) — gap-fill triggered, fetching back to 2025-01-15
15:15:41 | WARNING  | __main__:305 -   IRCON: 50 sessions cached (need 260 for full return history) — gap-fill triggered, fetching back to 2025-01-15
15:15:41 | WARNING  | __main__:305 -   AAVAS: 50 sessions cached (need 260 for full return history) — gap-fill triggered, fetching back to 2025-01-15
15:15:41 | WARNING  | __main__:305 -   ATGL: 50 sessions cached (need 260 for full return history) — gap-fill triggered, fetching back to 2025-01-15
15:15:41 | WARNING  | __main__:305 -   CHALET: 50 sessions cached (need 260 for full return history) — gap-fill triggered, fetching back to 2025-01-15
15:15:41 | WARNING  | __main__:305 -   KPITTECH: 50 sessions cached (need 260 for full return history) — gap-fill triggered, fetching back to 2025-01-15
15:15:41 | WARNING  | __main__:305 -   INDIAMART: 50 sessions cached (need 260 for full return history) — gap-fill triggered, fetching back to 2025-01-15
15:15:41 | WARNING  | __main__:305 -   AFFLE: 50 sessions cached (need 260 for full return history) — gap-fill triggered, fetching back to 2025-01-15
15:15:41 | WARNING  | __main__:305 -   IRCTC: 50 sessions cached (need 260 for full return history) — gap-fill triggered, fetching back to 2025-01-15
15:15:41 | WARNING  | __main__:305 -   SUMICHEM: 50 sessions cached (need 260 for full return history) — gap-fill triggered, fetching back to 2025-01-15
15:15:41 | WARNING  | __main__:305 -   COHANCE: 50 sessions cached (need 260 for full return history) — gap-fill triggered, fetching back to 2025-01-15
15:15:41 | WARNING  | __main__:305 -   POWERINDIA: 50 sessions cached (need 260 for full return history) — gap-fill triggered, fetching back to 2025-01-15
15:15:41 | WARNING  | __main__:305 -   MAZDOCK: 50 sessions cached (need 260 for full return history) — gap-fill triggered, fetching back to 2025-01-15
15:15:41 | WARNING  | __main__:305 -   GLAND: 50 sessions cached (need 260 for full return history) — gap-fill triggered, fetching back to 2025-01-15
15:15:41 | WARNING  | __main__:305 -   RAILTEL: 50 sessions cached (need 260 for full return history) — gap-fill triggered, fetching back to 2025-01-15
15:15:41 | WARNING  | __main__:305 -   JUBLINGREA: 50 sessions cached (need 260 for full return history) — gap-fill triggered, fetching back to 2025-01-15
15:15:41 | WARNING  | __main__:305 -   ANURAS: 50 sessions cached (need 260 for full return history) — gap-fill triggered, fetching back to 2025-01-15
15:15:41 | WARNING  | __main__:305 -   KALYANKJIL: 50 sessions cached (need 260 for full return history) — gap-fill triggered, fetching back to 2025-01-15
15:15:41 | WARNING  | __main__:305 -   LODHA: 50 sessions cached (need 260 for full return history) — gap-fill triggered, fetching back to 2025-01-15
15:15:41 | WARNING  | __main__:305 -   CLEAN: 50 sessions cached (need 260 for full return history) — gap-fill triggered, fetching back to 2025-01-15
15:15:41 | WARNING  | __main__:305 -   ACUTAAS: 50 sessions cached (need 260 for full return history) — gap-fill triggered, fetching back to 2025-01-15
15:15:41 | WARNING  | __main__:305 -   POLICYBZR: 50 sessions cached (need 260 for full return history) — gap-fill triggered, fetching back to 2025-01-15
15:15:41 | WARNING  | __main__:305 -   SAPPHIRE: 50 sessions cached (need 260 for full return history) — gap-fill triggered, fetching back to 2025-01-15
15:15:41 | WARNING  | __main__:305 -   AWL: 50 sessions cached (need 260 for full return history) — gap-fill triggered, fetching back to 2025-01-15
15:15:41 | WARNING  | __main__:305 -   MEDANTA: 50 sessions cached (need 260 for full return history) — gap-fill triggered, fetching back to 2025-01-15
15:15:41 | WARNING  | __main__:305 -   NETWEB: 50 sessions cached (need 260 for full return history) — gap-fill triggered, fetching back to 2025-01-15
15:15:41 | WARNING  | __main__:305 -   RRKABEL: 50 sessions cached (need 260 for full return history) — gap-fill triggered, fetching back to 2025-01-15
15:15:41 | WARNING  | __main__:305 -   NUVAMA: 50 sessions cached (need 260 for full return history) — gap-fill triggered, fetching back to 2025-01-15
15:15:41 | WARNING  | __main__:305 -   BLUEJET: 50 sessions cached (need 260 for full return history) — gap-fill triggered, fetching back to 2025-01-15
15:15:41 | WARNING  | __main__:305 -   HONASA: 50 sessions cached (need 260 for full return history) — gap-fill triggered, fetching back to 2025-01-15
15:15:41 | WARNING  | __main__:305 -   TATATECH: 50 sessions cached (need 260 for full return history) — gap-fill triggered, fetching back to 2025-01-15
15:15:41 | WARNING  | __main__:305 -   DOMS: 50 sessions cached (need 260 for full return history) — gap-fill triggered, fetching back to 2025-01-15
15:15:41 | WARNING  | __main__:305 -   BHARTIHEXA: 50 sessions cached (need 260 for full return history) — gap-fill triggered, fetching back to 2025-01-15
15:15:41 | WARNING  | __main__:305 -   INDGN: 50 sessions cached (need 260 for full return history) — gap-fill triggered, fetching back to 2025-01-15
15:15:41 | WARNING  | __main__:305 -   AADHARHFC: 50 sessions cached (need 260 for full return history) — gap-fill triggered, fetching back to 2025-01-15
15:15:41 | WARNING  | __main__:305 -   HYUNDAI: 50 sessions cached (need 260 for full return history) — gap-fill triggered, fetching back to 2025-01-15
15:15:41 | WARNING  | __main__:305 -   WAAREEENER: 50 sessions cached (need 260 for full return history) — gap-fill triggered, fetching back to 2025-01-15
15:15:41 | WARNING  | __main__:305 -   SAGILITY: 50 sessions cached (need 260 for full return history) — gap-fill triggered, fetching back to 2025-01-15
15:15:41 | WARNING  | __main__:305 -   VMM: 50 sessions cached (need 260 for full return history) — gap-fill triggered, fetching back to 2025-01-15
15:15:41 | WARNING  | __main__:305 -   IKS: 50 sessions cached (need 260 for full return history) — gap-fill triggered, fetching back to 2025-01-15
15:15:41 | WARNING  | __main__:305 -   IGIL: 50 sessions cached (need 260 for full return history) — gap-fill triggered, fetching back to 2025-01-15
15:15:41 | WARNING  | __main__:305 -   ITCHOTELS: 50 sessions cached (need 260 for full return history) — gap-fill triggered, fetching back to 2025-01-15
15:15:41 | WARNING  | __main__:305 -   HDBFS: 50 sessions cached (need 260 for full return history) — gap-fill triggered, fetching back to 2025-01-15
15:15:41 | WARNING  | __main__:305 -   ANTHEM: 50 sessions cached (need 260 for full return history) — gap-fill triggered, fetching back to 2025-01-15
15:15:41 | WARNING  | __main__:305 -   CPPLUS: 50 sessions cached (need 260 for full return history) — gap-fill triggered, fetching back to 2025-01-15
15:15:41 | WARNING  | __main__:305 -   GROWW: 50 sessions cached (need 260 for full return history) — gap-fill triggered, fetching back to 2025-01-15
15:15:41 | WARNING  | __main__:305 -   TENNIND: 50 sessions cached (need 260 for full return history) — gap-fill triggered, fetching back to 2025-01-15
15:15:41 | WARNING  | __main__:305 -   MEESHO: 50 sessions cached (need 260 for full return history) — gap-fill triggered, fetching back to 2025-01-15
15:15:41 | INFO     | __main__:322 -   price_history_yf: 0 sufficient | 0 tail-refresh | 500 gap-fill (partial history) | 0 full fetch (new symbols)
15:15:41 | INFO     | __main__:359 -   yfinance: 0 new symbol + 500 gap-fill + 0 tail fetches...
15:16:01 | INFO     | __main__:473 -   Caching 154116 new rows to price_history_yf...
15:16:25 | INFO     | __main__:479 -   Cached successfully — 154116 rows written
15:16:25 | INFO     | __main__:491 -   fetch_bulk_history_yf complete: 500 symbols loaded | 154116 total sessions | 500 symbols fetched from yfinance
15:16:25 | INFO     | __main__:541 -   Upcoming events: 343 symbols with events in next 30d
15:16:25 | INFO     | __main__:565 -   MSL symbols: 44 in shortlist
15:16:25 | INFO     | __main__:589 -   Index membership: 600 symbols mapped
15:16:25 | INFO     | __main__:627 -   raw_prices: 499 symbols with delivery/value data
15:16:25 | INFO     | __main__:1105 -   Nifty 1M return: 3.8203%
15:16:25 | INFO     | __main__:1112 - Pass 2: computing and reconciling...
15:16:26 | INFO     | __main__:1165 - =================================================================
15:16:26 | INFO     | __main__:1166 - COMPUTE INDICATORS SUMMARY — 2026-04-30 — COMPUTE_ONLY
15:16:26 | INFO     | __main__:1167 -   Symbols: 500 processed | 0 skipped
15:16:26 | INFO     | __main__:1191 - =================================================================
15:16:26 | INFO     | __main__:1207 - Pass 3: writing 500 rows to stock_data_daily...
15:16:28 | SUCCESS  | __main__:1215 - compute_indicators: 500 written | 0 skipped | 0 diverged field types requiring review
15:17:11 | INFO     | config:189 - TradeOS v6 config loaded | Capital=₹200,000 | DRY_RUN=False | Phase=2
15:17:11 | INFO     | __main__:1058 - compute_indicators v2.3 — 2026-05-03 — COMPUTE_ONLY
15:17:11 | INFO     | __main__:1038 -   Resolved trading date: 2026-05-03 → 2026-04-30
15:17:11 | INFO     | __main__:1071 - Pass 1: bulk data fetch...
15:17:12 | INFO     | __main__:505 -   chartink_raw_data: 500 rows
15:17:12 | INFO     | __main__:211 -   fetch_bulk_history_yf: checking price_history_yf cache (500 symbols) | cutoff=2025-01-15...
15:17:13 | INFO     | __main__:273 -   Today OHLCV seeded from chartink: 500 symbols | tail calls eliminated for current symbols
15:17:13 | WARNING  | __main__:305 -   ASAHIINDIA: 50 sessions cached (need 260 for full return history) — gap-fill triggered, fetching back to 2025-01-15
15:17:13 | WARNING  | __main__:305 -   KPRMILL: 50 sessions cached (need 260 for full return history) — gap-fill triggered, fetching back to 2025-01-15
15:17:13 | WARNING  | __main__:305 -   POWERGRID: 50 sessions cached (need 260 for full return history) — gap-fill triggered, fetching back to 2025-01-15
15:17:13 | WARNING  | __main__:305 -   ECLERX: 50 sessions cached (need 260 for full return history) — gap-fill triggered, fetching back to 2025-01-15
15:17:13 | WARNING  | __main__:305 -   TITAGARH: 50 sessions cached (need 260 for full return history) — gap-fill triggered, fetching back to 2025-01-15
15:17:13 | WARNING  | __main__:305 -   GRAVITA: 50 sessions cached (need 260 for full return history) — gap-fill triggered, fetching back to 2025-01-15
15:17:13 | WARNING  | __main__:305 -   KIRLOSENG: 50 sessions cached (need 260 for full return history) — gap-fill triggered, fetching back to 2025-01-15
15:17:13 | WARNING  | __main__:305 -   CESC: 50 sessions cached (need 260 for full return history) — gap-fill triggered, fetching back to 2025-01-15
15:17:13 | WARNING  | __main__:305 -   CGCL: 50 sessions cached (need 260 for full return history) — gap-fill triggered, fetching back to 2025-01-15
15:17:13 | WARNING  | __main__:305 -   GAIL: 50 sessions cached (need 260 for full return history) — gap-fill triggered, fetching back to 2025-01-15
15:17:13 | WARNING  | __main__:305 -   GPIL: 50 sessions cached (need 260 for full return history) — gap-fill triggered, fetching back to 2025-01-15
15:17:13 | WARNING  | __main__:305 -   GRSE: 50 sessions cached (need 260 for full return history) — gap-fill triggered, fetching back to 2025-01-15
15:17:13 | WARNING  | __main__:305 -   GSPL: 50 sessions cached (need 260 for full return history) — gap-fill triggered, fetching back to 2025-01-15
15:17:13 | WARNING  | __main__:305 -   HEXT: 50 sessions cached (need 260 for full return history) — gap-fill triggered, fetching back to 2025-01-15
15:17:13 | WARNING  | __main__:305 -   HFCL: 50 sessions cached (need 260 for full return history) — gap-fill triggered, fetching back to 2025-01-15
15:17:13 | WARNING  | __main__:305 -   SHREECEM: 50 sessions cached (need 260 for full return history) — gap-fill triggered, fetching back to 2025-01-15
15:17:13 | WARNING  | __main__:305 -   PVRINOX: 50 sessions cached (need 260 for full return history) — gap-fill triggered, fetching back to 2025-01-15
15:17:13 | WARNING  | __main__:305 -   AEGISLOG: 50 sessions cached (need 260 for full return history) — gap-fill triggered, fetching back to 2025-01-15
15:17:13 | WARNING  | __main__:305 -   INDIGO: 50 sessions cached (need 260 for full return history) — gap-fill triggered, fetching back to 2025-01-15
15:17:13 | WARNING  | __main__:305 -   JIOFIN: 50 sessions cached (need 260 for full return history) — gap-fill triggered, fetching back to 2025-01-15
15:17:13 | WARNING  | __main__:305 -   KAYNES: 50 sessions cached (need 260 for full return history) — gap-fill triggered, fetching back to 2025-01-15
15:17:13 | WARNING  | __main__:305 -   GODREJPROP: 50 sessions cached (need 260 for full return history) — gap-fill triggered, fetching back to 2025-01-15
15:17:13 | WARNING  | __main__:305 -   M&MFIN: 50 sessions cached (need 260 for full return history) — gap-fill triggered, fetching back to 2025-01-15
15:17:13 | WARNING  | __main__:305 -   BALKRISIND: 50 sessions cached (need 260 for full return history) — gap-fill triggered, fetching back to 2025-01-15
15:17:13 | WARNING  | __main__:305 -   MARUTI: 50 sessions cached (need 260 for full return history) — gap-fill triggered, fetching back to 2025-01-15
15:17:13 | WARNING  | __main__:305 -   DEVYANI: 50 sessions cached (need 260 for full return history) — gap-fill triggered, fetching back to 2025-01-15
15:17:13 | WARNING  | __main__:305 -   NAUKRI: 50 sessions cached (need 260 for full return history) — gap-fill triggered, fetching back to 2025-01-15
15:17:13 | WARNING  | __main__:305 -   NEWGEN: 50 sessions cached (need 260 for full return history) — gap-fill triggered, fetching back to 2025-01-15
15:17:13 | WARNING  | __main__:305 -   SONACOMS: 50 sessions cached (need 260 for full return history) — gap-fill triggered, fetching back to 2025-01-15
15:17:13 | WARNING  | __main__:305 -   NUVOCO: 50 sessions cached (need 260 for full return history) — gap-fill triggered, fetching back to 2025-01-15
15:17:13 | WARNING  | __main__:305 -   ICICIGI: 50 sessions cached (need 260 for full return history) — gap-fill triggered, fetching back to 2025-01-15
15:17:13 | WARNING  | __main__:305 -   RADICO: 50 sessions cached (need 260 for full return history) — gap-fill triggered, fetching back to 2025-01-15
15:17:13 | WARNING  | __main__:305 -   SUZLON: 50 sessions cached (need 260 for full return history) — gap-fill triggered, fetching back to 2025-01-15
15:17:13 | WARNING  | __main__:305 -   SWIGGY: 50 sessions cached (need 260 for full return history) — gap-fill triggered, fetching back to 2025-01-15
15:17:13 | WARNING  | __main__:305 -   TBOTEK: 50 sessions cached (need 260 for full return history) — gap-fill triggered, fetching back to 2025-01-15
15:17:13 | WARNING  | __main__:305 -   TIMKEN: 50 sessions cached (need 260 for full return history) — gap-fill triggered, fetching back to 2025-01-15
15:17:13 | WARNING  | __main__:305 -   DELHIVERY: 50 sessions cached (need 260 for full return history) — gap-fill triggered, fetching back to 2025-01-15
15:17:13 | WARNING  | __main__:305 -   UTIAMC: 50 sessions cached (need 260 for full return history) — gap-fill triggered, fetching back to 2025-01-15
15:17:13 | WARNING  | __main__:305 -   SUNDARMFIN: 50 sessions cached (need 260 for full return history) — gap-fill triggered, fetching back to 2025-01-15
15:17:13 | WARNING  | __main__:305 -   DCMSHRIRAM: 50 sessions cached (need 260 for full return history) — gap-fill triggered, fetching back to 2025-01-15
15:17:13 | WARNING  | __main__:305 -   VIJAYA: 50 sessions cached (need 260 for full return history) — gap-fill triggered, fetching back to 2025-01-15
15:17:13 | WARNING  | __main__:305 -   NAVINFLUOR: 50 sessions cached (need 260 for full return history) — gap-fill triggered, fetching back to 2025-01-15
15:17:13 | WARNING  | __main__:305 -   DATAPATTNS: 50 sessions cached (need 260 for full return history) — gap-fill triggered, fetching back to 2025-01-15
15:17:13 | WARNING  | __main__:305 -   SAILIFE: 50 sessions cached (need 260 for full return history) — gap-fill triggered, fetching back to 2025-01-15
15:17:13 | WARNING  | __main__:305 -   SARDAEN: 50 sessions cached (need 260 for full return history) — gap-fill triggered, fetching back to 2025-01-15
15:17:13 | WARNING  | __main__:305 -   GODREJCP: 50 sessions cached (need 260 for full return history) — gap-fill triggered, fetching back to 2025-01-15
15:17:13 | WARNING  | __main__:305 -   SBICARD: 50 sessions cached (need 260 for full return history) — gap-fill triggered, fetching back to 2025-01-15
15:17:13 | WARNING  | __main__:305 -   CHOICEIN: 50 sessions cached (need 260 for full return history) — gap-fill triggered, fetching back to 2025-01-15
15:17:13 | WARNING  | __main__:305 -   ZENTEC: 50 sessions cached (need 260 for full return history) — gap-fill triggered, fetching back to 2025-01-15
15:17:13 | WARNING  | __main__:305 -   INDIANB: 50 sessions cached (need 260 for full return history) — gap-fill triggered, fetching back to 2025-01-15
15:17:13 | WARNING  | __main__:305 -   APOLLOHOSP: 50 sessions cached (need 260 for full return history) — gap-fill triggered, fetching back to 2025-01-15
15:17:13 | WARNING  | __main__:305 -   MAXHEALTH: 50 sessions cached (need 260 for full return history) — gap-fill triggered, fetching back to 2025-01-15
15:17:13 | WARNING  | __main__:305 -   STARHEALTH: 50 sessions cached (need 260 for full return history) — gap-fill triggered, fetching back to 2025-01-15
15:17:13 | WARNING  | __main__:305 -   SCHNEIDER: 50 sessions cached (need 260 for full return history) — gap-fill triggered, fetching back to 2025-01-15
15:17:13 | WARNING  | __main__:305 -   SAREGAMA: 50 sessions cached (need 260 for full return history) — gap-fill triggered, fetching back to 2025-01-15
15:17:13 | WARNING  | __main__:305 -   NSLNISP: 50 sessions cached (need 260 for full return history) — gap-fill triggered, fetching back to 2025-01-15
15:17:13 | WARNING  | __main__:305 -   ATHERENERG: 50 sessions cached (need 260 for full return history) — gap-fill triggered, fetching back to 2025-01-15
15:17:13 | WARNING  | __main__:305 -   BAJAJHFL: 50 sessions cached (need 260 for full return history) — gap-fill triggered, fetching back to 2025-01-15
15:17:13 | WARNING  | __main__:305 -   ABCAPITAL: 50 sessions cached (need 260 for full return history) — gap-fill triggered, fetching back to 2025-01-15
15:17:13 | WARNING  | __main__:305 -   CONCORDBIO: 50 sessions cached (need 260 for full return history) — gap-fill triggered, fetching back to 2025-01-15
15:17:13 | WARNING  | __main__:305 -   JAINREC: 50 sessions cached (need 260 for full return history) — gap-fill triggered, fetching back to 2025-01-15
15:17:13 | WARNING  | __main__:305 -   SYNGENE: 50 sessions cached (need 260 for full return history) — gap-fill triggered, fetching back to 2025-01-15
15:17:13 | WARNING  | __main__:305 -   INTELLECT: 50 sessions cached (need 260 for full return history) — gap-fill triggered, fetching back to 2025-01-15
15:17:13 | WARNING  | __main__:305 -   GALLANTT: 50 sessions cached (need 260 for full return history) — gap-fill triggered, fetching back to 2025-01-15
15:17:13 | WARNING  | __main__:305 -   JSWINFRA: 50 sessions cached (need 260 for full return history) — gap-fill triggered, fetching back to 2025-01-15
15:17:13 | WARNING  | __main__:305 -   IDFCFIRSTB: 50 sessions cached (need 260 for full return history) — gap-fill triggered, fetching back to 2025-01-15
15:17:13 | WARNING  | __main__:305 -   NAM-INDIA: 50 sessions cached (need 260 for full return history) — gap-fill triggered, fetching back to 2025-01-15
15:17:13 | WARNING  | __main__:305 -   NATIONALUM: 50 sessions cached (need 260 for full return history) — gap-fill triggered, fetching back to 2025-01-15
15:17:13 | WARNING  | __main__:305 -   MINDACORP: 50 sessions cached (need 260 for full return history) — gap-fill triggered, fetching back to 2025-01-15
15:17:13 | WARNING  | __main__:305 -   CREDITACC: 50 sessions cached (need 260 for full return history) — gap-fill triggered, fetching back to 2025-01-15
15:17:13 | WARNING  | __main__:305 -   TATACAP: 50 sessions cached (need 260 for full return history) — gap-fill triggered, fetching back to 2025-01-15
15:17:13 | WARNING  | __main__:305 -   COALINDIA: 50 sessions cached (need 260 for full return history) — gap-fill triggered, fetching back to 2025-01-15
15:17:13 | WARNING  | __main__:305 -   NLCINDIA: 50 sessions cached (need 260 for full return history) — gap-fill triggered, fetching back to 2025-01-15
15:17:13 | WARNING  | __main__:305 -   SHRIRAMFIN: 50 sessions cached (need 260 for full return history) — gap-fill triggered, fetching back to 2025-01-15
15:17:13 | WARNING  | __main__:305 -   BANDHANBNK: 50 sessions cached (need 260 for full return history) — gap-fill triggered, fetching back to 2025-01-15
15:17:13 | WARNING  | __main__:305 -   TECHNOE: 50 sessions cached (need 260 for full return history) — gap-fill triggered, fetching back to 2025-01-15
15:17:13 | WARNING  | __main__:305 -   ETERNAL: 50 sessions cached (need 260 for full return history) — gap-fill triggered, fetching back to 2025-01-15
15:17:13 | WARNING  | __main__:305 -   JPPOWER: 50 sessions cached (need 260 for full return history) — gap-fill triggered, fetching back to 2025-01-15
15:17:13 | WARNING  | __main__:305 -   OLAELEC: 50 sessions cached (need 260 for full return history) — gap-fill triggered, fetching back to 2025-01-15
15:17:13 | WARNING  | __main__:305 -   OLECTRA: 50 sessions cached (need 260 for full return history) — gap-fill triggered, fetching back to 2025-01-15
15:17:13 | WARNING  | __main__:305 -   TEJASNET: 50 sessions cached (need 260 for full return history) — gap-fill triggered, fetching back to 2025-01-15
15:17:13 | WARNING  | __main__:305 -   PIRAMALFIN: 50 sessions cached (need 260 for full return history) — gap-fill triggered, fetching back to 2025-01-15
15:17:13 | WARNING  | __main__:305 -   TIINDIA: 50 sessions cached (need 260 for full return history) — gap-fill triggered, fetching back to 2025-01-15
15:17:13 | WARNING  | __main__:305 -   YESBANK: 50 sessions cached (need 260 for full return history) — gap-fill triggered, fetching back to 2025-01-15
15:17:13 | WARNING  | __main__:305 -   ZYDUSWELL: 50 sessions cached (need 260 for full return history) — gap-fill triggered, fetching back to 2025-01-15
15:17:13 | WARNING  | __main__:305 -   ADANIENT: 50 sessions cached (need 260 for full return history) — gap-fill triggered, fetching back to 2025-01-15
15:17:13 | WARNING  | __main__:305 -   JUBLPHARMA: 50 sessions cached (need 260 for full return history) — gap-fill triggered, fetching back to 2025-01-15
15:17:13 | WARNING  | __main__:305 -   TORNTPOWER: 50 sessions cached (need 260 for full return history) — gap-fill triggered, fetching back to 2025-01-15
15:17:13 | WARNING  | __main__:305 -   ABSLAMC: 50 sessions cached (need 260 for full return history) — gap-fill triggered, fetching back to 2025-01-15
15:17:13 | WARNING  | __main__:305 -   PHOENIXLTD: 50 sessions cached (need 260 for full return history) — gap-fill triggered, fetching back to 2025-01-15
15:17:13 | WARNING  | __main__:305 -   SIGNATURE: 50 sessions cached (need 260 for full return history) — gap-fill triggered, fetching back to 2025-01-15
15:17:13 | WARNING  | __main__:305 -   MOTILALOFS: 50 sessions cached (need 260 for full return history) — gap-fill triggered, fetching back to 2025-01-15
15:17:13 | WARNING  | __main__:305 -   AJANTPHARM: 50 sessions cached (need 260 for full return history) — gap-fill triggered, fetching back to 2025-01-15
15:17:13 | WARNING  | __main__:305 -   JYOTICNC: 50 sessions cached (need 260 for full return history) — gap-fill triggered, fetching back to 2025-01-15
15:17:13 | WARNING  | __main__:305 -   ICICIAMC: 50 sessions cached (need 260 for full return history) — gap-fill triggered, fetching back to 2025-01-15
15:17:13 | WARNING  | __main__:305 -   ELGIEQUIP: 50 sessions cached (need 260 for full return history) — gap-fill triggered, fetching back to 2025-01-15
15:17:13 | WARNING  | __main__:305 -   JSWCEMENT: 50 sessions cached (need 260 for full return history) — gap-fill triggered, fetching back to 2025-01-15
15:17:13 | WARNING  | __main__:305 -   LINDEINDIA: 50 sessions cached (need 260 for full return history) — gap-fill triggered, fetching back to 2025-01-15
15:17:13 | WARNING  | __main__:305 -   ANGELONE: 50 sessions cached (need 260 for full return history) — gap-fill triggered, fetching back to 2025-01-15
15:17:13 | WARNING  | __main__:305 -   LGEINDIA: 50 sessions cached (need 260 for full return history) — gap-fill triggered, fetching back to 2025-01-15
15:17:13 | WARNING  | __main__:305 -   JKCEMENT: 50 sessions cached (need 260 for full return history) — gap-fill triggered, fetching back to 2025-01-15
15:17:13 | WARNING  | __main__:305 -   GLENMARK: 50 sessions cached (need 260 for full return history) — gap-fill triggered, fetching back to 2025-01-15
15:17:13 | WARNING  | __main__:305 -   CRAFTSMAN: 50 sessions cached (need 260 for full return history) — gap-fill triggered, fetching back to 2025-01-15
15:17:13 | WARNING  | __main__:305 -   VTL: 50 sessions cached (need 260 for full return history) — gap-fill triggered, fetching back to 2025-01-15
15:17:13 | WARNING  | __main__:305 -   SWANCORP: 50 sessions cached (need 260 for full return history) — gap-fill triggered, fetching back to 2025-01-15
15:17:13 | WARNING  | __main__:305 -   NH: 50 sessions cached (need 260 for full return history) — gap-fill triggered, fetching back to 2025-01-15
15:17:13 | WARNING  | __main__:305 -   JINDALSTEL: 50 sessions cached (need 260 for full return history) — gap-fill triggered, fetching back to 2025-01-15
15:17:13 | WARNING  | __main__:305 -   WOCKPHARMA: 50 sessions cached (need 260 for full return history) — gap-fill triggered, fetching back to 2025-01-15
15:17:13 | WARNING  | __main__:305 -   ZYDUSLIFE: 50 sessions cached (need 260 for full return history) — gap-fill triggered, fetching back to 2025-01-15
15:17:13 | WARNING  | __main__:305 -   MCX: 50 sessions cached (need 260 for full return history) — gap-fill triggered, fetching back to 2025-01-15
15:17:13 | WARNING  | __main__:305 -   INDUSTOWER: 50 sessions cached (need 260 for full return history) — gap-fill triggered, fetching back to 2025-01-15
15:17:13 | WARNING  | __main__:305 -   INOXWIND: 50 sessions cached (need 260 for full return history) — gap-fill triggered, fetching back to 2025-01-15
15:17:13 | WARNING  | __main__:305 -   LALPATHLAB: 50 sessions cached (need 260 for full return history) — gap-fill triggered, fetching back to 2025-01-15
15:17:13 | WARNING  | __main__:305 -   CROMPTON: 50 sessions cached (need 260 for full return history) — gap-fill triggered, fetching back to 2025-01-15
15:17:13 | WARNING  | __main__:305 -   ENDURANCE: 50 sessions cached (need 260 for full return history) — gap-fill triggered, fetching back to 2025-01-15
15:17:13 | WARNING  | __main__:305 -   PNBHOUSING: 50 sessions cached (need 260 for full return history) — gap-fill triggered, fetching back to 2025-01-15
15:17:13 | WARNING  | __main__:305 -   KARURVYSYA: 50 sessions cached (need 260 for full return history) — gap-fill triggered, fetching back to 2025-01-15
15:17:13 | WARNING  | __main__:305 -   CARTRADE: 50 sessions cached (need 260 for full return history) — gap-fill triggered, fetching back to 2025-01-15
15:17:13 | WARNING  | __main__:305 -   BELRISE: 50 sessions cached (need 260 for full return history) — gap-fill triggered, fetching back to 2025-01-15
15:17:13 | WARNING  | __main__:305 -   ENRIN: 50 sessions cached (need 260 for full return history) — gap-fill triggered, fetching back to 2025-01-15
15:17:13 | WARNING  | __main__:305 -   ABLBL: 50 sessions cached (need 260 for full return history) — gap-fill triggered, fetching back to 2025-01-15
15:17:13 | WARNING  | __main__:305 -   LENSKART: 50 sessions cached (need 260 for full return history) — gap-fill triggered, fetching back to 2025-01-15
15:17:13 | WARNING  | __main__:305 -   PWL: 50 sessions cached (need 260 for full return history) — gap-fill triggered, fetching back to 2025-01-15
15:17:13 | WARNING  | __main__:305 -   ACE: 50 sessions cached (need 260 for full return history) — gap-fill triggered, fetching back to 2025-01-15
15:17:13 | WARNING  | __main__:305 -   BLS: 50 sessions cached (need 260 for full return history) — gap-fill triggered, fetching back to 2025-01-15
15:17:13 | WARNING  | __main__:305 -   BSE: 50 sessions cached (need 260 for full return history) — gap-fill triggered, fetching back to 2025-01-15
15:17:13 | WARNING  | __main__:305 -   FSL: 50 sessions cached (need 260 for full return history) — gap-fill triggered, fetching back to 2025-01-15
15:17:13 | WARNING  | __main__:305 -   HEG: 51 sessions cached (need 260 for full return history) — gap-fill triggered, fetching back to 2025-01-15
15:17:13 | WARNING  | __main__:305 -   IGL: 51 sessions cached (need 260 for full return history) — gap-fill triggered, fetching back to 2025-01-15
15:17:13 | WARNING  | __main__:305 -   IOC: 50 sessions cached (need 260 for full return history) — gap-fill triggered, fetching back to 2025-01-15
15:17:13 | WARNING  | __main__:305 -   ITI: 50 sessions cached (need 260 for full return history) — gap-fill triggered, fetching back to 2025-01-15
15:17:13 | WARNING  | __main__:305 -   JSL: 50 sessions cached (need 260 for full return history) — gap-fill triggered, fetching back to 2025-01-15
15:17:13 | WARNING  | __main__:305 -   KEI: 50 sessions cached (need 260 for full return history) — gap-fill triggered, fetching back to 2025-01-15
15:17:13 | WARNING  | __main__:305 -   LTM: 47 sessions cached (need 260 for full return history) — gap-fill triggered, fetching back to 2025-01-15
15:17:13 | WARNING  | __main__:305 -   MGL: 51 sessions cached (need 260 for full return history) — gap-fill triggered, fetching back to 2025-01-15
15:17:13 | WARNING  | __main__:305 -   PNB: 50 sessions cached (need 260 for full return history) — gap-fill triggered, fetching back to 2025-01-15
15:17:13 | WARNING  | __main__:305 -   SCI: 50 sessions cached (need 260 for full return history) — gap-fill triggered, fetching back to 2025-01-15
15:17:13 | WARNING  | __main__:305 -   SRF: 50 sessions cached (need 260 for full return history) — gap-fill triggered, fetching back to 2025-01-15
15:17:13 | WARNING  | __main__:305 -   TCS: 50 sessions cached (need 260 for full return history) — gap-fill triggered, fetching back to 2025-01-15
15:17:13 | WARNING  | __main__:305 -   UBL: 50 sessions cached (need 260 for full return history) — gap-fill triggered, fetching back to 2025-01-15
15:17:13 | WARNING  | __main__:305 -   UPL: 50 sessions cached (need 260 for full return history) — gap-fill triggered, fetching back to 2025-01-15
15:17:13 | WARNING  | __main__:305 -   VBL: 50 sessions cached (need 260 for full return history) — gap-fill triggered, fetching back to 2025-01-15
15:17:13 | WARNING  | __main__:305 -   ABDL: 50 sessions cached (need 260 for full return history) — gap-fill triggered, fetching back to 2025-01-15
15:17:13 | WARNING  | __main__:305 -   AIIL: 50 sessions cached (need 260 for full return history) — gap-fill triggered, fetching back to 2025-01-15
15:17:13 | WARNING  | __main__:305 -   BBTC: 50 sessions cached (need 260 for full return history) — gap-fill triggered, fetching back to 2025-01-15
15:17:13 | WARNING  | __main__:305 -   CAMS: 50 sessions cached (need 260 for full return history) — gap-fill triggered, fetching back to 2025-01-15
15:17:13 | WARNING  | __main__:305 -   IIFL: 50 sessions cached (need 260 for full return history) — gap-fill triggered, fetching back to 2025-01-15
15:17:13 | WARNING  | __main__:305 -   IRFC: 50 sessions cached (need 260 for full return history) — gap-fill triggered, fetching back to 2025-01-15
15:17:13 | WARNING  | __main__:305 -   JBMA: 50 sessions cached (need 260 for full return history) — gap-fill triggered, fetching back to 2025-01-15
15:17:13 | WARNING  | __main__:305 -   KIMS: 50 sessions cached (need 260 for full return history) — gap-fill triggered, fetching back to 2025-01-15
15:17:13 | WARNING  | __main__:305 -   LICI: 50 sessions cached (need 260 for full return history) — gap-fill triggered, fetching back to 2025-01-15
15:17:13 | WARNING  | __main__:305 -   LTTS: 50 sessions cached (need 260 for full return history) — gap-fill triggered, fetching back to 2025-01-15
15:17:13 | WARNING  | __main__:305 -   MMTC: 50 sessions cached (need 260 for full return history) — gap-fill triggered, fetching back to 2025-01-15
15:17:13 | WARNING  | __main__:305 -   NBCC: 50 sessions cached (need 260 for full return history) — gap-fill triggered, fetching back to 2025-01-15
15:17:13 | WARNING  | __main__:305 -   NHPC: 50 sessions cached (need 260 for full return history) — gap-fill triggered, fetching back to 2025-01-15
15:17:13 | WARNING  | __main__:305 -   NMDC: 50 sessions cached (need 260 for full return history) — gap-fill triggered, fetching back to 2025-01-15
15:17:13 | WARNING  | __main__:305 -   NTPC: 50 sessions cached (need 260 for full return history) — gap-fill triggered, fetching back to 2025-01-15
15:17:13 | WARNING  | __main__:305 -   OFSS: 50 sessions cached (need 260 for full return history) — gap-fill triggered, fetching back to 2025-01-15
15:17:13 | WARNING  | __main__:305 -   PCBL: 50 sessions cached (need 260 for full return history) — gap-fill triggered, fetching back to 2025-01-15
15:17:13 | WARNING  | __main__:305 -   PGEL: 50 sessions cached (need 260 for full return history) — gap-fill triggered, fetching back to 2025-01-15
15:17:13 | WARNING  | __main__:305 -   RHIM: 50 sessions cached (need 260 for full return history) — gap-fill triggered, fetching back to 2025-01-15
15:17:13 | WARNING  | __main__:305 -   RVNL: 50 sessions cached (need 260 for full return history) — gap-fill triggered, fetching back to 2025-01-15
15:17:13 | WARNING  | __main__:305 -   SBFC: 50 sessions cached (need 260 for full return history) — gap-fill triggered, fetching back to 2025-01-15
15:17:13 | WARNING  | __main__:305 -   SJVN: 50 sessions cached (need 260 for full return history) — gap-fill triggered, fetching back to 2025-01-15
15:17:13 | WARNING  | __main__:305 -   TEGA: 50 sessions cached (need 260 for full return history) — gap-fill triggered, fetching back to 2025-01-15
15:17:13 | WARNING  | __main__:305 -   TMCV: 50 sessions cached (need 260 for full return history) — gap-fill triggered, fetching back to 2025-01-15
15:17:13 | WARNING  | __main__:305 -   TTML: 50 sessions cached (need 260 for full return history) — gap-fill triggered, fetching back to 2025-01-15
15:17:13 | WARNING  | __main__:305 -   ZEEL: 50 sessions cached (need 260 for full return history) — gap-fill triggered, fetching back to 2025-01-15
15:17:13 | WARNING  | __main__:305 -   ICICIBANK: 50 sessions cached (need 260 for full return history) — gap-fill triggered, fetching back to 2025-01-15
15:17:13 | WARNING  | __main__:305 -   ABFRL: 50 sessions cached (need 260 for full return history) — gap-fill triggered, fetching back to 2025-01-15
15:17:13 | WARNING  | __main__:305 -   ALKEM: 50 sessions cached (need 260 for full return history) — gap-fill triggered, fetching back to 2025-01-15
15:17:13 | WARNING  | __main__:305 -   APTUS: 50 sessions cached (need 260 for full return history) — gap-fill triggered, fetching back to 2025-01-15
15:17:13 | WARNING  | __main__:305 -   BSOFT: 50 sessions cached (need 260 for full return history) — gap-fill triggered, fetching back to 2025-01-15
15:17:13 | WARNING  | __main__:305 -   CANBK: 50 sessions cached (need 260 for full return history) — gap-fill triggered, fetching back to 2025-01-15
15:17:13 | WARNING  | __main__:305 -   DIXON: 50 sessions cached (need 260 for full return history) — gap-fill triggered, fetching back to 2025-01-15
15:17:13 | WARNING  | __main__:305 -   GVT&D: 50 sessions cached (need 260 for full return history) — gap-fill triggered, fetching back to 2025-01-15
15:17:13 | WARNING  | __main__:305 -   HUDCO: 50 sessions cached (need 260 for full return history) — gap-fill triggered, fetching back to 2025-01-15
15:17:13 | WARNING  | __main__:305 -   IREDA: 50 sessions cached (need 260 for full return history) — gap-fill triggered, fetching back to 2025-01-15
15:17:13 | WARNING  | __main__:305 -   MSUMI: 50 sessions cached (need 260 for full return history) — gap-fill triggered, fetching back to 2025-01-15
15:17:13 | WARNING  | __main__:305 -   NIACL: 50 sessions cached (need 260 for full return history) — gap-fill triggered, fetching back to 2025-01-15
15:17:13 | WARNING  | __main__:305 -   NYKAA: 50 sessions cached (need 260 for full return history) — gap-fill triggered, fetching back to 2025-01-15
15:17:13 | WARNING  | __main__:305 -   PAYTM: 50 sessions cached (need 260 for full return history) — gap-fill triggered, fetching back to 2025-01-15
15:17:13 | WARNING  | __main__:305 -   PTCIL: 50 sessions cached (need 260 for full return history) — gap-fill triggered, fetching back to 2025-01-15
15:17:13 | WARNING  | __main__:305 -   SOBHA: 50 sessions cached (need 260 for full return history) — gap-fill triggered, fetching back to 2025-01-15
15:17:13 | WARNING  | __main__:305 -   SUNTV: 50 sessions cached (need 260 for full return history) — gap-fill triggered, fetching back to 2025-01-15
15:17:13 | WARNING  | __main__:305 -   SYRMA: 50 sessions cached (need 260 for full return history) — gap-fill triggered, fetching back to 2025-01-15
15:17:13 | WARNING  | __main__:305 -   CARBORUNIV: 50 sessions cached (need 260 for full return history) — gap-fill triggered, fetching back to 2025-01-15
15:17:13 | WARNING  | __main__:305 -   NEULANDLAB: 50 sessions cached (need 260 for full return history) — gap-fill triggered, fetching back to 2025-01-15
15:17:13 | WARNING  | __main__:305 -   REDINGTON: 50 sessions cached (need 260 for full return history) — gap-fill triggered, fetching back to 2025-01-15
15:17:13 | WARNING  | __main__:305 -   JUBLFOOD: 50 sessions cached (need 260 for full return history) — gap-fill triggered, fetching back to 2025-01-15
15:17:13 | WARNING  | __main__:305 -   PPLPHARMA: 50 sessions cached (need 260 for full return history) — gap-fill triggered, fetching back to 2025-01-15
15:17:13 | WARNING  | __main__:305 -   LATENTVIEW: 50 sessions cached (need 260 for full return history) — gap-fill triggered, fetching back to 2025-01-15
15:17:13 | WARNING  | __main__:305 -   FIRSTCRY: 50 sessions cached (need 260 for full return history) — gap-fill triggered, fetching back to 2025-01-15
15:17:13 | WARNING  | __main__:305 -   3MINDIA: 50 sessions cached (need 260 for full return history) — gap-fill triggered, fetching back to 2025-01-15
15:17:13 | WARNING  | __main__:305 -   POLYCAB: 50 sessions cached (need 260 for full return history) — gap-fill triggered, fetching back to 2025-01-15
15:17:13 | WARNING  | __main__:305 -   FIVESTAR: 50 sessions cached (need 260 for full return history) — gap-fill triggered, fetching back to 2025-01-15
15:17:13 | WARNING  | __main__:305 -   PINELABS: 50 sessions cached (need 260 for full return history) — gap-fill triggered, fetching back to 2025-01-15
15:17:13 | WARNING  | __main__:305 -   LLOYDSME: 50 sessions cached (need 260 for full return history) — gap-fill triggered, fetching back to 2025-01-15
15:17:13 | WARNING  | __main__:305 -   OBEROIRLTY: 50 sessions cached (need 260 for full return history) — gap-fill triggered, fetching back to 2025-01-15
15:17:13 | WARNING  | __main__:305 -   ZENSARTECH: 50 sessions cached (need 260 for full return history) — gap-fill triggered, fetching back to 2025-01-15
15:17:13 | WARNING  | __main__:305 -   MAPMYINDIA: 50 sessions cached (need 260 for full return history) — gap-fill triggered, fetching back to 2025-01-15
15:17:13 | WARNING  | __main__:305 -   UNITDSPR: 50 sessions cached (need 260 for full return history) — gap-fill triggered, fetching back to 2025-01-15
15:17:13 | WARNING  | __main__:305 -   GABRIEL: 50 sessions cached (need 260 for full return history) — gap-fill triggered, fetching back to 2025-01-15
15:17:13 | WARNING  | __main__:305 -   URBANCO: 50 sessions cached (need 260 for full return history) — gap-fill triggered, fetching back to 2025-01-15
15:17:13 | WARNING  | __main__:305 -   SHYAMMETL: 50 sessions cached (need 260 for full return history) — gap-fill triggered, fetching back to 2025-01-15
15:17:13 | WARNING  | __main__:305 -   HOMEFIRST: 50 sessions cached (need 260 for full return history) — gap-fill triggered, fetching back to 2025-01-15
15:17:13 | WARNING  | __main__:305 -   UNOMINDA: 50 sessions cached (need 260 for full return history) — gap-fill triggered, fetching back to 2025-01-15
15:17:13 | WARNING  | __main__:305 -   CANHLIFE: 50 sessions cached (need 260 for full return history) — gap-fill triggered, fetching back to 2025-01-15
15:17:13 | WARNING  | __main__:305 -   ANANDRATHI: 50 sessions cached (need 260 for full return history) — gap-fill triggered, fetching back to 2025-01-15
15:17:13 | WARNING  | __main__:305 -   MAHABANK: 50 sessions cached (need 260 for full return history) — gap-fill triggered, fetching back to 2025-01-15
15:17:13 | WARNING  | __main__:305 -   DEEPAKNTR: 50 sessions cached (need 260 for full return history) — gap-fill triggered, fetching back to 2025-01-15
15:17:13 | WARNING  | __main__:305 -   LAURUSLABS: 50 sessions cached (need 260 for full return history) — gap-fill triggered, fetching back to 2025-01-15
15:17:13 | WARNING  | __main__:305 -   FLUOROCHEM: 50 sessions cached (need 260 for full return history) — gap-fill triggered, fetching back to 2025-01-15
15:17:13 | WARNING  | __main__:305 -   BRIGADE: 50 sessions cached (need 260 for full return history) — gap-fill triggered, fetching back to 2025-01-15
15:17:13 | WARNING  | __main__:305 -   GRANULES: 50 sessions cached (need 260 for full return history) — gap-fill triggered, fetching back to 2025-01-15
15:17:13 | WARNING  | __main__:305 -   GRAPHITE: 50 sessions cached (need 260 for full return history) — gap-fill triggered, fetching back to 2025-01-15
15:17:13 | WARNING  | __main__:305 -   TRITURBINE: 50 sessions cached (need 260 for full return history) — gap-fill triggered, fetching back to 2025-01-15
15:17:13 | WARNING  | __main__:305 -   GODIGIT: 50 sessions cached (need 260 for full return history) — gap-fill triggered, fetching back to 2025-01-15
15:17:13 | WARNING  | __main__:305 -   ACMESOLAR: 50 sessions cached (need 260 for full return history) — gap-fill triggered, fetching back to 2025-01-15
15:17:13 | WARNING  | __main__:305 -   SUNPHARMA: 50 sessions cached (need 260 for full return history) — gap-fill triggered, fetching back to 2025-01-15
15:17:13 | WARNING  | __main__:305 -   PERSISTENT: 50 sessions cached (need 260 for full return history) — gap-fill triggered, fetching back to 2025-01-15
15:17:13 | WARNING  | __main__:305 -   JMFINANCIL: 50 sessions cached (need 260 for full return history) — gap-fill triggered, fetching back to 2025-01-15
15:17:13 | WARNING  | __main__:305 -   ONESOURCE: 50 sessions cached (need 260 for full return history) — gap-fill triggered, fetching back to 2025-01-15
15:17:13 | WARNING  | __main__:305 -   PREMIERENE: 50 sessions cached (need 260 for full return history) — gap-fill triggered, fetching back to 2025-01-15
15:17:13 | WARNING  | __main__:305 -   NTPCGREEN: 50 sessions cached (need 260 for full return history) — gap-fill triggered, fetching back to 2025-01-15
15:17:13 | WARNING  | __main__:305 -   APLAPOLLO: 50 sessions cached (need 260 for full return history) — gap-fill triggered, fetching back to 2025-01-15
15:17:13 | WARNING  | __main__:305 -   DIVISLAB: 50 sessions cached (need 260 for full return history) — gap-fill triggered, fetching back to 2025-01-15
15:17:13 | WARNING  | __main__:305 -   TRAVELFOOD: 50 sessions cached (need 260 for full return history) — gap-fill triggered, fetching back to 2025-01-15
15:17:13 | WARNING  | __main__:305 -   SOLARINDS: 50 sessions cached (need 260 for full return history) — gap-fill triggered, fetching back to 2025-01-15
15:17:13 | WARNING  | __main__:305 -   PETRONET: 50 sessions cached (need 260 for full return history) — gap-fill triggered, fetching back to 2025-01-15
15:17:13 | WARNING  | __main__:305 -   SUPREMEIND: 50 sessions cached (need 260 for full return history) — gap-fill triggered, fetching back to 2025-01-15
15:17:13 | WARNING  | __main__:305 -   NIVABUPA: 50 sessions cached (need 260 for full return history) — gap-fill triggered, fetching back to 2025-01-15
15:17:13 | WARNING  | __main__:305 -   HEALTHCARE: 49 sessions cached (need 260 for full return history) — gap-fill triggered, fetching back to 2025-01-15
15:17:13 | WARNING  | __main__:305 -   HDFCAMC: 50 sessions cached (need 260 for full return history) — gap-fill triggered, fetching back to 2025-01-15
15:17:13 | WARNING  | __main__:305 -   360ONE: 50 sessions cached (need 260 for full return history) — gap-fill triggered, fetching back to 2025-01-15
15:17:13 | WARNING  | __main__:305 -   APARINDS: 50 sessions cached (need 260 for full return history) — gap-fill triggered, fetching back to 2025-01-15
15:17:13 | WARNING  | __main__:305 -   EMAMILTD: 50 sessions cached (need 260 for full return history) — gap-fill triggered, fetching back to 2025-01-15
15:17:13 | WARNING  | __main__:305 -   MANKIND: 51 sessions cached (need 260 for full return history) — gap-fill triggered, fetching back to 2025-01-15
15:17:13 | WARNING  | __main__:305 -   BERGEPAINT: 50 sessions cached (need 260 for full return history) — gap-fill triggered, fetching back to 2025-01-15
15:17:13 | WARNING  | __main__:305 -   COFORGE: 50 sessions cached (need 260 for full return history) — gap-fill triggered, fetching back to 2025-01-15
15:17:13 | WARNING  | __main__:305 -   RAINBOW: 50 sessions cached (need 260 for full return history) — gap-fill triggered, fetching back to 2025-01-15
15:17:13 | WARNING  | __main__:305 -   RBLBANK: 50 sessions cached (need 260 for full return history) — gap-fill triggered, fetching back to 2025-01-15
15:17:13 | WARNING  | __main__:305 -   KFINTECH: 50 sessions cached (need 260 for full return history) — gap-fill triggered, fetching back to 2025-01-15
15:17:13 | WARNING  | __main__:305 -   ADANIENSOL: 50 sessions cached (need 260 for full return history) — gap-fill triggered, fetching back to 2025-01-15
15:17:13 | WARNING  | __main__:305 -   ADANIGREEN: 50 sessions cached (need 260 for full return history) — gap-fill triggered, fetching back to 2025-01-15
15:17:13 | WARNING  | __main__:305 -   ADANIPORTS: 50 sessions cached (need 260 for full return history) — gap-fill triggered, fetching back to 2025-01-15
15:17:13 | WARNING  | __main__:305 -   ADANIPOWER: 50 sessions cached (need 260 for full return history) — gap-fill triggered, fetching back to 2025-01-15
15:17:13 | WARNING  | __main__:305 -   TVSMOTOR: 50 sessions cached (need 260 for full return history) — gap-fill triggered, fetching back to 2025-01-15
15:17:13 | WARNING  | __main__:305 -   ICICIPRULI: 50 sessions cached (need 260 for full return history) — gap-fill triggered, fetching back to 2025-01-15
15:17:13 | WARNING  | __main__:305 -   THELEELA: 50 sessions cached (need 260 for full return history) — gap-fill triggered, fetching back to 2025-01-15
15:17:13 | WARNING  | __main__:305 -   AFCONS: 50 sessions cached (need 260 for full return history) — gap-fill triggered, fetching back to 2025-01-15
15:17:13 | WARNING  | __main__:305 -   AIAENG: 50 sessions cached (need 260 for full return history) — gap-fill triggered, fetching back to 2025-01-15
15:17:13 | WARNING  | __main__:305 -   ASTRAL: 50 sessions cached (need 260 for full return history) — gap-fill triggered, fetching back to 2025-01-15
15:17:13 | WARNING  | __main__:305 -   AUBANK: 50 sessions cached (need 260 for full return history) — gap-fill triggered, fetching back to 2025-01-15
15:17:13 | WARNING  | __main__:305 -   SAMMAANCAP: 50 sessions cached (need 260 for full return history) — gap-fill triggered, fetching back to 2025-01-15
15:17:13 | WARNING  | __main__:305 -   WELCORP: 50 sessions cached (need 260 for full return history) — gap-fill triggered, fetching back to 2025-01-15
15:17:13 | WARNING  | __main__:305 -   PARADEEP: 50 sessions cached (need 260 for full return history) — gap-fill triggered, fetching back to 2025-01-15
15:17:13 | WARNING  | __main__:305 -   AEGISVOPAK: 50 sessions cached (need 260 for full return history) — gap-fill triggered, fetching back to 2025-01-15
15:17:13 | WARNING  | __main__:305 -   BIKAJI: 50 sessions cached (need 260 for full return history) — gap-fill triggered, fetching back to 2025-01-15
15:17:13 | WARNING  | __main__:305 -   BIOCON: 50 sessions cached (need 260 for full return history) — gap-fill triggered, fetching back to 2025-01-15
15:17:13 | WARNING  | __main__:305 -   RKFORGE: 50 sessions cached (need 260 for full return history) — gap-fill triggered, fetching back to 2025-01-15
15:17:13 | WARNING  | __main__:305 -   MPHASIS: 50 sessions cached (need 260 for full return history) — gap-fill triggered, fetching back to 2025-01-15
15:17:13 | WARNING  | __main__:305 -   CEMPRO: 50 sessions cached (need 260 for full return history) — gap-fill triggered, fetching back to 2025-01-15
15:17:13 | WARNING  | __main__:305 -   BAYERCROP: 50 sessions cached (need 260 for full return history) — gap-fill triggered, fetching back to 2025-01-15
15:17:13 | WARNING  | __main__:305 -   LEMONTREE: 50 sessions cached (need 260 for full return history) — gap-fill triggered, fetching back to 2025-01-15
15:17:13 | WARNING  | __main__:305 -   EMCURE: 50 sessions cached (need 260 for full return history) — gap-fill triggered, fetching back to 2025-01-15
15:17:13 | WARNING  | __main__:305 -   EMMVEE: 50 sessions cached (need 260 for full return history) — gap-fill triggered, fetching back to 2025-01-15
15:17:13 | WARNING  | __main__:305 -   FORTIS: 50 sessions cached (need 260 for full return history) — gap-fill triggered, fetching back to 2025-01-15
15:17:13 | WARNING  | __main__:305 -   ABB: 50 sessions cached (need 260 for full return history) — gap-fill triggered, fetching back to 2025-01-15
15:17:13 | WARNING  | __main__:305 -   ARE&M: 50 sessions cached (need 260 for full return history) — gap-fill triggered, fetching back to 2025-01-15
15:17:13 | WARNING  | __main__:305 -   ATUL: 50 sessions cached (need 260 for full return history) — gap-fill triggered, fetching back to 2025-01-15
15:17:13 | WARNING  | __main__:305 -   FORCEMOT: 50 sessions cached (need 260 for full return history) — gap-fill triggered, fetching back to 2025-01-15
15:17:13 | WARNING  | __main__:305 -   BAJFINANCE: 50 sessions cached (need 260 for full return history) — gap-fill triggered, fetching back to 2025-01-15
15:17:13 | WARNING  | __main__:305 -   BALRAMCHIN: 50 sessions cached (need 260 for full return history) — gap-fill triggered, fetching back to 2025-01-15
15:17:13 | WARNING  | __main__:305 -   ABREL: 50 sessions cached (need 260 for full return history) — gap-fill triggered, fetching back to 2025-01-15
15:17:13 | WARNING  | __main__:305 -   BATAINDIA: 50 sessions cached (need 260 for full return history) — gap-fill triggered, fetching back to 2025-01-15
15:17:13 | WARNING  | __main__:305 -   BEML: 50 sessions cached (need 260 for full return history) — gap-fill triggered, fetching back to 2025-01-15
15:17:13 | WARNING  | __main__:305 -   BEL: 50 sessions cached (need 260 for full return history) — gap-fill triggered, fetching back to 2025-01-15
15:17:13 | WARNING  | __main__:305 -   BLUESTARCO: 50 sessions cached (need 260 for full return history) — gap-fill triggered, fetching back to 2025-01-15
15:17:13 | WARNING  | __main__:305 -   CHAMBLFERT: 50 sessions cached (need 260 for full return history) — gap-fill triggered, fetching back to 2025-01-15
15:17:13 | WARNING  | __main__:305 -   EXIDEIND: 50 sessions cached (need 260 for full return history) — gap-fill triggered, fetching back to 2025-01-15
15:17:13 | WARNING  | __main__:305 -   CIPLA: 50 sessions cached (need 260 for full return history) — gap-fill triggered, fetching back to 2025-01-15
15:17:13 | WARNING  | __main__:305 -   CRISIL: 50 sessions cached (need 260 for full return history) — gap-fill triggered, fetching back to 2025-01-15
15:17:13 | WARNING  | __main__:305 -   CGPOWER: 50 sessions cached (need 260 for full return history) — gap-fill triggered, fetching back to 2025-01-15
15:17:13 | WARNING  | __main__:305 -   DABUR: 50 sessions cached (need 260 for full return history) — gap-fill triggered, fetching back to 2025-01-15
15:17:13 | WARNING  | __main__:305 -   BHEL: 50 sessions cached (need 260 for full return history) — gap-fill triggered, fetching back to 2025-01-15
15:17:13 | WARNING  | __main__:305 -   HINDPETRO: 50 sessions cached (need 260 for full return history) — gap-fill triggered, fetching back to 2025-01-15
15:17:13 | WARNING  | __main__:305 -   IFCI: 50 sessions cached (need 260 for full return history) — gap-fill triggered, fetching back to 2025-01-15
15:17:13 | WARNING  | __main__:305 -   MRPL: 50 sessions cached (need 260 for full return history) — gap-fill triggered, fetching back to 2025-01-15
15:17:13 | WARNING  | __main__:305 -   CHENNPETRO: 50 sessions cached (need 260 for full return history) — gap-fill triggered, fetching back to 2025-01-15
15:17:13 | WARNING  | __main__:305 -   SBIN: 50 sessions cached (need 260 for full return history) — gap-fill triggered, fetching back to 2025-01-15
15:17:13 | WARNING  | __main__:305 -   SAIL: 50 sessions cached (need 260 for full return history) — gap-fill triggered, fetching back to 2025-01-15
15:17:13 | WARNING  | __main__:305 -   TITAN: 50 sessions cached (need 260 for full return history) — gap-fill triggered, fetching back to 2025-01-15
15:17:13 | WARNING  | __main__:305 -   IDBI: 50 sessions cached (need 260 for full return history) — gap-fill triggered, fetching back to 2025-01-15
15:17:13 | WARNING  | __main__:305 -   DRREDDY: 50 sessions cached (need 260 for full return history) — gap-fill triggered, fetching back to 2025-01-15
15:17:13 | WARNING  | __main__:305 -   EIDPARRY: 50 sessions cached (need 260 for full return history) — gap-fill triggered, fetching back to 2025-01-15
15:17:13 | WARNING  | __main__:305 -   FINCABLES: 50 sessions cached (need 260 for full return history) — gap-fill triggered, fetching back to 2025-01-15
15:17:13 | WARNING  | __main__:305 -   GODFRYPHLP: 50 sessions cached (need 260 for full return history) — gap-fill triggered, fetching back to 2025-01-15
15:17:13 | WARNING  | __main__:305 -   GODREJIND: 50 sessions cached (need 260 for full return history) — gap-fill triggered, fetching back to 2025-01-15
15:17:13 | WARNING  | __main__:305 -   HDFCBANK: 50 sessions cached (need 260 for full return history) — gap-fill triggered, fetching back to 2025-01-15
15:17:13 | WARNING  | __main__:305 -   HEROMOTOCO: 50 sessions cached (need 260 for full return history) — gap-fill triggered, fetching back to 2025-01-15
15:17:13 | WARNING  | __main__:305 -   HSCL: 50 sessions cached (need 260 for full return history) — gap-fill triggered, fetching back to 2025-01-15
15:17:13 | WARNING  | __main__:305 -   HINDZINC: 50 sessions cached (need 260 for full return history) — gap-fill triggered, fetching back to 2025-01-15
15:17:13 | WARNING  | __main__:305 -   INFY: 50 sessions cached (need 260 for full return history) — gap-fill triggered, fetching back to 2025-01-15
15:17:13 | WARNING  | __main__:305 -   JSWSTEEL: 50 sessions cached (need 260 for full return history) — gap-fill triggered, fetching back to 2025-01-15
15:17:13 | WARNING  | __main__:305 -   KAJARIACER: 50 sessions cached (need 260 for full return history) — gap-fill triggered, fetching back to 2025-01-15
15:17:13 | WARNING  | __main__:305 -   WHIRLPOOL: 50 sessions cached (need 260 for full return history) — gap-fill triggered, fetching back to 2025-01-15
15:17:13 | WARNING  | __main__:305 -   KOTAKBANK: 50 sessions cached (need 260 for full return history) — gap-fill triggered, fetching back to 2025-01-15
15:17:13 | WARNING  | __main__:305 -   TRENT: 50 sessions cached (need 260 for full return history) — gap-fill triggered, fetching back to 2025-01-15
15:17:13 | WARNING  | __main__:305 -   LICHSGFIN: 50 sessions cached (need 260 for full return history) — gap-fill triggered, fetching back to 2025-01-15
15:17:13 | WARNING  | __main__:305 -   LUPIN: 50 sessions cached (need 260 for full return history) — gap-fill triggered, fetching back to 2025-01-15
15:17:13 | WARNING  | __main__:305 -   RAMCOCEM: 50 sessions cached (need 260 for full return history) — gap-fill triggered, fetching back to 2025-01-15
15:17:13 | WARNING  | __main__:305 -   MFSL: 50 sessions cached (need 260 for full return history) — gap-fill triggered, fetching back to 2025-01-15
15:17:13 | WARNING  | __main__:305 -   MRF: 50 sessions cached (need 260 for full return history) — gap-fill triggered, fetching back to 2025-01-15
15:17:13 | WARNING  | __main__:305 -   NCC: 50 sessions cached (need 260 for full return history) — gap-fill triggered, fetching back to 2025-01-15
15:17:13 | WARNING  | __main__:305 -   VEDL: 50 sessions cached (need 260 for full return history) — gap-fill triggered, fetching back to 2025-01-15
15:17:13 | WARNING  | __main__:305 -   GRASIM: 50 sessions cached (need 260 for full return history) — gap-fill triggered, fetching back to 2025-01-15
15:17:13 | WARNING  | __main__:305 -   ONGC: 50 sessions cached (need 260 for full return history) — gap-fill triggered, fetching back to 2025-01-15
15:17:13 | WARNING  | __main__:305 -   RELIANCE: 50 sessions cached (need 260 for full return history) — gap-fill triggered, fetching back to 2025-01-15
15:17:13 | WARNING  | __main__:305 -   PIDILITIND: 50 sessions cached (need 260 for full return history) — gap-fill triggered, fetching back to 2025-01-15
15:17:13 | WARNING  | __main__:305 -   PATANJALI: 50 sessions cached (need 260 for full return history) — gap-fill triggered, fetching back to 2025-01-15
15:17:13 | WARNING  | __main__:305 -   JINDALSAW: 50 sessions cached (need 260 for full return history) — gap-fill triggered, fetching back to 2025-01-15
15:17:13 | WARNING  | __main__:305 -   TATAPOWER: 50 sessions cached (need 260 for full return history) — gap-fill triggered, fetching back to 2025-01-15
15:17:13 | WARNING  | __main__:305 -   SPLPETRO: 50 sessions cached (need 260 for full return history) — gap-fill triggered, fetching back to 2025-01-15
15:17:13 | WARNING  | __main__:305 -   TATAELXSI: 50 sessions cached (need 260 for full return history) — gap-fill triggered, fetching back to 2025-01-15
15:17:13 | WARNING  | __main__:305 -   ACC: 50 sessions cached (need 260 for full return history) — gap-fill triggered, fetching back to 2025-01-15
15:17:13 | WARNING  | __main__:305 -   THERMAX: 50 sessions cached (need 260 for full return history) — gap-fill triggered, fetching back to 2025-01-15
15:17:13 | WARNING  | __main__:305 -   TORNTPHARM: 50 sessions cached (need 260 for full return history) — gap-fill triggered, fetching back to 2025-01-15
15:17:13 | WARNING  | __main__:305 -   AMBUJACEM: 50 sessions cached (need 260 for full return history) — gap-fill triggered, fetching back to 2025-01-15
15:17:13 | WARNING  | __main__:305 -   HINDALCO: 50 sessions cached (need 260 for full return history) — gap-fill triggered, fetching back to 2025-01-15
15:17:13 | WARNING  | __main__:305 -   FEDERALBNK: 50 sessions cached (need 260 for full return history) — gap-fill triggered, fetching back to 2025-01-15
15:17:13 | WARNING  | __main__:305 -   TATASTEEL: 50 sessions cached (need 260 for full return history) — gap-fill triggered, fetching back to 2025-01-15
15:17:13 | WARNING  | __main__:305 -   ASHOKLEY: 50 sessions cached (need 260 for full return history) — gap-fill triggered, fetching back to 2025-01-15
15:17:13 | WARNING  | __main__:305 -   CUMMINSIND: 50 sessions cached (need 260 for full return history) — gap-fill triggered, fetching back to 2025-01-15
15:17:13 | WARNING  | __main__:305 -   TATACOMM: 50 sessions cached (need 260 for full return history) — gap-fill triggered, fetching back to 2025-01-15
15:17:13 | WARNING  | __main__:305 -   ABBOTINDIA: 50 sessions cached (need 260 for full return history) — gap-fill triggered, fetching back to 2025-01-15
15:17:13 | WARNING  | __main__:305 -   BAJAJHLDNG: 50 sessions cached (need 260 for full return history) — gap-fill triggered, fetching back to 2025-01-15
15:17:13 | WARNING  | __main__:305 -   BHARATFORG: 50 sessions cached (need 260 for full return history) — gap-fill triggered, fetching back to 2025-01-15
15:17:13 | WARNING  | __main__:305 -   ESCORTS: 50 sessions cached (need 260 for full return history) — gap-fill triggered, fetching back to 2025-01-15
15:17:13 | WARNING  | __main__:305 -   LT: 50 sessions cached (need 260 for full return history) — gap-fill triggered, fetching back to 2025-01-15
15:17:13 | WARNING  | __main__:305 -   M&M: 50 sessions cached (need 260 for full return history) — gap-fill triggered, fetching back to 2025-01-15
15:17:13 | WARNING  | __main__:305 -   BOSCHLTD: 50 sessions cached (need 260 for full return history) — gap-fill triggered, fetching back to 2025-01-15
15:17:13 | WARNING  | __main__:305 -   BPCL: 50 sessions cached (need 260 for full return history) — gap-fill triggered, fetching back to 2025-01-15
15:17:13 | WARNING  | __main__:305 -   SIEMENS: 50 sessions cached (need 260 for full return history) — gap-fill triggered, fetching back to 2025-01-15
15:17:13 | WARNING  | __main__:305 -   TMPV: 50 sessions cached (need 260 for full return history) — gap-fill triggered, fetching back to 2025-01-15
15:17:13 | WARNING  | __main__:305 -   VOLTAS: 50 sessions cached (need 260 for full return history) — gap-fill triggered, fetching back to 2025-01-15
15:17:13 | WARNING  | __main__:305 -   GESHIP: 50 sessions cached (need 260 for full return history) — gap-fill triggered, fetching back to 2025-01-15
15:17:13 | WARNING  | __main__:305 -   DEEPAKFERT: 50 sessions cached (need 260 for full return history) — gap-fill triggered, fetching back to 2025-01-15
15:17:13 | WARNING  | __main__:305 -   GLAXO: 50 sessions cached (need 260 for full return history) — gap-fill triggered, fetching back to 2025-01-15
15:17:13 | WARNING  | __main__:305 -   PFIZER: 50 sessions cached (need 260 for full return history) — gap-fill triggered, fetching back to 2025-01-15
15:17:13 | WARNING  | __main__:305 -   HINDUNILVR: 50 sessions cached (need 260 for full return history) — gap-fill triggered, fetching back to 2025-01-15
15:17:13 | WARNING  | __main__:305 -   TATACHEM: 50 sessions cached (need 260 for full return history) — gap-fill triggered, fetching back to 2025-01-15
15:17:13 | WARNING  | __main__:305 -   NESTLEIND: 50 sessions cached (need 260 for full return history) — gap-fill triggered, fetching back to 2025-01-15
15:17:13 | WARNING  | __main__:305 -   TATACONSUM: 50 sessions cached (need 260 for full return history) — gap-fill triggered, fetching back to 2025-01-15
15:17:13 | WARNING  | __main__:305 -   ASIANPAINT: 50 sessions cached (need 260 for full return history) — gap-fill triggered, fetching back to 2025-01-15
15:17:13 | WARNING  | __main__:305 -   BRITANNIA: 50 sessions cached (need 260 for full return history) — gap-fill triggered, fetching back to 2025-01-15
15:17:13 | WARNING  | __main__:305 -   COLPAL: 50 sessions cached (need 260 for full return history) — gap-fill triggered, fetching back to 2025-01-15
15:17:13 | WARNING  | __main__:305 -   EIHOTEL: 50 sessions cached (need 260 for full return history) — gap-fill triggered, fetching back to 2025-01-15
15:17:13 | WARNING  | __main__:305 -   INDHOTEL: 50 sessions cached (need 260 for full return history) — gap-fill triggered, fetching back to 2025-01-15
15:17:13 | WARNING  | __main__:305 -   CASTROLIND: 50 sessions cached (need 260 for full return history) — gap-fill triggered, fetching back to 2025-01-15
15:17:13 | WARNING  | __main__:305 -   ITC: 50 sessions cached (need 260 for full return history) — gap-fill triggered, fetching back to 2025-01-15
15:17:13 | WARNING  | __main__:305 -   APOLLOTYRE: 50 sessions cached (need 260 for full return history) — gap-fill triggered, fetching back to 2025-01-15
15:17:13 | WARNING  | __main__:305 -   CEATLTD: 50 sessions cached (need 260 for full return history) — gap-fill triggered, fetching back to 2025-01-15
15:17:13 | WARNING  | __main__:305 -   TATAINVEST: 50 sessions cached (need 260 for full return history) — gap-fill triggered, fetching back to 2025-01-15
15:17:13 | WARNING  | __main__:305 -   CHOLAHLDNG: 50 sessions cached (need 260 for full return history) — gap-fill triggered, fetching back to 2025-01-15
15:17:13 | WARNING  | __main__:305 -   EICHERMOT: 50 sessions cached (need 260 for full return history) — gap-fill triggered, fetching back to 2025-01-15
15:17:13 | WARNING  | __main__:305 -   ELECON: 50 sessions cached (need 260 for full return history) — gap-fill triggered, fetching back to 2025-01-15
15:17:13 | WARNING  | __main__:305 -   SCHAEFFLER: 50 sessions cached (need 260 for full return history) — gap-fill triggered, fetching back to 2025-01-15
15:17:13 | WARNING  | __main__:305 -   COROMANDEL: 50 sessions cached (need 260 for full return history) — gap-fill triggered, fetching back to 2025-01-15
15:17:13 | WARNING  | __main__:305 -   JBCHEPHARM: 50 sessions cached (need 260 for full return history) — gap-fill triggered, fetching back to 2025-01-15
15:17:13 | WARNING  | __main__:305 -   WIPRO: 50 sessions cached (need 260 for full return history) — gap-fill triggered, fetching back to 2025-01-15
15:17:13 | WARNING  | __main__:305 -   GILLETTE: 50 sessions cached (need 260 for full return history) — gap-fill triggered, fetching back to 2025-01-15
15:17:13 | WARNING  | __main__:305 -   CANFINHOME: 50 sessions cached (need 260 for full return history) — gap-fill triggered, fetching back to 2025-01-15
15:17:13 | WARNING  | __main__:305 -   CHOLAFIN: 50 sessions cached (need 260 for full return history) — gap-fill triggered, fetching back to 2025-01-15
15:17:13 | WARNING  | __main__:305 -   NAVA: 50 sessions cached (need 260 for full return history) — gap-fill triggered, fetching back to 2025-01-15
15:17:13 | WARNING  | __main__:305 -   HINDCOPPER: 50 sessions cached (need 260 for full return history) — gap-fill triggered, fetching back to 2025-01-15
15:17:13 | WARNING  | __main__:305 -   WELSPUNLIV: 50 sessions cached (need 260 for full return history) — gap-fill triggered, fetching back to 2025-01-15
15:17:13 | WARNING  | __main__:305 -   ANANTRAJ: 50 sessions cached (need 260 for full return history) — gap-fill triggered, fetching back to 2025-01-15
15:17:13 | WARNING  | __main__:305 -   USHAMART: 50 sessions cached (need 260 for full return history) — gap-fill triggered, fetching back to 2025-01-15
15:17:13 | WARNING  | __main__:305 -   HONAUT: 50 sessions cached (need 260 for full return history) — gap-fill triggered, fetching back to 2025-01-15
15:17:13 | WARNING  | __main__:305 -   HBLENGINE: 50 sessions cached (need 260 for full return history) — gap-fill triggered, fetching back to 2025-01-15
15:17:13 | WARNING  | __main__:305 -   MOTHERSON: 50 sessions cached (need 260 for full return history) — gap-fill triggered, fetching back to 2025-01-15
15:17:13 | WARNING  | __main__:305 -   HAVELLS: 50 sessions cached (need 260 for full return history) — gap-fill triggered, fetching back to 2025-01-15
15:17:13 | WARNING  | __main__:305 -   CCL: 50 sessions cached (need 260 for full return history) — gap-fill triggered, fetching back to 2025-01-15
15:17:13 | WARNING  | __main__:305 -   TRIDENT: 50 sessions cached (need 260 for full return history) — gap-fill triggered, fetching back to 2025-01-15
15:17:13 | WARNING  | __main__:305 -   KPIL: 50 sessions cached (need 260 for full return history) — gap-fill triggered, fetching back to 2025-01-15
15:17:13 | WARNING  | __main__:305 -   PIIND: 50 sessions cached (need 260 for full return history) — gap-fill triggered, fetching back to 2025-01-15
15:17:13 | WARNING  | __main__:305 -   POONAWALLA: 50 sessions cached (need 260 for full return history) — gap-fill triggered, fetching back to 2025-01-15
15:17:13 | WARNING  | __main__:305 -   AARTIIND: 50 sessions cached (need 260 for full return history) — gap-fill triggered, fetching back to 2025-01-15
15:17:13 | WARNING  | __main__:305 -   IPCALAB: 50 sessions cached (need 260 for full return history) — gap-fill triggered, fetching back to 2025-01-15
15:17:13 | WARNING  | __main__:305 -   CAPLIPOINT: 50 sessions cached (need 260 for full return history) — gap-fill triggered, fetching back to 2025-01-15
15:17:13 | WARNING  | __main__:305 -   AUROPHARMA: 50 sessions cached (need 260 for full return history) — gap-fill triggered, fetching back to 2025-01-15
15:17:13 | WARNING  | __main__:305 -   NATCOPHARM: 50 sessions cached (need 260 for full return history) — gap-fill triggered, fetching back to 2025-01-15
15:17:13 | WARNING  | __main__:305 -   BLUEDART: 50 sessions cached (need 260 for full return history) — gap-fill triggered, fetching back to 2025-01-15
15:17:13 | WARNING  | __main__:305 -   INDIACEM: 50 sessions cached (need 260 for full return history) — gap-fill triggered, fetching back to 2025-01-15
15:17:13 | WARNING  | __main__:305 -   JKTYRE: 50 sessions cached (need 260 for full return history) — gap-fill triggered, fetching back to 2025-01-15
15:17:13 | WARNING  | __main__:305 -   MANAPPURAM: 50 sessions cached (need 260 for full return history) — gap-fill triggered, fetching back to 2025-01-15
15:17:13 | WARNING  | __main__:305 -   CONCOR: 50 sessions cached (need 260 for full return history) — gap-fill triggered, fetching back to 2025-01-15
15:17:13 | WARNING  | __main__:305 -   MARICO: 50 sessions cached (need 260 for full return history) — gap-fill triggered, fetching back to 2025-01-15
15:17:13 | WARNING  | __main__:305 -   POLYMED: 50 sessions cached (need 260 for full return history) — gap-fill triggered, fetching back to 2025-01-15
15:17:13 | WARNING  | __main__:305 -   BANKBARODA: 50 sessions cached (need 260 for full return history) — gap-fill triggered, fetching back to 2025-01-15
15:17:13 | WARNING  | __main__:305 -   BANKINDIA: 50 sessions cached (need 260 for full return history) — gap-fill triggered, fetching back to 2025-01-15
15:17:13 | WARNING  | __main__:305 -   CYIENT: 50 sessions cached (need 260 for full return history) — gap-fill triggered, fetching back to 2025-01-15
15:17:13 | WARNING  | __main__:305 -   ENGINERSIN: 50 sessions cached (need 260 for full return history) — gap-fill triggered, fetching back to 2025-01-15
15:17:13 | WARNING  | __main__:305 -   GMDCLTD: 50 sessions cached (need 260 for full return history) — gap-fill triggered, fetching back to 2025-01-15
15:17:13 | WARNING  | __main__:305 -   INDUSINDBK: 50 sessions cached (need 260 for full return history) — gap-fill triggered, fetching back to 2025-01-15
15:17:13 | WARNING  | __main__:305 -   J&KBANK: 50 sessions cached (need 260 for full return history) — gap-fill triggered, fetching back to 2025-01-15
15:17:13 | WARNING  | __main__:305 -   CUB: 50 sessions cached (need 260 for full return history) — gap-fill triggered, fetching back to 2025-01-15
15:17:13 | WARNING  | __main__:305 -   AXISBANK: 50 sessions cached (need 260 for full return history) — gap-fill triggered, fetching back to 2025-01-15
15:17:13 | WARNING  | __main__:305 -   SONATSOFTW: 50 sessions cached (need 260 for full return history) — gap-fill triggered, fetching back to 2025-01-15
15:17:13 | WARNING  | __main__:305 -   HCLTECH: 50 sessions cached (need 260 for full return history) — gap-fill triggered, fetching back to 2025-01-15
15:17:13 | WARNING  | __main__:305 -   IOB: 50 sessions cached (need 260 for full return history) — gap-fill triggered, fetching back to 2025-01-15
15:17:13 | WARNING  | __main__:305 -   BHARTIARTL: 50 sessions cached (need 260 for full return history) — gap-fill triggered, fetching back to 2025-01-15
15:17:13 | WARNING  | __main__:305 -   UNIONBANK: 50 sessions cached (need 260 for full return history) — gap-fill triggered, fetching back to 2025-01-15
15:17:13 | WARNING  | __main__:305 -   UCOBANK: 50 sessions cached (need 260 for full return history) — gap-fill triggered, fetching back to 2025-01-15
15:17:13 | WARNING  | __main__:305 -   ULTRACEMCO: 50 sessions cached (need 260 for full return history) — gap-fill triggered, fetching back to 2025-01-15
15:17:13 | WARNING  | __main__:305 -   KEC: 50 sessions cached (need 260 for full return history) — gap-fill triggered, fetching back to 2025-01-15
15:17:13 | WARNING  | __main__:305 -   GMRAIRPORT: 50 sessions cached (need 260 for full return history) — gap-fill triggered, fetching back to 2025-01-15
15:17:13 | WARNING  | __main__:305 -   TECHM: 50 sessions cached (need 260 for full return history) — gap-fill triggered, fetching back to 2025-01-15
15:17:13 | WARNING  | __main__:305 -   LTFOODS: 50 sessions cached (need 260 for full return history) — gap-fill triggered, fetching back to 2025-01-15
15:17:13 | WARNING  | __main__:305 -   PFC: 50 sessions cached (need 260 for full return history) — gap-fill triggered, fetching back to 2025-01-15
15:17:13 | WARNING  | __main__:305 -   IDEA: 50 sessions cached (need 260 for full return history) — gap-fill triggered, fetching back to 2025-01-15
15:17:13 | WARNING  | __main__:305 -   PAGEIND: 50 sessions cached (need 260 for full return history) — gap-fill triggered, fetching back to 2025-01-15
15:17:13 | WARNING  | __main__:305 -   DLF: 50 sessions cached (need 260 for full return history) — gap-fill triggered, fetching back to 2025-01-15
15:17:13 | WARNING  | __main__:305 -   CENTRALBK: 50 sessions cached (need 260 for full return history) — gap-fill triggered, fetching back to 2025-01-15
15:17:13 | WARNING  | __main__:305 -   TARIL: 50 sessions cached (need 260 for full return history) — gap-fill triggered, fetching back to 2025-01-15
15:17:13 | WARNING  | __main__:305 -   RPOWER: 50 sessions cached (need 260 for full return history) — gap-fill triggered, fetching back to 2025-01-15
15:17:13 | WARNING  | __main__:305 -   IRB: 50 sessions cached (need 260 for full return history) — gap-fill triggered, fetching back to 2025-01-15
15:17:13 | WARNING  | __main__:305 -   RECLTD: 50 sessions cached (need 260 for full return history) — gap-fill triggered, fetching back to 2025-01-15
15:17:13 | WARNING  | __main__:305 -   BAJAJ-AUTO: 50 sessions cached (need 260 for full return history) — gap-fill triggered, fetching back to 2025-01-15
15:17:13 | WARNING  | __main__:305 -   BAJAJFINSV: 50 sessions cached (need 260 for full return history) — gap-fill triggered, fetching back to 2025-01-15
15:17:13 | WARNING  | __main__:305 -   ZFCVINDIA: 50 sessions cached (need 260 for full return history) — gap-fill triggered, fetching back to 2025-01-15
15:17:13 | WARNING  | __main__:305 -   OIL: 50 sessions cached (need 260 for full return history) — gap-fill triggered, fetching back to 2025-01-15
15:17:13 | WARNING  | __main__:305 -   JSWENERGY: 50 sessions cached (need 260 for full return history) — gap-fill triggered, fetching back to 2025-01-15
15:17:13 | WARNING  | __main__:305 -   JWL: 50 sessions cached (need 260 for full return history) — gap-fill triggered, fetching back to 2025-01-15
15:17:13 | WARNING  | __main__:305 -   PRESTIGE: 50 sessions cached (need 260 for full return history) — gap-fill triggered, fetching back to 2025-01-15
15:17:13 | WARNING  | __main__:305 -   DALBHARAT: 50 sessions cached (need 260 for full return history) — gap-fill triggered, fetching back to 2025-01-15
15:17:13 | WARNING  | __main__:305 -   MUTHOOTFIN: 50 sessions cached (need 260 for full return history) — gap-fill triggered, fetching back to 2025-01-15
15:17:13 | WARNING  | __main__:305 -   LTF: 50 sessions cached (need 260 for full return history) — gap-fill triggered, fetching back to 2025-01-15
15:17:13 | WARNING  | __main__:305 -   FACT: 50 sessions cached (need 260 for full return history) — gap-fill triggered, fetching back to 2025-01-15
15:17:13 | WARNING  | __main__:305 -   DMART: 50 sessions cached (need 260 for full return history) — gap-fill triggered, fetching back to 2025-01-15
15:17:13 | WARNING  | __main__:305 -   CDSL: 50 sessions cached (need 260 for full return history) — gap-fill triggered, fetching back to 2025-01-15
15:17:13 | WARNING  | __main__:305 -   ERIS: 50 sessions cached (need 260 for full return history) — gap-fill triggered, fetching back to 2025-01-15
15:17:13 | WARNING  | __main__:305 -   COCHINSHIP: 50 sessions cached (need 260 for full return history) — gap-fill triggered, fetching back to 2025-01-15
15:17:13 | WARNING  | __main__:305 -   SBILIFE: 50 sessions cached (need 260 for full return history) — gap-fill triggered, fetching back to 2025-01-15
15:17:13 | WARNING  | __main__:305 -   GICRE: 50 sessions cached (need 260 for full return history) — gap-fill triggered, fetching back to 2025-01-15
15:17:13 | WARNING  | __main__:305 -   IEX: 50 sessions cached (need 260 for full return history) — gap-fill triggered, fetching back to 2025-01-15
15:17:13 | WARNING  | __main__:305 -   HDFCLIFE: 50 sessions cached (need 260 for full return history) — gap-fill triggered, fetching back to 2025-01-15
15:17:13 | WARNING  | __main__:305 -   AMBER: 50 sessions cached (need 260 for full return history) — gap-fill triggered, fetching back to 2025-01-15
15:17:13 | WARNING  | __main__:305 -   ASTERDM: 50 sessions cached (need 260 for full return history) — gap-fill triggered, fetching back to 2025-01-15
15:17:13 | WARNING  | __main__:305 -   BDL: 50 sessions cached (need 260 for full return history) — gap-fill triggered, fetching back to 2025-01-15
15:17:13 | WARNING  | __main__:305 -   HAL: 50 sessions cached (need 260 for full return history) — gap-fill triggered, fetching back to 2025-01-15
15:17:13 | WARNING  | __main__:305 -   RITES: 50 sessions cached (need 260 for full return history) — gap-fill triggered, fetching back to 2025-01-15
15:17:13 | WARNING  | __main__:305 -   IRCON: 50 sessions cached (need 260 for full return history) — gap-fill triggered, fetching back to 2025-01-15
15:17:13 | WARNING  | __main__:305 -   AAVAS: 50 sessions cached (need 260 for full return history) — gap-fill triggered, fetching back to 2025-01-15
15:17:13 | WARNING  | __main__:305 -   ATGL: 50 sessions cached (need 260 for full return history) — gap-fill triggered, fetching back to 2025-01-15
15:17:13 | WARNING  | __main__:305 -   CHALET: 50 sessions cached (need 260 for full return history) — gap-fill triggered, fetching back to 2025-01-15
15:17:13 | WARNING  | __main__:305 -   KPITTECH: 50 sessions cached (need 260 for full return history) — gap-fill triggered, fetching back to 2025-01-15
15:17:13 | WARNING  | __main__:305 -   INDIAMART: 50 sessions cached (need 260 for full return history) — gap-fill triggered, fetching back to 2025-01-15
15:17:13 | WARNING  | __main__:305 -   AFFLE: 50 sessions cached (need 260 for full return history) — gap-fill triggered, fetching back to 2025-01-15
15:17:13 | WARNING  | __main__:305 -   IRCTC: 50 sessions cached (need 260 for full return history) — gap-fill triggered, fetching back to 2025-01-15
15:17:13 | WARNING  | __main__:305 -   SUMICHEM: 50 sessions cached (need 260 for full return history) — gap-fill triggered, fetching back to 2025-01-15
15:17:13 | WARNING  | __main__:305 -   COHANCE: 50 sessions cached (need 260 for full return history) — gap-fill triggered, fetching back to 2025-01-15
15:17:13 | WARNING  | __main__:305 -   POWERINDIA: 50 sessions cached (need 260 for full return history) — gap-fill triggered, fetching back to 2025-01-15
15:17:13 | WARNING  | __main__:305 -   MAZDOCK: 50 sessions cached (need 260 for full return history) — gap-fill triggered, fetching back to 2025-01-15
15:17:13 | WARNING  | __main__:305 -   GLAND: 50 sessions cached (need 260 for full return history) — gap-fill triggered, fetching back to 2025-01-15
15:17:13 | WARNING  | __main__:305 -   RAILTEL: 50 sessions cached (need 260 for full return history) — gap-fill triggered, fetching back to 2025-01-15
15:17:13 | WARNING  | __main__:305 -   JUBLINGREA: 50 sessions cached (need 260 for full return history) — gap-fill triggered, fetching back to 2025-01-15
15:17:13 | WARNING  | __main__:305 -   ANURAS: 50 sessions cached (need 260 for full return history) — gap-fill triggered, fetching back to 2025-01-15
15:17:13 | WARNING  | __main__:305 -   KALYANKJIL: 50 sessions cached (need 260 for full return history) — gap-fill triggered, fetching back to 2025-01-15
15:17:13 | WARNING  | __main__:305 -   LODHA: 50 sessions cached (need 260 for full return history) — gap-fill triggered, fetching back to 2025-01-15
15:17:13 | WARNING  | __main__:305 -   CLEAN: 50 sessions cached (need 260 for full return history) — gap-fill triggered, fetching back to 2025-01-15
15:17:13 | WARNING  | __main__:305 -   ACUTAAS: 50 sessions cached (need 260 for full return history) — gap-fill triggered, fetching back to 2025-01-15
15:17:13 | WARNING  | __main__:305 -   POLICYBZR: 50 sessions cached (need 260 for full return history) — gap-fill triggered, fetching back to 2025-01-15
15:17:13 | WARNING  | __main__:305 -   SAPPHIRE: 50 sessions cached (need 260 for full return history) — gap-fill triggered, fetching back to 2025-01-15
15:17:13 | WARNING  | __main__:305 -   AWL: 50 sessions cached (need 260 for full return history) — gap-fill triggered, fetching back to 2025-01-15
15:17:13 | WARNING  | __main__:305 -   MEDANTA: 50 sessions cached (need 260 for full return history) — gap-fill triggered, fetching back to 2025-01-15
15:17:13 | WARNING  | __main__:305 -   NETWEB: 50 sessions cached (need 260 for full return history) — gap-fill triggered, fetching back to 2025-01-15
15:17:13 | WARNING  | __main__:305 -   RRKABEL: 50 sessions cached (need 260 for full return history) — gap-fill triggered, fetching back to 2025-01-15
15:17:13 | WARNING  | __main__:305 -   NUVAMA: 50 sessions cached (need 260 for full return history) — gap-fill triggered, fetching back to 2025-01-15
15:17:13 | WARNING  | __main__:305 -   BLUEJET: 50 sessions cached (need 260 for full return history) — gap-fill triggered, fetching back to 2025-01-15
15:17:13 | WARNING  | __main__:305 -   HONASA: 50 sessions cached (need 260 for full return history) — gap-fill triggered, fetching back to 2025-01-15
15:17:13 | WARNING  | __main__:305 -   TATATECH: 50 sessions cached (need 260 for full return history) — gap-fill triggered, fetching back to 2025-01-15
15:17:13 | WARNING  | __main__:305 -   DOMS: 50 sessions cached (need 260 for full return history) — gap-fill triggered, fetching back to 2025-01-15
15:17:13 | WARNING  | __main__:305 -   BHARTIHEXA: 50 sessions cached (need 260 for full return history) — gap-fill triggered, fetching back to 2025-01-15
15:17:13 | WARNING  | __main__:305 -   INDGN: 50 sessions cached (need 260 for full return history) — gap-fill triggered, fetching back to 2025-01-15
15:17:13 | WARNING  | __main__:305 -   AADHARHFC: 50 sessions cached (need 260 for full return history) — gap-fill triggered, fetching back to 2025-01-15
15:17:13 | WARNING  | __main__:305 -   HYUNDAI: 50 sessions cached (need 260 for full return history) — gap-fill triggered, fetching back to 2025-01-15
15:17:13 | WARNING  | __main__:305 -   WAAREEENER: 50 sessions cached (need 260 for full return history) — gap-fill triggered, fetching back to 2025-01-15
15:17:13 | WARNING  | __main__:305 -   SAGILITY: 50 sessions cached (need 260 for full return history) — gap-fill triggered, fetching back to 2025-01-15
15:17:13 | WARNING  | __main__:305 -   VMM: 50 sessions cached (need 260 for full return history) — gap-fill triggered, fetching back to 2025-01-15
15:17:13 | WARNING  | __main__:305 -   IKS: 50 sessions cached (need 260 for full return history) — gap-fill triggered, fetching back to 2025-01-15
15:17:13 | WARNING  | __main__:305 -   IGIL: 50 sessions cached (need 260 for full return history) — gap-fill triggered, fetching back to 2025-01-15
15:17:13 | WARNING  | __main__:305 -   ITCHOTELS: 50 sessions cached (need 260 for full return history) — gap-fill triggered, fetching back to 2025-01-15
15:17:13 | WARNING  | __main__:305 -   HDBFS: 50 sessions cached (need 260 for full return history) — gap-fill triggered, fetching back to 2025-01-15
15:17:13 | WARNING  | __main__:305 -   ANTHEM: 50 sessions cached (need 260 for full return history) — gap-fill triggered, fetching back to 2025-01-15
15:17:13 | WARNING  | __main__:305 -   CPPLUS: 50 sessions cached (need 260 for full return history) — gap-fill triggered, fetching back to 2025-01-15
15:17:13 | WARNING  | __main__:305 -   GROWW: 50 sessions cached (need 260 for full return history) — gap-fill triggered, fetching back to 2025-01-15
15:17:13 | WARNING  | __main__:305 -   TENNIND: 50 sessions cached (need 260 for full return history) — gap-fill triggered, fetching back to 2025-01-15
15:17:13 | WARNING  | __main__:305 -   MEESHO: 50 sessions cached (need 260 for full return history) — gap-fill triggered, fetching back to 2025-01-15
15:17:13 | INFO     | __main__:322 -   price_history_yf: 0 sufficient | 0 tail-refresh | 500 gap-fill (partial history) | 0 full fetch (new symbols)
15:17:13 | INFO     | __main__:359 -   yfinance: 0 new symbol + 500 gap-fill + 0 tail fetches...
15:17:34 | INFO     | __main__:473 -   Caching 154116 new rows to price_history_yf...
15:17:57 | INFO     | __main__:479 -   Cached successfully — 154116 rows written
15:17:57 | INFO     | __main__:491 -   fetch_bulk_history_yf complete: 500 symbols loaded | 154116 total sessions | 500 symbols fetched from yfinance
15:17:57 | INFO     | __main__:541 -   Upcoming events: 343 symbols with events in next 30d
15:17:57 | INFO     | __main__:565 -   MSL symbols: 44 in shortlist
15:17:57 | INFO     | __main__:589 -   Index membership: 600 symbols mapped
15:17:58 | INFO     | __main__:627 -   raw_prices: 499 symbols with delivery/value data
15:17:58 | INFO     | __main__:1105 -   Nifty 1M return: 3.8203%
15:17:58 | INFO     | __main__:1112 - Pass 2: computing and reconciling...
15:17:58 | INFO     | __main__:1165 - =================================================================
15:17:58 | INFO     | __main__:1166 - COMPUTE INDICATORS SUMMARY — 2026-04-30 — COMPUTE_ONLY
15:17:58 | INFO     | __main__:1167 -   Symbols: 500 processed | 0 skipped
15:17:58 | INFO     | __main__:1191 - =================================================================
15:17:58 | INFO     | __main__:1207 - Pass 3: writing 500 rows to stock_data_daily...
15:17:59 | SUCCESS  | __main__:1215 - compute_indicators: 500 written | 0 skipped | 0 diverged field types requiring review
16:25:47 | INFO     | config:189 - TradeOS v6 config loaded | Capital=₹200,000 | DRY_RUN=False | Phase=2
16:25:47 | INFO     | __main__:1055 - compute_indicators v2.3 — 2026-05-03 — COMPUTE_ONLY
16:25:48 | INFO     | __main__:1035 -   Resolved trading date: 2026-05-03 → 2026-04-30
16:25:48 | INFO     | __main__:1068 - Pass 1: bulk data fetch...
16:25:48 | INFO     | __main__:502 -   chartink_raw_data: 500 rows
16:25:48 | INFO     | __main__:211 -   fetch_bulk_history_yf: checking price_history_yf cache (500 symbols) | cutoff=2025-01-15...
16:25:50 | INFO     | __main__:263 -   Today OHLCV seeded from chartink: 500 symbols | tail calls eliminated for current symbols
16:25:50 | WARNING  | __main__:295 -   ATHERENERG: 246 sessions cached (need 260 for full return history) — gap-fill triggered, fetching back to 2025-01-15
16:25:50 | WARNING  | __main__:295 -   JAINREC: 140 sessions cached (need 260 for full return history) — gap-fill triggered, fetching back to 2025-01-15
16:25:50 | WARNING  | __main__:295 -   TATACAP: 135 sessions cached (need 260 for full return history) — gap-fill triggered, fetching back to 2025-01-15
16:25:50 | WARNING  | __main__:295 -   PIRAMALFIN: 116 sessions cached (need 260 for full return history) — gap-fill triggered, fetching back to 2025-01-15
16:25:50 | WARNING  | __main__:295 -   ICICIAMC: 88 sessions cached (need 260 for full return history) — gap-fill triggered, fetching back to 2025-01-15
16:25:50 | WARNING  | __main__:295 -   JSWCEMENT: 174 sessions cached (need 260 for full return history) — gap-fill triggered, fetching back to 2025-01-15
16:25:50 | WARNING  | __main__:295 -   LGEINDIA: 134 sessions cached (need 260 for full return history) — gap-fill triggered, fetching back to 2025-01-15
16:25:50 | WARNING  | __main__:295 -   BELRISE: 230 sessions cached (need 260 for full return history) — gap-fill triggered, fetching back to 2025-01-15
16:25:50 | WARNING  | __main__:295 -   ENRIN: 212 sessions cached (need 260 for full return history) — gap-fill triggered, fetching back to 2025-01-15
16:25:50 | WARNING  | __main__:295 -   ABLBL: 210 sessions cached (need 260 for full return history) — gap-fill triggered, fetching back to 2025-01-15
16:25:50 | WARNING  | __main__:295 -   LENSKART: 117 sessions cached (need 260 for full return history) — gap-fill triggered, fetching back to 2025-01-15
16:25:50 | WARNING  | __main__:295 -   PWL: 110 sessions cached (need 260 for full return history) — gap-fill triggered, fetching back to 2025-01-15
16:25:50 | WARNING  | __main__:295 -   LTM: 47 sessions cached (need 260 for full return history) — gap-fill triggered, fetching back to 2025-01-15
16:25:50 | WARNING  | __main__:295 -   TMCV: 115 sessions cached (need 260 for full return history) — gap-fill triggered, fetching back to 2025-01-15
16:25:50 | WARNING  | __main__:295 -   PINELABS: 113 sessions cached (need 260 for full return history) — gap-fill triggered, fetching back to 2025-01-15
16:25:50 | WARNING  | __main__:295 -   URBANCO: 152 sessions cached (need 260 for full return history) — gap-fill triggered, fetching back to 2025-01-15
16:25:50 | WARNING  | __main__:295 -   CANHLIFE: 129 sessions cached (need 260 for full return history) — gap-fill triggered, fetching back to 2025-01-15
16:25:50 | WARNING  | __main__:295 -   TRAVELFOOD: 197 sessions cached (need 260 for full return history) — gap-fill triggered, fetching back to 2025-01-15
16:25:50 | WARNING  | __main__:295 -   HEALTHCARE: 49 sessions cached (need 260 for full return history) — gap-fill triggered, fetching back to 2025-01-15
16:25:50 | WARNING  | __main__:295 -   THELEELA: 225 sessions cached (need 260 for full return history) — gap-fill triggered, fetching back to 2025-01-15
16:25:50 | WARNING  | __main__:295 -   AEGISVOPAK: 227 sessions cached (need 260 for full return history) — gap-fill triggered, fetching back to 2025-01-15
16:25:50 | WARNING  | __main__:295 -   CEMPRO: 156 sessions cached (need 260 for full return history) — gap-fill triggered, fetching back to 2025-01-15
16:25:50 | WARNING  | __main__:295 -   EMMVEE: 111 sessions cached (need 260 for full return history) — gap-fill triggered, fetching back to 2025-01-15
16:25:50 | WARNING  | __main__:295 -   TMPV: 132 sessions cached (need 260 for full return history) — gap-fill triggered, fetching back to 2025-01-15
16:25:50 | WARNING  | __main__:295 -   COHANCE: 243 sessions cached (need 260 for full return history) — gap-fill triggered, fetching back to 2025-01-15
16:25:50 | WARNING  | __main__:295 -   ACUTAAS: 226 sessions cached (need 260 for full return history) — gap-fill triggered, fetching back to 2025-01-15
16:25:50 | WARNING  | __main__:295 -   HDBFS: 205 sessions cached (need 260 for full return history) — gap-fill triggered, fetching back to 2025-01-15
16:25:50 | WARNING  | __main__:295 -   ANTHEM: 192 sessions cached (need 260 for full return history) — gap-fill triggered, fetching back to 2025-01-15
16:25:50 | WARNING  | __main__:295 -   CPPLUS: 181 sessions cached (need 260 for full return history) — gap-fill triggered, fetching back to 2025-01-15
16:25:50 | WARNING  | __main__:295 -   GROWW: 115 sessions cached (need 260 for full return history) — gap-fill triggered, fetching back to 2025-01-15
16:25:50 | WARNING  | __main__:295 -   TENNIND: 110 sessions cached (need 260 for full return history) — gap-fill triggered, fetching back to 2025-01-15
16:25:50 | WARNING  | __main__:295 -   MEESHO: 95 sessions cached (need 260 for full return history) — gap-fill triggered, fetching back to 2025-01-15
16:25:50 | INFO     | __main__:312 -   price_history_yf: 468 sufficient | 0 tail-refresh | 32 gap-fill (partial history) | 0 full fetch (new symbols)
16:26:00 | INFO     | __main__:356 -   yfinance: 0 new symbol + 32 gap-fill + 0 tail fetches...
16:26:01 | INFO     | __main__:470 -   Caching 4932 new rows to price_history_yf...
16:26:02 | INFO     | __main__:476 -   Cached successfully — 4932 rows written
16:26:02 | INFO     | __main__:488 -   fetch_bulk_history_yf complete: 500 symbols loaded | 154116 total sessions | 32 symbols fetched from yfinance
16:26:02 | INFO     | __main__:538 -   Upcoming events: 343 symbols with events in next 30d
16:26:02 | INFO     | __main__:562 -   MSL symbols: 44 in shortlist
16:26:02 | INFO     | __main__:586 -   Index membership: 600 symbols mapped
16:26:02 | INFO     | __main__:624 -   raw_prices: 499 symbols with delivery/value data
16:26:02 | INFO     | __main__:1102 -   Nifty 1M return: 3.8203%
16:26:02 | INFO     | __main__:1109 - Pass 2: computing and reconciling...
16:26:02 | INFO     | __main__:1162 - =================================================================
16:26:02 | INFO     | __main__:1163 - COMPUTE INDICATORS SUMMARY — 2026-04-30 — COMPUTE_ONLY
16:26:02 | INFO     | __main__:1164 -   Symbols: 500 processed | 0 skipped
16:26:02 | INFO     | __main__:1188 - =================================================================
16:26:02 | INFO     | __main__:1204 - Pass 3: writing 500 rows to stock_data_daily...
16:26:04 | SUCCESS  | __main__:1212 - compute_indicators: 500 written | 0 skipped | 0 diverged field types requiring review
16:26:20 | INFO     | config:189 - TradeOS v6 config loaded | Capital=₹200,000 | DRY_RUN=False | Phase=2
16:26:20 | INFO     | __main__:1055 - compute_indicators v2.3 — 2026-05-03 — COMPUTE_ONLY
16:26:20 | INFO     | __main__:1035 -   Resolved trading date: 2026-05-03 → 2026-04-30
16:26:20 | INFO     | __main__:1068 - Pass 1: bulk data fetch...
16:26:20 | INFO     | __main__:502 -   chartink_raw_data: 500 rows
16:26:20 | INFO     | __main__:211 -   fetch_bulk_history_yf: checking price_history_yf cache (500 symbols) | cutoff=2025-01-15...
16:26:21 | INFO     | __main__:263 -   Today OHLCV seeded from chartink: 500 symbols | tail calls eliminated for current symbols
16:26:21 | WARNING  | __main__:295 -   ATHERENERG: 246 sessions cached (need 260 for full return history) — gap-fill triggered, fetching back to 2025-01-15
16:26:21 | WARNING  | __main__:295 -   JAINREC: 140 sessions cached (need 260 for full return history) — gap-fill triggered, fetching back to 2025-01-15
16:26:21 | WARNING  | __main__:295 -   TATACAP: 135 sessions cached (need 260 for full return history) — gap-fill triggered, fetching back to 2025-01-15
16:26:21 | WARNING  | __main__:295 -   PIRAMALFIN: 116 sessions cached (need 260 for full return history) — gap-fill triggered, fetching back to 2025-01-15
16:26:21 | WARNING  | __main__:295 -   ICICIAMC: 88 sessions cached (need 260 for full return history) — gap-fill triggered, fetching back to 2025-01-15
16:26:21 | WARNING  | __main__:295 -   JSWCEMENT: 174 sessions cached (need 260 for full return history) — gap-fill triggered, fetching back to 2025-01-15
16:26:21 | WARNING  | __main__:295 -   LGEINDIA: 134 sessions cached (need 260 for full return history) — gap-fill triggered, fetching back to 2025-01-15
16:26:21 | WARNING  | __main__:295 -   BELRISE: 230 sessions cached (need 260 for full return history) — gap-fill triggered, fetching back to 2025-01-15
16:26:21 | WARNING  | __main__:295 -   ENRIN: 212 sessions cached (need 260 for full return history) — gap-fill triggered, fetching back to 2025-01-15
16:26:21 | WARNING  | __main__:295 -   ABLBL: 210 sessions cached (need 260 for full return history) — gap-fill triggered, fetching back to 2025-01-15
16:26:21 | WARNING  | __main__:295 -   LENSKART: 117 sessions cached (need 260 for full return history) — gap-fill triggered, fetching back to 2025-01-15
16:26:21 | WARNING  | __main__:295 -   PWL: 110 sessions cached (need 260 for full return history) — gap-fill triggered, fetching back to 2025-01-15
16:26:21 | WARNING  | __main__:295 -   LTM: 47 sessions cached (need 260 for full return history) — gap-fill triggered, fetching back to 2025-01-15
16:26:21 | WARNING  | __main__:295 -   TMCV: 115 sessions cached (need 260 for full return history) — gap-fill triggered, fetching back to 2025-01-15
16:26:21 | WARNING  | __main__:295 -   PINELABS: 113 sessions cached (need 260 for full return history) — gap-fill triggered, fetching back to 2025-01-15
16:26:21 | WARNING  | __main__:295 -   URBANCO: 152 sessions cached (need 260 for full return history) — gap-fill triggered, fetching back to 2025-01-15
16:26:21 | WARNING  | __main__:295 -   CANHLIFE: 129 sessions cached (need 260 for full return history) — gap-fill triggered, fetching back to 2025-01-15
16:26:21 | WARNING  | __main__:295 -   TRAVELFOOD: 197 sessions cached (need 260 for full return history) — gap-fill triggered, fetching back to 2025-01-15
16:26:21 | WARNING  | __main__:295 -   HEALTHCARE: 49 sessions cached (need 260 for full return history) — gap-fill triggered, fetching back to 2025-01-15
16:26:21 | WARNING  | __main__:295 -   THELEELA: 225 sessions cached (need 260 for full return history) — gap-fill triggered, fetching back to 2025-01-15
16:26:21 | WARNING  | __main__:295 -   AEGISVOPAK: 227 sessions cached (need 260 for full return history) — gap-fill triggered, fetching back to 2025-01-15
16:26:21 | WARNING  | __main__:295 -   CEMPRO: 156 sessions cached (need 260 for full return history) — gap-fill triggered, fetching back to 2025-01-15
16:26:21 | WARNING  | __main__:295 -   EMMVEE: 111 sessions cached (need 260 for full return history) — gap-fill triggered, fetching back to 2025-01-15
16:26:21 | WARNING  | __main__:295 -   TMPV: 132 sessions cached (need 260 for full return history) — gap-fill triggered, fetching back to 2025-01-15
16:26:21 | WARNING  | __main__:295 -   COHANCE: 243 sessions cached (need 260 for full return history) — gap-fill triggered, fetching back to 2025-01-15
16:26:21 | WARNING  | __main__:295 -   ACUTAAS: 226 sessions cached (need 260 for full return history) — gap-fill triggered, fetching back to 2025-01-15
16:26:21 | WARNING  | __main__:295 -   HDBFS: 205 sessions cached (need 260 for full return history) — gap-fill triggered, fetching back to 2025-01-15
16:26:21 | WARNING  | __main__:295 -   ANTHEM: 192 sessions cached (need 260 for full return history) — gap-fill triggered, fetching back to 2025-01-15
16:26:21 | WARNING  | __main__:295 -   CPPLUS: 181 sessions cached (need 260 for full return history) — gap-fill triggered, fetching back to 2025-01-15
16:26:21 | WARNING  | __main__:295 -   GROWW: 115 sessions cached (need 260 for full return history) — gap-fill triggered, fetching back to 2025-01-15
16:26:21 | WARNING  | __main__:295 -   TENNIND: 110 sessions cached (need 260 for full return history) — gap-fill triggered, fetching back to 2025-01-15
16:26:21 | WARNING  | __main__:295 -   MEESHO: 95 sessions cached (need 260 for full return history) — gap-fill triggered, fetching back to 2025-01-15
16:26:21 | INFO     | __main__:312 -   price_history_yf: 468 sufficient | 0 tail-refresh | 32 gap-fill (partial history) | 0 full fetch (new symbols)
16:26:28 | INFO     | __main__:356 -   yfinance: 0 new symbol + 32 gap-fill + 0 tail fetches...
16:26:30 | INFO     | __main__:470 -   Caching 4932 new rows to price_history_yf...
16:26:31 | INFO     | __main__:476 -   Cached successfully — 4932 rows written
16:26:31 | INFO     | __main__:488 -   fetch_bulk_history_yf complete: 500 symbols loaded | 154116 total sessions | 32 symbols fetched from yfinance
16:26:31 | INFO     | __main__:538 -   Upcoming events: 343 symbols with events in next 30d
16:26:31 | INFO     | __main__:562 -   MSL symbols: 44 in shortlist
16:26:31 | INFO     | __main__:586 -   Index membership: 600 symbols mapped
16:26:31 | INFO     | __main__:624 -   raw_prices: 499 symbols with delivery/value data
16:26:31 | INFO     | __main__:1102 -   Nifty 1M return: 3.8203%
16:26:31 | INFO     | __main__:1109 - Pass 2: computing and reconciling...
16:26:31 | INFO     | __main__:1162 - =================================================================
16:26:31 | INFO     | __main__:1163 - COMPUTE INDICATORS SUMMARY — 2026-04-30 — COMPUTE_ONLY
16:26:31 | INFO     | __main__:1164 -   Symbols: 500 processed | 0 skipped
16:26:31 | INFO     | __main__:1188 - =================================================================
16:26:31 | INFO     | __main__:1204 - Pass 3: writing 500 rows to stock_data_daily...
16:26:32 | SUCCESS  | __main__:1212 - compute_indicators: 500 written | 0 skipped | 0 diverged field types requiring review
16:29:41 | INFO     | config:189 - TradeOS v6 config loaded | Capital=₹200,000 | DRY_RUN=False | Phase=2
16:29:41 | INFO     | __main__:1060 - compute_indicators v2.3 — 2026-05-03 — COMPUTE_ONLY
16:29:41 | INFO     | __main__:1040 -   Resolved trading date: 2026-05-03 → 2026-04-30
16:29:41 | INFO     | __main__:1073 - Pass 1: bulk data fetch...
16:29:42 | INFO     | __main__:507 -   chartink_raw_data: 500 rows
16:29:42 | INFO     | __main__:211 -   fetch_bulk_history_yf: checking price_history_yf cache (500 symbols) | cutoff=2025-01-15...
16:29:44 | INFO     | __main__:263 -   Today OHLCV seeded from chartink: 500 symbols | tail calls eliminated for current symbols
16:29:44 | WARNING  | __main__:303 -   ATHERENERG: 246 sessions cached (need 260) — gap-fill triggered
16:29:44 | WARNING  | __main__:303 -   JAINREC: 140 sessions cached (need 260) — gap-fill triggered
16:29:44 | WARNING  | __main__:303 -   TATACAP: 135 sessions cached (need 260) — gap-fill triggered
16:29:44 | WARNING  | __main__:303 -   PIRAMALFIN: 116 sessions cached (need 260) — gap-fill triggered
16:29:44 | WARNING  | __main__:303 -   ICICIAMC: 88 sessions cached (need 260) — gap-fill triggered
16:29:44 | WARNING  | __main__:303 -   JSWCEMENT: 174 sessions cached (need 260) — gap-fill triggered
16:29:44 | WARNING  | __main__:303 -   LGEINDIA: 134 sessions cached (need 260) — gap-fill triggered
16:29:44 | WARNING  | __main__:303 -   BELRISE: 230 sessions cached (need 260) — gap-fill triggered
16:29:44 | WARNING  | __main__:303 -   ENRIN: 212 sessions cached (need 260) — gap-fill triggered
16:29:44 | WARNING  | __main__:303 -   ABLBL: 210 sessions cached (need 260) — gap-fill triggered
16:29:44 | WARNING  | __main__:303 -   LENSKART: 117 sessions cached (need 260) — gap-fill triggered
16:29:44 | WARNING  | __main__:303 -   PWL: 110 sessions cached (need 260) — gap-fill triggered
16:29:44 | WARNING  | __main__:303 -   LTM: 47 sessions cached (need 260) — gap-fill triggered
16:29:44 | WARNING  | __main__:303 -   TMCV: 115 sessions cached (need 260) — gap-fill triggered
16:29:44 | WARNING  | __main__:303 -   PINELABS: 113 sessions cached (need 260) — gap-fill triggered
16:29:44 | WARNING  | __main__:303 -   URBANCO: 152 sessions cached (need 260) — gap-fill triggered
16:29:44 | WARNING  | __main__:303 -   CANHLIFE: 129 sessions cached (need 260) — gap-fill triggered
16:29:44 | WARNING  | __main__:303 -   TRAVELFOOD: 197 sessions cached (need 260) — gap-fill triggered
16:29:44 | WARNING  | __main__:303 -   HEALTHCARE: 49 sessions cached (need 260) — gap-fill triggered
16:29:44 | WARNING  | __main__:303 -   THELEELA: 225 sessions cached (need 260) — gap-fill triggered
16:29:44 | WARNING  | __main__:303 -   AEGISVOPAK: 227 sessions cached (need 260) — gap-fill triggered
16:29:44 | WARNING  | __main__:303 -   CEMPRO: 156 sessions cached (need 260) — gap-fill triggered
16:29:44 | WARNING  | __main__:303 -   EMMVEE: 111 sessions cached (need 260) — gap-fill triggered
16:29:44 | WARNING  | __main__:303 -   TMPV: 132 sessions cached (need 260) — gap-fill triggered
16:29:44 | WARNING  | __main__:303 -   COHANCE: 243 sessions cached (need 260) — gap-fill triggered
16:29:44 | WARNING  | __main__:303 -   ACUTAAS: 226 sessions cached (need 260) — gap-fill triggered
16:29:44 | WARNING  | __main__:303 -   HDBFS: 205 sessions cached (need 260) — gap-fill triggered
16:29:44 | WARNING  | __main__:303 -   ANTHEM: 192 sessions cached (need 260) — gap-fill triggered
16:29:44 | WARNING  | __main__:303 -   CPPLUS: 181 sessions cached (need 260) — gap-fill triggered
16:29:44 | WARNING  | __main__:303 -   GROWW: 115 sessions cached (need 260) — gap-fill triggered
16:29:44 | WARNING  | __main__:303 -   TENNIND: 110 sessions cached (need 260) — gap-fill triggered
16:29:44 | WARNING  | __main__:303 -   MEESHO: 95 sessions cached (need 260) — gap-fill triggered
16:29:44 | INFO     | __main__:317 -   price_history_yf: 0 sufficient | 0 tail-refresh | 32 gap-fill (partial history) | 0 full fetch (new symbols)
16:29:44 | INFO     | __main__:361 -   yfinance: 0 new symbol + 32 gap-fill + 0 tail fetches...
16:29:46 | INFO     | __main__:475 -   Caching 4932 new rows to price_history_yf...
16:29:47 | INFO     | __main__:481 -   Cached successfully — 4932 rows written
16:29:47 | INFO     | __main__:493 -   fetch_bulk_history_yf complete: 32 symbols loaded | 4932 total sessions | 32 symbols fetched from yfinance
16:29:47 | INFO     | __main__:543 -   Upcoming events: 343 symbols with events in next 30d
16:29:47 | INFO     | __main__:567 -   MSL symbols: 44 in shortlist
16:29:47 | INFO     | __main__:591 -   Index membership: 600 symbols mapped
16:29:47 | INFO     | __main__:629 -   raw_prices: 499 symbols with delivery/value data
16:29:47 | INFO     | __main__:1107 -   Nifty 1M return: 3.8203%
16:29:47 | INFO     | __main__:1114 - Pass 2: computing and reconciling...
16:29:47 | INFO     | __main__:1167 - =================================================================
16:29:47 | INFO     | __main__:1168 - COMPUTE INDICATORS SUMMARY — 2026-04-30 — COMPUTE_ONLY
16:29:47 | INFO     | __main__:1169 -   Symbols: 500 processed | 0 skipped
16:29:47 | INFO     | __main__:1193 - =================================================================
16:29:47 | INFO     | __main__:1209 - Pass 3: writing 500 rows to stock_data_daily...
16:29:48 | SUCCESS  | __main__:1217 - compute_indicators: 500 written | 0 skipped | 0 diverged field types requiring review
16:41:59 | INFO     | config:189 - TradeOS v6 config loaded | Capital=₹200,000 | DRY_RUN=False | Phase=2
16:41:59 | INFO     | __main__:1093 - compute_indicators v2.3 — 2026-05-03 — COMPUTE_ONLY
16:41:59 | INFO     | __main__:1062 -   Resolved trading date: 2026-05-03 → 2026-04-30
16:41:59 | INFO     | __main__:1106 - Pass 1: bulk data fetch...
16:41:59 | INFO     | __main__:529 -   chartink_raw_data: 500 rows
16:41:59 | INFO     | __main__:211 -   fetch_bulk_history_yf: checking price_history_yf cache (500 symbols) | cutoff=2025-01-15...
16:42:02 | INFO     | __main__:260 -   Today OHLCV seeded from chartink: 500 symbols | tail calls eliminated for current symbols
16:42:02 | INFO     | __main__:334 -   price_history_yf: 468 sufficient | 0 tail-refresh | 0 gap-fill (genuine cache gaps) | 32 young listings (cache complete, skipping yfinance) | 0 full fetch (new symbols)
  ✓ yfinance not needed — all symbols sufficient and current
16:42:11 | INFO     | __main__:515 -   fetch_bulk_history_yf complete: 500 symbols loaded | 154116 total sessions | 0 symbols fetched from yfinance
16:42:12 | INFO     | __main__:565 -   Upcoming events: 343 symbols with events in next 30d
16:42:12 | INFO     | __main__:589 -   MSL symbols: 44 in shortlist
16:42:12 | INFO     | __main__:613 -   Index membership: 600 symbols mapped
16:42:12 | INFO     | __main__:651 -   raw_prices: 499 symbols with delivery/value data
16:42:12 | INFO     | __main__:1140 -   Nifty 1M return: 3.8203%
16:42:12 | INFO     | __main__:1147 - Pass 2: computing and reconciling...
16:42:12 | INFO     | __main__:1200 - =================================================================
16:42:12 | INFO     | __main__:1201 - COMPUTE INDICATORS SUMMARY — 2026-04-30 — COMPUTE_ONLY
16:42:12 | INFO     | __main__:1202 -   Symbols: 500 processed | 0 skipped
16:42:12 | INFO     | __main__:1226 - =================================================================
16:42:12 | INFO     | __main__:1242 - Pass 3: writing 500 rows to stock_data_daily...
16:42:13 | SUCCESS  | __main__:1250 - compute_indicators: 500 written | 0 skipped | 0 diverged field types requiring review
16:51:35 | INFO     | config:189 - TradeOS v6 config loaded | Capital=₹200,000 | DRY_RUN=False | Phase=2
16:51:35 | INFO     | __main__:1123 - compute_indicators v2.3 — 2026-05-03 — COMPUTE_ONLY
16:51:35 | INFO     | __main__:1092 -   Resolved trading date: 2026-05-03 → 2026-04-30
16:51:35 | INFO     | __main__:1136 - Pass 1: bulk data fetch...
16:51:36 | INFO     | __main__:559 -   chartink_raw_data: 500 rows
16:51:36 | INFO     | __main__:211 -   fetch_bulk_history_yf: checking price_history_yf cache (500 symbols) | cutoff=2025-01-15...
16:51:38 | INFO     | __main__:260 -   Today OHLCV seeded from chartink: 500 symbols | tail calls eliminated for current symbols
16:51:38 | INFO     | __main__:341 -   Young listings skipping yfinance (32 symbols):
16:51:38 | INFO     | __main__:342 -   Symbol           Listed Since    Cached  Expected  Complete  Reason
16:51:38 | INFO     | __main__:343 -   ----------------------------------------------------------------------
16:53:52 | INFO     | config:189 - TradeOS v6 config loaded | Capital=₹200,000 | DRY_RUN=False | Phase=2
16:53:52 | INFO     | __main__:1123 - compute_indicators v2.3 — 2026-05-03 — COMPUTE_ONLY
16:53:52 | INFO     | __main__:1092 -   Resolved trading date: 2026-05-03 → 2026-04-30
16:53:52 | INFO     | __main__:1136 - Pass 1: bulk data fetch...
16:53:52 | INFO     | __main__:559 -   chartink_raw_data: 500 rows
16:53:52 | INFO     | __main__:211 -   fetch_bulk_history_yf: checking price_history_yf cache (500 symbols) | cutoff=2025-01-15...
16:53:53 | INFO     | __main__:260 -   Today OHLCV seeded from chartink: 500 symbols | tail calls eliminated for current symbols
16:53:53 | INFO     | __main__:341 -   Young listings skipping yfinance (32 symbols):
16:53:53 | INFO     | __main__:342 -   Symbol           Listed Since    Cached  Expected  Complete  Reason
16:53:53 | INFO     | __main__:343 -   ----------------------------------------------------------------------
16:53:53 | INFO     | __main__:354 -   ABLBL            2025-06-23         210       213      99%  needs 50 more sessions (~72d) to reach 260
16:53:53 | INFO     | __main__:354 -   ACUTAAS          2025-06-02         226       227     100%  needs 34 more sessions (~49d) to reach 260
16:53:53 | INFO     | __main__:354 -   AEGISVOPAK       2025-06-02         227       227     100%  needs 33 more sessions (~48d) to reach 260
16:53:53 | INFO     | __main__:354 -   ANTHEM           2025-07-21         192       194      99%  needs 68 more sessions (~99d) to reach 260
16:53:53 | INFO     | __main__:354 -   ATHERENERG       2025-05-06         246       246     100%  needs 14 more sessions (~20d) to reach 260
16:53:53 | INFO     | __main__:354 -   BELRISE          2025-05-28         230       231     100%  needs 30 more sessions (~43d) to reach 260
16:53:53 | INFO     | __main__:354 -   CANHLIFE         2025-10-17         129       133      97%  needs 131 more sessions (~191d) to reach 260
16:53:53 | INFO     | __main__:354 -   CEMPRO           2025-09-10         156       159      98%  needs 104 more sessions (~151d) to reach 260
16:53:53 | INFO     | __main__:354 -   COHANCE          2025-05-08         243       244     100%  needs 17 more sessions (~24d) to reach 260
16:53:53 | INFO     | __main__:354 -   CPPLUS           2025-08-05         181       183      99%  needs 79 more sessions (~115d) to reach 260
16:53:53 | INFO     | __main__:354 -   EMMVEE           2025-11-18         111       111     100%  needs 149 more sessions (~217d) to reach 260
16:53:53 | INFO     | __main__:354 -   ENRIN            2025-06-19         212       216      98%  needs 48 more sessions (~70d) to reach 260
16:53:53 | INFO     | __main__:354 -   GROWW            2025-11-12         115       115     100%  needs 145 more sessions (~211d) to reach 260
16:53:53 | INFO     | __main__:354 -   HDBFS            2025-07-02         205       207      99%  needs 55 more sessions (~80d) to reach 260
16:53:53 | INFO     | __main__:354 -   HEALTHCARE       2026-02-16          49        50      98%  needs 211 more sessions (~307d) to reach 260
16:53:53 | INFO     | __main__:354 -   ICICIAMC         2025-12-19          88        90      98%  needs 172 more sessions (~250d) to reach 260
16:53:53 | INFO     | __main__:354 -   JAINREC          2025-10-01         140       144      97%  needs 120 more sessions (~175d) to reach 260
16:53:53 | INFO     | __main__:354 -   JSWCEMENT        2025-08-14         174       177      98%  needs 86 more sessions (~125d) to reach 260
16:53:53 | INFO     | __main__:354 -   LENSKART         2025-11-10         117       117     100%  needs 143 more sessions (~208d) to reach 260
16:53:53 | INFO     | __main__:354 -   LGEINDIA         2025-10-14         134       135      99%  needs 126 more sessions (~183d) to reach 260
16:53:53 | INFO     | __main__:354 -   LTM              2026-02-18          47        48      98%  needs 213 more sessions (~310d) to reach 260
16:53:53 | INFO     | __main__:354 -   MEESHO           2025-12-10          95        96      99%  needs 165 more sessions (~240d) to reach 260
16:53:53 | INFO     | __main__:354 -   PINELABS         2025-11-14         113       114      99%  needs 147 more sessions (~214d) to reach 260
16:53:53 | INFO     | __main__:354 -   PIRAMALFIN       2025-11-07         116       119      97%  needs 144 more sessions (~210d) to reach 260
16:53:53 | INFO     | __main__:354 -   PWL              2025-11-18         110       111      99%  needs 150 more sessions (~218d) to reach 260
16:53:53 | INFO     | __main__:354 -   TATACAP          2025-10-13         135       136      99%  needs 125 more sessions (~182d) to reach 260
16:53:53 | INFO     | __main__:354 -   TENNIND          2025-11-19         110       111      99%  needs 150 more sessions (~218d) to reach 260
16:53:53 | INFO     | __main__:354 -   THELEELA         2025-06-02         225       227      99%  needs 35 more sessions (~51d) to reach 260
16:53:53 | INFO     | __main__:354 -   TMCV             2025-11-12         115       115     100%  needs 145 more sessions (~211d) to reach 260
16:53:53 | INFO     | __main__:354 -   TMPV             2025-10-15         132       135      98%  needs 128 more sessions (~186d) to reach 260
16:53:53 | INFO     | __main__:354 -   TRAVELFOOD       2025-07-14         197       198      99%  needs 63 more sessions (~91d) to reach 260
16:53:53 | INFO     | __main__:354 -   URBANCO          2025-09-17         152       154      99%  needs 108 more sessions (~157d) to reach 260
16:53:53 | INFO     | __main__:359 -   ----------------------------------------------------------------------
16:53:53 | INFO     | __main__:364 -   price_history_yf: 468 sufficient | 0 tail-refresh | 0 gap-fill (genuine cache gaps) | 32 young listings (cache complete, skipping yfinance) | 0 full fetch (new symbols)
  ✓ yfinance not needed — all symbols sufficient and current
16:54:01 | INFO     | __main__:545 -   fetch_bulk_history_yf complete: 500 symbols loaded | 154116 total sessions | 0 symbols fetched from yfinance
16:54:01 | INFO     | __main__:595 -   Upcoming events: 343 symbols with events in next 30d
16:54:01 | INFO     | __main__:619 -   MSL symbols: 44 in shortlist
16:54:01 | INFO     | __main__:643 -   Index membership: 600 symbols mapped
16:54:01 | INFO     | __main__:681 -   raw_prices: 499 symbols with delivery/value data
16:54:01 | INFO     | __main__:1170 -   Nifty 1M return: 3.8203%
16:54:01 | INFO     | __main__:1177 - Pass 2: computing and reconciling...
16:54:01 | INFO     | __main__:1230 - =================================================================
16:54:01 | INFO     | __main__:1231 - COMPUTE INDICATORS SUMMARY — 2026-04-30 — COMPUTE_ONLY
16:54:01 | INFO     | __main__:1232 -   Symbols: 500 processed | 0 skipped
16:54:01 | INFO     | __main__:1256 - =================================================================
16:54:01 | INFO     | __main__:1272 - Pass 3: writing 500 rows to stock_data_daily...
16:54:03 | SUCCESS  | __main__:1280 - compute_indicators: 500 written | 0 skipped | 0 diverged field types requiring review
18:55:39 | INFO     | config:189 - TradeOS v6 config loaded | Capital=₹200,000 | DRY_RUN=False | Phase=2
18:55:39 | INFO     | __main__:1400 - =================================================================
18:55:39 | INFO     | __main__:1401 - STEP: Compute Regime v2.0 | 2026-05-03 | mode=FULL
18:55:39 | INFO     | __main__:1403 - =================================================================
18:55:39 | INFO     | __main__:110 -   stock_data_daily last trading date: 2026-04-30
18:55:39 | INFO     | __main__:140 -   2026-05-03 is non-trading — effective date is 2026-04-30
18:55:39 | INFO     | __main__:1411 -   Non-trading day — computing for last trading date: 2026-04-30
18:55:39 | INFO     | __main__:1414 - Pass 1: loading data...
18:55:40 | INFO     | __main__:412 -   Nifty Supabase: price=23997.55 | dma50=24173.825 | dma200=25108.484599609375 | weekly_rsi=42.98
18:55:40 | INFO     | __main__:440 -   BankNifty: price=55403.6015625 | weekly_rsi=41.7 | Nifty weekly_rsi=42.98
18:55:40 | INFO     | __main__:527 -   VIX: current=18.46 | rows_fetched=6 | vix_5d_delta=0.08 | ✓ delta computed
18:55:40 | INFO     | __main__:562 -   GIFT Nifty=23997.55 | prev_close=24177.650390625 | premium=-0.74%
18:55:41 | INFO     | __main__:617 -   DB fallback from: 2026-04-30
18:55:41 | INFO     | __main__:651 -   Loaded: regime_history=10 days | VIX=18.46 (macro_indicators) | FII flag=CAUTION | Nifty=23997.55 | above200dma=43.96%
18:55:41 | INFO     | __main__:1427 - Pass 2: scoring pillars...
18:55:41 | INFO     | __main__:1450 -   Pillar scores:
18:55:41 | INFO     | __main__:1451 -     Price structure:    1.0/25
18:55:41 | INFO     | __main__:1452 -     Breadth:           14.0/25
18:55:41 | INFO     | __main__:1453 -     Momentum:           4.0/20
18:55:41 | INFO     | __main__:1454 -     Volatility/VIX:     5.0/15  (VIX=18.46, Δ5d=+0.08)
18:55:41 | INFO     | __main__:1456 -     FII flows:          3.0/15
18:55:41 | INFO     | __main__:1457 -     Global modifier:   +2.0/±5  (S&P500 5d=+1.0%)
18:55:41 | INFO     | __main__:1459 -     ─────────────────────────────────────
18:55:41 | INFO     | __main__:1460 -     TOTAL:             29.0/100
18:55:41 | INFO     | __main__:1470 - Pass 3: applying hysteresis...
18:55:41 | INFO     | __main__:1478 -   Computed: NEUTRAL | Score: 29.0/100 | ✅ AGREE
18:55:41 | INFO     | __main__:1492 - Pass 4: writing (full mode)...
18:55:41 | SUCCESS  | __main__:1318 - ✓ market_regime UPSERT | computed_regime=NEUTRAL | score=29.0 | date=2026-04-30
18:55:41 | INFO     | __main__:1321 -   FULL MODE: regime field updated → Sheet decommissioned
19:02:02 | INFO     | config:189 - TradeOS v6 config loaded | Capital=₹200,000 | DRY_RUN=False | Phase=2
19:02:02 | INFO     | __main__:158 -   Resolved trading date: 2026-05-03 → 2026-04-30
19:02:02 | INFO     | __main__:1563 - =================================================================
19:02:02 | INFO     | __main__:1564 - STEP: Screen Stocks v1.1 | 2026-04-30 | mode=FULL
19:02:02 | INFO     | __main__:1566 - =================================================================
19:02:02 | INFO     | __main__:1568 - Pass 1: loading data...
19:02:03 | INFO     | __main__:220 -   ingest_sheets symbols merged into force_include: 20
19:02:03 | INFO     | __main__:228 -   Loaded: 500 stocks | 24 sectors | regime=NEUTRAL | asm=311 | fii=CAUTION | forced=28
19:02:03 | INFO     | __main__:1600 - Pass 2: running engines (regime=NEUTRAL)...
19:02:03 | INFO     | __main__:358 -   CTL: 27 candidates
19:02:03 | INFO     | __main__:439 -   SBS: 0 candidates
19:02:03 | INFO     | __main__:519 -   TPO: 0 candidates
19:02:03 | INFO     | __main__:596 -   VBD: 0 candidates
19:02:03 | INFO     | __main__:661 -   IAD: 1 candidates
19:02:03 | INFO     | __main__:715 -   RSB: 0 candidates
19:02:03 | INFO     | __main__:818 -   MOM: 47 candidates
19:02:03 | INFO     | __main__:933 -   RVS: 13 candidates
19:02:03 | INFO     | __main__:1009 -   SEC: 54 candidates
19:02:03 | INFO     | __main__:1629 -   Engine totals: CTL=27 SBS=0 TPO=0 VBD=0 IAD=1 RSB=0 MOM=47 RVS=13 SEC=54 | Total unique=94
19:02:03 | INFO     | __main__:1637 - Pass 3: aggregating and ranking...
19:02:03 | INFO     | __main__:1056 -   Regime weights (NEUTRAL):  (all 1.0x)
19:02:03 | INFO     | __main__:1172 -   Aggregated: 95 total unique | 91 after hard filters | 90 final
19:02:03 | INFO     | __main__:1651 - 
  ═══ TOP 90 SCREENED SYMBOLS (NEUTRAL) ═══
19:02:03 | INFO     | __main__:1654 -      # 1 NTPC         score=131.4  engines=CTL,MOM,SEC                  sector=power & utilities    rank=1
19:02:03 | INFO     | __main__:1654 -      # 2 HINDALCO     score=130.0  engines=CTL,MOM,SEC                  sector=metals & mining      rank=2
19:02:03 | INFO     | __main__:1654 -      # 3 TATAPOWER    score=124.4  engines=CTL,MOM,SEC                  sector=power & utilities    rank=1
19:02:03 | INFO     | __main__:1654 -      # 4 CUMMINSIND   score=124.1  engines=CTL,MOM,SEC                  sector=industrials          rank=3
19:02:03 | INFO     | __main__:1654 -      # 5 KEI          score=124.0  engines=CTL,MOM,SEC                  sector=industrials          rank=3
19:02:03 | INFO     | __main__:1654 -      # 6 POWERGRID    score=122.2  engines=CTL,MOM,SEC                  sector=power & utilities    rank=1
19:02:03 | INFO     | __main__:1654 -      # 7 BHARATFORG   score=122.2  engines=CTL,MOM,SEC                  sector=industrials          rank=3
19:02:03 | INFO     | __main__:1654 -      # 8 ABB          score=120.2  engines=CTL,MOM,SEC                  sector=industrials          rank=3
19:02:03 | INFO     | __main__:1654 -      # 9 CGPOWER      score=119.2  engines=CTL,MOM,SEC                  sector=industrials          rank=3
19:02:03 | INFO     | __main__:1654 -      #10 SAIL         score=118.8  engines=CTL,MOM                      sector=metals & mining      rank=2
19:02:03 | INFO     | __main__:1654 -      #11 JSWSTEEL     score=117.3  engines=CTL,MOM,SEC                  sector=metals & mining      rank=2
19:02:03 | INFO     | __main__:1654 -      #12 NMDC         score=114.9  engines=CTL,MOM,SEC                  sector=metals & mining      rank=2
19:02:03 | INFO     | __main__:1654 -      #13 COALINDIA    score=113.0  engines=CTL,MOM                      sector=metals & mining      rank=2
19:02:03 | INFO     | __main__:1654 -      #14 POLYCAB      score=109.3  engines=MOM,SEC                      sector=industrials          rank=3
19:02:03 | INFO     | __main__:1654 -      #15 SARDAEN      score=108.6  engines=CTL,MOM,SEC                  sector=metals & mining      rank=2
19:02:03 | INFO     | __main__:1654 -      #16 SIEMENS      score=107.0  engines=CTL,MOM                      sector=industrials          rank=3
19:02:03 | INFO     | __main__:1654 -      #17 LLOYDSME     score=105.0  engines=CTL                          sector=metals & mining      rank=2
19:02:03 | INFO     | __main__:1654 -      #18 ELGIEQUIP    score=105.0  engines=MOM,SEC                      sector=industrials          rank=3
19:02:03 | INFO     | __main__:1654 -      #19 APARINDS     score=103.5  engines=MOM,SEC                      sector=industrials          rank=3
19:02:03 | INFO     | __main__:1654 -      #20 SOLARINDS    score=102.2  engines=CTL,MOM                      sector=aerospace & defence  rank=4
19:02:03 | INFO     | __main__:1654 -      #21 ADANIPOWER   score=101.0  engines=CTL                          sector=power & utilities    rank=1
19:02:03 | INFO     | __main__:1654 -      #22 KIRLOSENG    score=100.6  engines=CTL,MOM,SEC                  sector=industrials          rank=3
19:02:03 | INFO     | __main__:1654 -      #23 TATASTEEL    score=100.1  engines=CTL,SEC                      sector=metals & mining      rank=2
19:02:03 | INFO     | __main__:1654 -      #24 TORNTPOWER   score= 99.2  engines=MOM,SEC                      sector=power & utilities    rank=1
19:02:03 | INFO     | __main__:1654 -      #25 BHEL         score= 99.0  engines=CTL                          sector=industrials          rank=3
19:02:03 | INFO     | __main__:1654 -      #26 WELCORP      score= 99.0  engines=CTL                          sector=industrials          rank=3
19:02:03 | INFO     | __main__:1654 -      #27 AIAENG       score= 97.6  engines=MOM,SEC                      sector=industrials          rank=3
19:02:03 | INFO     | __main__:1654 -      #28 GPIL         score= 95.3  engines=CTL,SEC                      sector=metals & mining      rank=2
19:02:03 | INFO     | __main__:1654 -      #29 ATUL         score= 95.0  engines=MOM                          sector=chemicals            rank=8
19:02:03 | INFO     | __main__:1654 -      #30 GRAPHITE     score= 92.8  engines=MOM,SEC                      sector=industrials          rank=3
19:02:03 | INFO     | __main__:1654 -      #31 HINDZINC     score= 92.3  engines=MOM,SEC                      sector=metals & mining      rank=2
19:02:03 | INFO     | __main__:1654 -      #32 ZENTEC       score= 91.9  engines=MOM,SEC                      sector=aerospace & defence  rank=4
19:02:03 | INFO     | __main__:1654 -      #33 NLCINDIA     score= 90.5  engines=MOM,SEC                      sector=power & utilities    rank=1
19:02:03 | INFO     | __main__:1654 -      #34 AUBANK       score= 90.0  engines=MOM                          sector=bank                 rank=9
19:02:03 | INFO     | __main__:1654 -      #35 CESC         score= 89.0  engines=CTL                          sector=power & utilities    rank=1
19:02:03 | INFO     | __main__:1654 -      #36 DRREDDY      score= 89.0  engines=MOM                          sector=healthcare           rank=6
19:02:03 | INFO     | __main__:1654 -      #37 TORNTPHARM   score= 88.0  engines=RVS                          sector=healthcare           rank=6
19:02:03 | INFO     | __main__:1654 -      #38 DATAPATTNS   score= 87.0  engines=MOM                          sector=aerospace & defence  rank=4
19:02:03 | INFO     | __main__:1654 -      #39 RRKABEL      score= 85.5  engines=MOM,SEC                      sector=industrials          rank=3
19:02:03 | INFO     | __main__:1654 -      #40 INDUSINDBK   score= 84.0  engines=MOM                          sector=bank                 rank=9
19:02:03 | INFO     | __main__:1654 -      #41 FINCABLES    score= 84.0  engines=MOM                          sector=industrials          rank=3
19:02:03 | INFO     | __main__:1654 -      #42 ASTERDM      score= 83.0  engines=MOM                          sector=healthcare           rank=6
19:02:03 | INFO     | __main__:1654 -      #43 THERMAX      score= 82.7  engines=CTL,SEC                      sector=industrials          rank=3
19:02:03 | INFO     | __main__:1654 -      #44 POWERINDIA   score= 82.0  engines=CTL                          sector=industrials          rank=3
19:02:03 | INFO     | __main__:1654 -      #45 AJANTPHARM   score= 82.0  engines=RVS                          sector=healthcare           rank=6
19:02:03 | INFO     | __main__:1654 -      #46 SBIN         score= 82.0  engines=RVS                          sector=bank                 rank=9
19:02:03 | INFO     | __main__:1654 -      #47 GRANULES     score= 81.0  engines=MOM                          sector=healthcare           rank=6
19:02:03 | INFO     | __main__:1654 -      #48 CUB          score= 81.0  engines=MOM                          sector=bank                 rank=9
19:02:03 | INFO     | __main__:1654 -      #49 MAHABANK     score= 81.0  engines=MOM                          sector=bank                 rank=9
19:02:03 | INFO     | __main__:1654 -      #50 ADANIPORTS   score= 80.0  engines=MOM                          sector=transportation       rank=7
19:02:03 | INFO     | __main__:1654 -      #51 RBLBANK      score= 80.0  engines=MOM                          sector=bank                 rank=9
19:02:03 | INFO     | __main__:1654 -      #52 SJVN         score= 77.0  engines=SEC                          sector=power & utilities    rank=1
19:02:03 | INFO     | __main__:1654 -      #53 NATIONALUM   score= 76.0  engines=RVS                          sector=metals & mining      rank=2
19:02:03 | INFO     | __main__:1654 -      #54 HEG          score= 75.1  engines=RVS,SEC                      sector=industrials          rank=3
19:02:03 | INFO     | __main__:1654 -      #55 JINDALSTEL   score= 75.0  engines=RVS                          sector=metals & mining      rank=2
19:02:03 | INFO     | __main__:1654 -      #56 BEL          score= 74.0  engines=RVS                          sector=aerospace & defence  rank=4
19:02:03 | INFO     | __main__:1654 -      #57 GLENMARK     score= 74.0  engines=MOM                          sector=healthcare           rank=6
19:02:03 | INFO     | __main__:1654 -      #58 TIMKEN       score= 73.8  engines=RVS,SEC                      sector=industrials          rank=3
19:02:03 | INFO     | __main__:1654 -      #59 USHAMART     score= 73.0  engines=SEC                          sector=metals & mining      rank=2
19:02:03 | INFO     | __main__:1654 -      #60 NSLNISP      score= 73.0  engines=SEC                          sector=metals & mining      rank=2
19:02:03 | INFO     | __main__:1654 -      #61 NTPCGREEN    score= 72.0  engines=SEC                          sector=power & utilities    rank=1
19:02:03 | INFO     | __main__:1654 -      #62 TIINDIA      score= 72.0  engines=SEC                          sector=industrials          rank=3
19:02:03 | INFO     | __main__:1654 -      #63 EMMVEE       score= 72.0  engines=SEC                          sector=industrials          rank=3
19:02:03 | INFO     | __main__:1654 -      #64 NHPC         score= 72.0  engines=SEC                          sector=power & utilities    rank=1
19:02:03 | INFO     | __main__:1654 -      #65 SUNPHARMA    score= 71.0  engines=MOM                          sector=healthcare           rank=6
19:02:03 | INFO     | __main__:1654 -      #66 GLAND        score= 70.0  engines=IAD                          sector=healthcare           rank=6
19:02:03 | INFO     | __main__:1654 -      #67 LUPIN        score= 70.0  engines=RVS                          sector=healthcare           rank=6
19:02:03 | INFO     | __main__:1654 -      #68 ENRIN        score= 70.0  engines=SEC                          sector=power & utilities    rank=1
19:02:03 | INFO     | __main__:1654 -      #69 INOXWIND     score= 70.0  engines=SEC                          sector=industrials          rank=3
19:02:03 | INFO     | __main__:1654 -      #70 GESHIP       score= 68.0  engines=MOM                          sector=transportation       rank=7
19:02:03 | INFO     | __main__:1654 -      #71 SHYAMMETL    score= 68.0  engines=SEC                          sector=metals & mining      rank=2
19:02:03 | INFO     | __main__:1654 -      #72 GRAVITA      score= 68.0  engines=SEC                          sector=metals & mining      rank=2
19:02:03 | INFO     | __main__:1654 -      #73 HAL          score= 67.0  engines=SEC                          sector=aerospace & defence  rank=4
19:02:03 | INFO     | __main__:1654 -      #74 JSWENERGY    score= 67.0  engines=SEC                          sector=power & utilities    rank=1
19:02:03 | INFO     | __main__:1654 -      #75 BANDHANBNK   score= 65.0  engines=MOM                          sector=bank                 rank=9
19:02:03 | INFO     | __main__:1654 -      #76 VTL          score= 63.0  engines=MOM                          sector=textiles             rank=10
19:02:03 | INFO     | __main__:1654 -      #77 IPCALAB      score= 63.0  engines=MOM                          sector=healthcare           rank=6
19:02:03 | INFO     | __main__:1654 -      #78 KARURVYSYA   score= 63.0  engines=RVS                          sector=bank                 rank=9
19:02:03 | INFO     | __main__:1654 -      #79 RPOWER       score= 62.0  engines=SEC                          sector=power & utilities    rank=1
19:02:03 | INFO     | __main__:1654 -      #80 JINDALSAW    score= 62.0  engines=SEC                          sector=industrials          rank=3
19:02:03 | INFO     | __main__:1654 -      #81 CARBORUNIV   score= 60.0  engines=SEC                          sector=industrials          rank=3
19:02:03 | INFO     | __main__:1654 -      #82 JPPOWER      score= 60.0  engines=SEC                          sector=power & utilities    rank=1
19:02:03 | INFO     | __main__:1654 -      #83 FEDERALBNK   score= 59.0  engines=RVS                          sector=bank                 rank=9
19:02:03 | INFO     | __main__:1654 -      #84 SCHAEFFLER   score= 59.0  engines=SEC                          sector=industrials          rank=3
19:02:03 | INFO     | __main__:1654 -      #85 BEML         score= 57.0  engines=SEC                          sector=aerospace & defence  rank=4
19:02:03 | INFO     | __main__:1654 -      #86 AXISBANK     score= 57.0  engines=RVS                          sector=bank                 rank=9
19:02:03 | INFO     | __main__:1654 -      #87 TITAGARH     score= 57.0  engines=SEC                          sector=industrials          rank=3
19:02:03 | INFO     | __main__:1654 -      #88 ITI          score= 57.0  engines=SEC                          sector=aerospace & defence  rank=4
19:02:03 | INFO     | __main__:1654 -      #89 GMDCLTD      score= 56.0  engines=SEC                          sector=metals & mining      rank=2
19:02:03 | INFO     | __main__:1654 -      #90 RKFORGE      score= 55.0  engines=SEC                          sector=industrials          rank=3
19:02:03 | INFO     | __main__:1670 -   Multi-engine confirmed: 32/90
19:02:03 | INFO     | __main__:1671 -   Sector distribution: {'power & utilities': 14, 'metals & mining': 17, 'industrials': 28, 'aerospace & defence': 7, 'chemicals': 1, 'bank': 10, 'healthcare': 10, 'transportation': 2, 'textiles': 1}
19:02:03 | INFO     | __main__:1672 -   Engine hits: {'CTL': 26, 'MOM': 45, 'SEC': 51, 'RVS': 12, 'IAD': 1}
19:02:03 | INFO     | __main__:1675 - Pass 4: writing (full mode)...
19:02:03 | INFO     | __main__:1275 -   Removed 1 stale symbols from master_shortlist
19:02:03 | SUCCESS  | __main__:1277 - ✓ 90 symbols → master_shortlist
19:02:03 | INFO     | __main__:1490 - Checking master_shortlist completeness...
19:02:03 | INFO     | __main__:1519 - ======================================================================
19:02:03 | INFO     | __main__:1520 - MASTER_SHORTLIST COMPLETENESS REPORT
19:02:03 | INFO     | __main__:1521 - ======================================================================
19:02:03 | WARNING  | __main__:1525 - active_regime             NULL in 49/92 rows (53.3%)
19:02:03 | WARNING  | __main__:1525 - ai_conviction             NULL in 92/92 rows (100.0%)
19:02:03 | WARNING  | __main__:1525 - ai_conviction_reason      NULL in 92/92 rows (100.0%)
19:02:03 | WARNING  | __main__:1525 - ai_fallback_used          NULL in 92/92 rows (100.0%)
19:02:03 | WARNING  | __main__:1525 - ai_note                   NULL in 92/92 rows (100.0%)
19:02:03 | WARNING  | __main__:1525 - ai_provider               NULL in 92/92 rows (100.0%)
19:02:03 | WARNING  | __main__:1525 - ai_risks                  NULL in 92/92 rows (100.0%)
19:02:03 | WARNING  | __main__:1525 - ai_shortlist_rank         NULL in 80/92 rows (87.0%)
19:02:03 | WARNING  | __main__:1525 - ai_shortlist_reason       NULL in 80/92 rows (87.0%)
19:02:03 | WARNING  | __main__:1525 - ai_suggested_action       NULL in 92/92 rows (100.0%)
19:02:03 | WARNING  | __main__:1525 - bb_context                NULL in 49/92 rows (53.3%)
19:02:03 | WARNING  | __main__:1525 - bb_position_pct           NULL in 49/92 rows (53.3%)
19:02:03 | WARNING  | __main__:1525 - bb_squeeze                NULL in 49/92 rows (53.3%)
19:02:03 | WARNING  | __main__:1525 - bb_width_pct              NULL in 49/92 rows (53.3%)
19:02:03 | WARNING  | __main__:1525 - breakout_readiness        NULL in 49/92 rows (53.3%)
19:02:03 | WARNING  | __main__:1525 - company_name              NULL in 22/92 rows (23.9%)
19:02:03 | WARNING  | __main__:1525 - composite_score           NULL in 2/92 rows (2.2%)
19:02:03 | WARNING  | __main__:1525 - computed_at               NULL in 2/92 rows (2.2%)
19:02:03 | WARNING  | __main__:1525 - convergence_pts           NULL in 2/92 rows (2.2%)
19:02:03 | WARNING  | __main__:1525 - days_in_list              NULL in 49/92 rows (53.3%)
19:02:03 | WARNING  | __main__:1525 - days_to_trigger_est       NULL in 49/92 rows (53.3%)
19:02:03 | WARNING  | __main__:1525 - dist_entry_pct            NULL in 49/92 rows (53.3%)
19:02:03 | WARNING  | __main__:1525 - dist_fv_pct               NULL in 49/92 rows (53.3%)
19:02:03 | WARNING  | __main__:1525 - dist_vwap_20d_pct         NULL in 49/92 rows (53.3%)
19:02:03 | WARNING  | __main__:1525 - eap_adjustment            NULL in 2/92 rows (2.2%)
19:02:03 | WARNING  | __main__:1525 - eap_revival               NULL in 92/92 rows (100.0%)
19:02:03 | WARNING  | __main__:1525 - engine_scores_json        NULL in 2/92 rows (2.2%)
19:02:03 | WARNING  | __main__:1525 - engines_count             NULL in 2/92 rows (2.2%)
19:02:03 | WARNING  | __main__:1525 - engines_list              NULL in 2/92 rows (2.2%)
19:02:03 | WARNING  | __main__:1525 - entry_action              NULL in 64/92 rows (69.6%)
19:02:03 | WARNING  | __main__:1525 - entry_mode                NULL in 64/92 rows (69.6%)
19:02:03 | WARNING  | __main__:1525 - entry_ready               NULL in 64/92 rows (69.6%)
19:02:03 | WARNING  | __main__:1525 - entry_timing_type         NULL in 49/92 rows (53.3%)
19:02:03 | WARNING  | __main__:1525 - entry_zone_high           NULL in 49/92 rows (53.3%)
19:02:03 | WARNING  | __main__:1525 - entry_zone_low            NULL in 49/92 rows (53.3%)
19:02:03 | WARNING  | __main__:1525 - event_bias                NULL in 65/92 rows (70.7%)
19:02:03 | WARNING  | __main__:1525 - event_sectors             NULL in 65/92 rows (70.7%)
19:02:03 | WARNING  | __main__:1525 - exec_eligibility          NULL in 64/92 rows (69.6%)
19:02:03 | WARNING  | __main__:1525 - expected_r                NULL in 49/92 rows (53.3%)
19:02:03 | WARNING  | __main__:1525 - fii_flag                  NULL in 49/92 rows (53.3%)
19:02:03 | WARNING  | __main__:1525 - fundamental_quality       NULL in 49/92 rows (53.3%)
19:02:03 | WARNING  | __main__:1525 - fv_high                   NULL in 64/92 rows (69.6%)
19:02:03 | WARNING  | __main__:1525 - fv_low                    NULL in 64/92 rows (69.6%)
19:02:03 | WARNING  | __main__:1525 - ha_signal                 NULL in 49/92 rows (53.3%)
19:02:03 | WARNING  | __main__:1525 - holding_score             NULL in 49/92 rows (53.3%)
19:02:03 | WARNING  | __main__:1525 - institutional_score       NULL in 49/92 rows (53.3%)
19:02:03 | WARNING  | __main__:1525 - is_ipo                    NULL in 64/92 rows (69.6%)
19:02:03 | WARNING  | __main__:1525 - lifecycle                 NULL in 49/92 rows (53.3%)
19:02:03 | WARNING  | __main__:1525 - liquidity_quality         NULL in 49/92 rows (53.3%)
19:02:03 | WARNING  | __main__:1525 - low_liquidity             NULL in 49/92 rows (53.3%)
19:02:03 | WARNING  | __main__:1525 - ma_alignment_score        NULL in 49/92 rows (53.3%)
19:02:03 | WARNING  | __main__:1525 - ma_levels                 NULL in 92/92 rows (100.0%)
19:02:03 | WARNING  | __main__:1525 - macd_crossing_up          NULL in 49/92 rows (53.3%)
19:02:03 | WARNING  | __main__:1525 - macd_direction            NULL in 49/92 rows (53.3%)
19:02:03 | WARNING  | __main__:1525 - market_cap                NULL in 2/92 rows (2.2%)
19:02:03 | WARNING  | __main__:1525 - momentum_phase            NULL in 49/92 rows (53.3%)
19:02:03 | WARNING  | __main__:1525 - momentum_score            NULL in 49/92 rows (53.3%)
19:02:03 | WARNING  | __main__:1525 - momentum_state            NULL in 49/92 rows (53.3%)
19:02:03 | WARNING  | __main__:1525 - notes                     NULL in 92/92 rows (100.0%)
19:02:03 | WARNING  | __main__:1525 - opp_type                  NULL in 64/92 rows (69.6%)
19:02:03 | WARNING  | __main__:1525 - persistent_phase          NULL in 57/92 rows (62.0%)
19:02:03 | WARNING  | __main__:1525 - pos_type                  NULL in 64/92 rows (69.6%)
19:02:03 | WARNING  | __main__:1525 - price_location            NULL in 49/92 rows (53.3%)
19:02:03 | WARNING  | __main__:1525 - priority_rank             NULL in 2/92 rows (2.2%)
19:02:03 | WARNING  | __main__:1525 - psar_dual_confirmed       NULL in 49/92 rows (53.3%)
19:02:03 | WARNING  | __main__:1525 - rank_vel_3d               NULL in 63/92 rows (68.5%)
19:02:03 | WARNING  | __main__:1525 - reentry_mode              NULL in 49/92 rows (53.3%)
19:02:03 | WARNING  | __main__:1525 - risk_score                NULL in 49/92 rows (53.3%)
19:02:03 | WARNING  | __main__:1525 - rsi_extended_thresh       NULL in 49/92 rows (53.3%)
19:02:03 | WARNING  | __main__:1525 - score_vel_5d              NULL in 67/92 rows (72.8%)
19:02:03 | WARNING  | __main__:1525 - screener_source           NULL in 2/92 rows (2.2%)
19:02:03 | WARNING  | __main__:1525 - sector_rank               NULL in 2/92 rows (2.2%)
19:02:03 | WARNING  | __main__:1525 - st_cushion_pct            NULL in 52/92 rows (56.5%)
19:02:03 | WARNING  | __main__:1525 - stoch_context             NULL in 49/92 rows (53.3%)
19:02:03 | WARNING  | __main__:1525 - struct_edge               NULL in 49/92 rows (53.3%)
19:02:03 | WARNING  | __main__:1525 - suggested                 NULL in 64/92 rows (69.6%)
19:02:03 | WARNING  | __main__:1525 - trade_allowed             NULL in 64/92 rows (69.6%)
19:02:03 | WARNING  | __main__:1525 - trend_maturity            NULL in 49/92 rows (53.3%)
19:02:03 | WARNING  | __main__:1525 - upcoming_news             NULL in 91/92 rows (98.9%)
19:02:03 | WARNING  | __main__:1525 - validity_score            NULL in 49/92 rows (53.3%)
19:02:03 | WARNING  | __main__:1525 - velocity_state            NULL in 49/92 rows (53.3%)
19:02:03 | WARNING  | __main__:1525 - volume_trend              NULL in 49/92 rows (53.3%)
19:02:03 | WARNING  | __main__:1525 - vwap_alignment            NULL in 49/92 rows (53.3%)
19:02:03 | WARNING  | __main__:1525 - weekly_structure          NULL in 49/92 rows (53.3%)
19:02:03 | INFO     | __main__:1527 - ======================================================================
19:02:03 | ERROR    | __main__:1532 - Columns never populated by script:
19:02:03 | ERROR    | __main__:1534 -    -> ai_conviction
19:02:03 | ERROR    | __main__:1534 -    -> ai_conviction_reason
19:02:03 | ERROR    | __main__:1534 -    -> ai_fallback_used
19:02:03 | ERROR    | __main__:1534 -    -> ai_note
19:02:03 | ERROR    | __main__:1534 -    -> ai_provider
19:02:03 | ERROR    | __main__:1534 -    -> ai_risks
19:02:03 | ERROR    | __main__:1534 -    -> ai_suggested_action
19:02:03 | ERROR    | __main__:1534 -    -> eap_revival
19:02:03 | ERROR    | __main__:1534 -    -> ma_levels
19:02:03 | ERROR    | __main__:1534 -    -> notes
19:02:03 | SUCCESS  | __main__:1536 - Completeness check finished.
19:02:03 | INFO     | __main__:1302 -   EAP revival: no penalized stocks found yesterday — skipping
19:02:03 | INFO     | __main__:1397 -   Outcomes: no msl_computed data for 2026-04-25 — skipping 5d
19:02:03 | INFO     | __main__:1397 -   Outcomes: no msl_computed data for 2026-04-20 — skipping 10d
19:02:03 | INFO     | __main__:1397 -   Outcomes: no msl_computed data for 2026-04-15 — skipping 15d
19:02:03 | INFO     | __main__:1426 -   Outcomes: nothing to log (no past data aligns with today)
19:26:10 | INFO     | config:189 - TradeOS v6 config loaded | Capital=₹200,000 | DRY_RUN=False | Phase=2
19:26:10 | INFO     | __main__:1400 - =================================================================
19:26:10 | INFO     | __main__:1401 - STEP: Compute Regime v2.0 | 2026-05-03 | mode=FULL
19:26:10 | INFO     | __main__:1403 - =================================================================
19:26:10 | INFO     | __main__:110 -   stock_data_daily last trading date: 2026-04-30
19:26:10 | INFO     | __main__:140 -   2026-05-03 is non-trading — effective date is 2026-04-30
19:26:10 | INFO     | __main__:1411 -   Non-trading day — computing for last trading date: 2026-04-30
19:26:10 | INFO     | __main__:1414 - Pass 1: loading data...
19:26:11 | INFO     | __main__:412 -   Nifty Supabase: price=23997.55 | dma50=24173.825 | dma200=25108.484599609375 | weekly_rsi=42.98
19:26:11 | INFO     | __main__:440 -   BankNifty: price=55403.6015625 | weekly_rsi=41.7 | Nifty weekly_rsi=42.98
19:26:12 | INFO     | __main__:527 -   VIX: current=18.46 | rows_fetched=6 | vix_5d_delta=0.08 | ✓ delta computed
19:26:12 | INFO     | __main__:562 -   GIFT Nifty=23997.55 | prev_close=24177.650390625 | premium=-0.74%
19:26:12 | INFO     | __main__:617 -   DB fallback from: 2026-04-30
19:26:12 | INFO     | __main__:651 -   Loaded: regime_history=10 days | VIX=18.46 (macro_indicators) | FII flag=CAUTION | Nifty=23997.55 | above200dma=43.96%
19:26:12 | INFO     | __main__:1427 - Pass 2: scoring pillars...
19:26:12 | INFO     | __main__:1450 -   Pillar scores:
19:26:12 | INFO     | __main__:1451 -     Price structure:    1.0/25
19:26:12 | INFO     | __main__:1452 -     Breadth:           14.0/25
19:26:12 | INFO     | __main__:1453 -     Momentum:           4.0/20
19:26:12 | INFO     | __main__:1454 -     Volatility/VIX:     5.0/15  (VIX=18.46, Δ5d=+0.08)
19:26:12 | INFO     | __main__:1456 -     FII flows:          3.0/15
19:26:12 | INFO     | __main__:1457 -     Global modifier:   +2.0/±5  (S&P500 5d=+1.0%)
19:26:12 | INFO     | __main__:1459 -     ─────────────────────────────────────
19:26:12 | INFO     | __main__:1460 -     TOTAL:             29.0/100
19:26:12 | INFO     | __main__:1470 - Pass 3: applying hysteresis...
19:26:12 | INFO     | __main__:1478 -   Computed: NEUTRAL | Score: 29.0/100 | ✅ AGREE
19:26:12 | INFO     | __main__:1492 - Pass 4: writing (full mode)...
19:26:12 | SUCCESS  | __main__:1318 - ✓ market_regime UPSERT | computed_regime=NEUTRAL | score=29.0 | date=2026-04-30
19:26:12 | INFO     | __main__:1321 -   FULL MODE: regime field updated → Sheet decommissioned
19:28:32 | INFO     | config:189 - TradeOS v6 config loaded | Capital=₹200,000 | DRY_RUN=False | Phase=2
19:28:32 | INFO     | __main__:745 - Smart mode: model absent or stale — training now.
19:28:32 | INFO     | __main__:405 - ============================================================
19:28:32 | INFO     | __main__:406 - ML Regime Classifier — Training (schema-corrected v2)
19:28:32 | INFO     | __main__:407 - ============================================================
19:28:32 | INFO     | __main__:408 - 
Data health check:
19:28:33 | INFO     | __main__:140 -   [✓] regime_history             36 rows  latest=2026-05-01  (need 20)
19:28:33 | INFO     | __main__:140 -   [✓] market_regime              31 rows  latest=2026-04-30  (need 30)
19:28:33 | INFO     | __main__:140 -   [✓] fii_dii_flow               44 rows  latest=2026-05-02  (need 20)
19:28:33 | INFO     | __main__:140 -   [✓] sector_strength           951 rows  latest=2026-05-01  (need 10)
19:28:33 | INFO     | __main__:140 -   [✓] nifty_total_market        600 rows  latest=THELEELA  (need 100)
19:28:34 | INFO     | __main__:140 -   [✓] stock_data_daily        19967 rows  latest=2026-04-30  (need 100)
19:28:34 | INFO     | __main__:140 -   [✓] master_shortlist          662 rows  latest=2026-05-03  (need 1)
19:28:34 | SUCCESS  | __main__:159 - All critical tables meet minimum data thresholds.
19:28:34 | INFO     | __main__:410 - 
19:28:41 | INFO     | __main__:372 - Training candidates: 36 labelled rows (cutoff=2025-05-03)
19:28:43 | INFO     | __main__:392 - Training rows built: 9 usable, 27 skipped
19:28:43 | WARNING  | __main__:423 - Insufficient training data: 9 rows (need 20).
Market regime features come from market_regime table — ensure:
  1. ingest_sheets.py has been running (nifty_5d_chg_pct, advance_decline_ratio)
  2. regime_history has ≥30 rows (append_history.py G14 fix running daily)
  3. fii_dii_flow.fii_net_5d/20d populated (ingest_fii_dii.py Phase 1)
  4. sector_strength.breadth_sma50 populated (compute_indicators.py Phase 2)
19:28:43 | WARNING  | __main__:520 - Model not found at C:\Users\vkshu\CRITICAL\Equity Indian Market Framework\tradeos-v6-complete\tradeos-v6\backend\models\ml_regime_model.pkl.
First run: run --train (or wait for Sunday evolution_weekly.yml W2).
Manual regime from ingest_sheets controls until model exists.
19:43:49 | INFO     | config:189 - TradeOS v6 config loaded | Capital=₹200,000 | DRY_RUN=False | Phase=2
19:43:49 | INFO     | __main__:158 -   Resolved trading date: 2026-05-03 → 2026-04-30
19:43:49 | INFO     | __main__:1563 - =================================================================
19:43:49 | INFO     | __main__:1564 - STEP: Screen Stocks v1.1 | 2026-04-30 | mode=FULL
19:43:49 | INFO     | __main__:1566 - =================================================================
19:43:49 | INFO     | __main__:1568 - Pass 1: loading data...
19:43:50 | INFO     | __main__:220 -   ingest_sheets symbols merged into force_include: 2
19:43:50 | INFO     | __main__:228 -   Loaded: 500 stocks | 24 sectors | regime=NEUTRAL | asm=311 | fii=CAUTION | forced=28
19:43:50 | INFO     | __main__:1600 - Pass 2: running engines (regime=NEUTRAL)...
19:43:50 | INFO     | __main__:358 -   CTL: 27 candidates
19:43:50 | INFO     | __main__:439 -   SBS: 0 candidates
19:43:50 | INFO     | __main__:519 -   TPO: 0 candidates
19:43:50 | INFO     | __main__:596 -   VBD: 0 candidates
19:43:50 | INFO     | __main__:661 -   IAD: 1 candidates
19:43:50 | INFO     | __main__:715 -   RSB: 0 candidates
19:43:50 | INFO     | __main__:818 -   MOM: 47 candidates
19:43:50 | INFO     | __main__:933 -   RVS: 13 candidates
19:43:50 | INFO     | __main__:1009 -   SEC: 54 candidates
19:43:50 | INFO     | __main__:1629 -   Engine totals: CTL=27 SBS=0 TPO=0 VBD=0 IAD=1 RSB=0 MOM=47 RVS=13 SEC=54 | Total unique=94
19:43:50 | INFO     | __main__:1637 - Pass 3: aggregating and ranking...
19:43:50 | INFO     | __main__:1056 -   Regime weights (NEUTRAL):  (all 1.0x)
19:43:50 | INFO     | __main__:1172 -   Aggregated: 95 total unique | 91 after hard filters | 90 final
19:43:50 | INFO     | __main__:1651 - 
  ═══ TOP 90 SCREENED SYMBOLS (NEUTRAL) ═══
19:43:50 | INFO     | __main__:1654 -      # 1 NTPC         score=131.4  engines=CTL,MOM,SEC                  sector=power & utilities    rank=1
19:43:50 | INFO     | __main__:1654 -      # 2 HINDALCO     score=130.0  engines=CTL,MOM,SEC                  sector=metals & mining      rank=2
19:43:50 | INFO     | __main__:1654 -      # 3 TATAPOWER    score=124.4  engines=CTL,MOM,SEC                  sector=power & utilities    rank=1
19:43:50 | INFO     | __main__:1654 -      # 4 CUMMINSIND   score=124.1  engines=CTL,MOM,SEC                  sector=industrials          rank=3
19:43:50 | INFO     | __main__:1654 -      # 5 KEI          score=124.0  engines=CTL,MOM,SEC                  sector=industrials          rank=3
19:43:50 | INFO     | __main__:1654 -      # 6 BHARATFORG   score=122.2  engines=CTL,MOM,SEC                  sector=industrials          rank=3
19:43:50 | INFO     | __main__:1654 -      # 7 POWERGRID    score=122.2  engines=CTL,MOM,SEC                  sector=power & utilities    rank=1
19:43:50 | INFO     | __main__:1654 -      # 8 ABB          score=120.2  engines=CTL,MOM,SEC                  sector=industrials          rank=3
19:43:50 | INFO     | __main__:1654 -      # 9 CGPOWER      score=119.2  engines=CTL,MOM,SEC                  sector=industrials          rank=3
19:43:50 | INFO     | __main__:1654 -      #10 SAIL         score=118.8  engines=CTL,MOM                      sector=metals & mining      rank=2
19:43:50 | INFO     | __main__:1654 -      #11 JSWSTEEL     score=117.3  engines=CTL,MOM,SEC                  sector=metals & mining      rank=2
19:43:50 | INFO     | __main__:1654 -      #12 NMDC         score=114.9  engines=CTL,MOM,SEC                  sector=metals & mining      rank=2
19:43:50 | INFO     | __main__:1654 -      #13 COALINDIA    score=113.0  engines=CTL,MOM                      sector=metals & mining      rank=2
19:43:50 | INFO     | __main__:1654 -      #14 POLYCAB      score=109.3  engines=MOM,SEC                      sector=industrials          rank=3
19:43:50 | INFO     | __main__:1654 -      #15 SARDAEN      score=108.6  engines=CTL,MOM,SEC                  sector=metals & mining      rank=2
19:43:50 | INFO     | __main__:1654 -      #16 SIEMENS      score=107.0  engines=CTL,MOM                      sector=industrials          rank=3
19:43:50 | INFO     | __main__:1654 -      #17 LLOYDSME     score=105.0  engines=CTL                          sector=metals & mining      rank=2
19:43:50 | INFO     | __main__:1654 -      #18 ELGIEQUIP    score=105.0  engines=MOM,SEC                      sector=industrials          rank=3
19:43:50 | INFO     | __main__:1654 -      #19 APARINDS     score=103.5  engines=MOM,SEC                      sector=industrials          rank=3
19:43:50 | INFO     | __main__:1654 -      #20 SOLARINDS    score=102.2  engines=CTL,MOM                      sector=aerospace & defence  rank=4
19:43:50 | INFO     | __main__:1654 -      #21 ADANIPOWER   score=101.0  engines=CTL                          sector=power & utilities    rank=1
19:43:50 | INFO     | __main__:1654 -      #22 KIRLOSENG    score=100.6  engines=CTL,MOM,SEC                  sector=industrials          rank=3
19:43:50 | INFO     | __main__:1654 -      #23 TATASTEEL    score=100.1  engines=CTL,SEC                      sector=metals & mining      rank=2
19:43:50 | INFO     | __main__:1654 -      #24 TORNTPOWER   score= 99.2  engines=MOM,SEC                      sector=power & utilities    rank=1
19:43:50 | INFO     | __main__:1654 -      #25 WELCORP      score= 99.0  engines=CTL                          sector=industrials          rank=3
19:43:50 | INFO     | __main__:1654 -      #26 BHEL         score= 99.0  engines=CTL                          sector=industrials          rank=3
19:43:50 | INFO     | __main__:1654 -      #27 AIAENG       score= 97.6  engines=MOM,SEC                      sector=industrials          rank=3
19:43:50 | INFO     | __main__:1654 -      #28 GPIL         score= 95.3  engines=CTL,SEC                      sector=metals & mining      rank=2
19:43:50 | INFO     | __main__:1654 -      #29 ATUL         score= 95.0  engines=MOM                          sector=chemicals            rank=8
19:43:50 | INFO     | __main__:1654 -      #30 GRAPHITE     score= 92.8  engines=MOM,SEC                      sector=industrials          rank=3
19:43:50 | INFO     | __main__:1654 -      #31 HINDZINC     score= 92.3  engines=MOM,SEC                      sector=metals & mining      rank=2
19:43:50 | INFO     | __main__:1654 -      #32 ZENTEC       score= 91.9  engines=MOM,SEC                      sector=aerospace & defence  rank=4
19:43:50 | INFO     | __main__:1654 -      #33 NLCINDIA     score= 90.5  engines=MOM,SEC                      sector=power & utilities    rank=1
19:43:50 | INFO     | __main__:1654 -      #34 AUBANK       score= 90.0  engines=MOM                          sector=bank                 rank=9
19:43:50 | INFO     | __main__:1654 -      #35 CESC         score= 89.0  engines=CTL                          sector=power & utilities    rank=1
19:43:50 | INFO     | __main__:1654 -      #36 DRREDDY      score= 89.0  engines=MOM                          sector=healthcare           rank=6
19:43:50 | INFO     | __main__:1654 -      #37 TORNTPHARM   score= 88.0  engines=RVS                          sector=healthcare           rank=6
19:43:50 | INFO     | __main__:1654 -      #38 DATAPATTNS   score= 87.0  engines=MOM                          sector=aerospace & defence  rank=4
19:43:50 | INFO     | __main__:1654 -      #39 RRKABEL      score= 85.5  engines=MOM,SEC                      sector=industrials          rank=3
19:43:50 | INFO     | __main__:1654 -      #40 INDUSINDBK   score= 84.0  engines=MOM                          sector=bank                 rank=9
19:43:50 | INFO     | __main__:1654 -      #41 FINCABLES    score= 84.0  engines=MOM                          sector=industrials          rank=3
19:43:50 | INFO     | __main__:1654 -      #42 ASTERDM      score= 83.0  engines=MOM                          sector=healthcare           rank=6
19:43:50 | INFO     | __main__:1654 -      #43 THERMAX      score= 82.7  engines=CTL,SEC                      sector=industrials          rank=3
19:43:50 | INFO     | __main__:1654 -      #44 POWERINDIA   score= 82.0  engines=CTL                          sector=industrials          rank=3
19:43:50 | INFO     | __main__:1654 -      #45 AJANTPHARM   score= 82.0  engines=RVS                          sector=healthcare           rank=6
19:43:50 | INFO     | __main__:1654 -      #46 SBIN         score= 82.0  engines=RVS                          sector=bank                 rank=9
19:43:50 | INFO     | __main__:1654 -      #47 GRANULES     score= 81.0  engines=MOM                          sector=healthcare           rank=6
19:43:50 | INFO     | __main__:1654 -      #48 CUB          score= 81.0  engines=MOM                          sector=bank                 rank=9
19:43:50 | INFO     | __main__:1654 -      #49 MAHABANK     score= 81.0  engines=MOM                          sector=bank                 rank=9
19:43:50 | INFO     | __main__:1654 -      #50 ADANIPORTS   score= 80.0  engines=MOM                          sector=transportation       rank=7
19:43:50 | INFO     | __main__:1654 -      #51 RBLBANK      score= 80.0  engines=MOM                          sector=bank                 rank=9
19:43:50 | INFO     | __main__:1654 -      #52 SJVN         score= 77.0  engines=SEC                          sector=power & utilities    rank=1
19:43:50 | INFO     | __main__:1654 -      #53 NATIONALUM   score= 76.0  engines=RVS                          sector=metals & mining      rank=2
19:43:50 | INFO     | __main__:1654 -      #54 HEG          score= 75.1  engines=RVS,SEC                      sector=industrials          rank=3
19:43:50 | INFO     | __main__:1654 -      #55 JINDALSTEL   score= 75.0  engines=RVS                          sector=metals & mining      rank=2
19:43:50 | INFO     | __main__:1654 -      #56 BEL          score= 74.0  engines=RVS                          sector=aerospace & defence  rank=4
19:43:50 | INFO     | __main__:1654 -      #57 GLENMARK     score= 74.0  engines=MOM                          sector=healthcare           rank=6
19:43:50 | INFO     | __main__:1654 -      #58 TIMKEN       score= 73.8  engines=RVS,SEC                      sector=industrials          rank=3
19:43:50 | INFO     | __main__:1654 -      #59 USHAMART     score= 73.0  engines=SEC                          sector=metals & mining      rank=2
19:43:50 | INFO     | __main__:1654 -      #60 NSLNISP      score= 73.0  engines=SEC                          sector=metals & mining      rank=2
19:43:50 | INFO     | __main__:1654 -      #61 NTPCGREEN    score= 72.0  engines=SEC                          sector=power & utilities    rank=1
19:43:50 | INFO     | __main__:1654 -      #62 TIINDIA      score= 72.0  engines=SEC                          sector=industrials          rank=3
19:43:50 | INFO     | __main__:1654 -      #63 EMMVEE       score= 72.0  engines=SEC                          sector=industrials          rank=3
19:43:50 | INFO     | __main__:1654 -      #64 NHPC         score= 72.0  engines=SEC                          sector=power & utilities    rank=1
19:43:50 | INFO     | __main__:1654 -      #65 SUNPHARMA    score= 71.0  engines=MOM                          sector=healthcare           rank=6
19:43:50 | INFO     | __main__:1654 -      #66 GLAND        score= 70.0  engines=IAD                          sector=healthcare           rank=6
19:43:50 | INFO     | __main__:1654 -      #67 LUPIN        score= 70.0  engines=RVS                          sector=healthcare           rank=6
19:43:50 | INFO     | __main__:1654 -      #68 ENRIN        score= 70.0  engines=SEC                          sector=power & utilities    rank=1
19:43:50 | INFO     | __main__:1654 -      #69 INOXWIND     score= 70.0  engines=SEC                          sector=industrials          rank=3
19:43:50 | INFO     | __main__:1654 -      #70 GESHIP       score= 68.0  engines=MOM                          sector=transportation       rank=7
19:43:50 | INFO     | __main__:1654 -      #71 SHYAMMETL    score= 68.0  engines=SEC                          sector=metals & mining      rank=2
19:43:50 | INFO     | __main__:1654 -      #72 GRAVITA      score= 68.0  engines=SEC                          sector=metals & mining      rank=2
19:43:50 | INFO     | __main__:1654 -      #73 HAL          score= 67.0  engines=SEC                          sector=aerospace & defence  rank=4
19:43:50 | INFO     | __main__:1654 -      #74 JSWENERGY    score= 67.0  engines=SEC                          sector=power & utilities    rank=1
19:43:50 | INFO     | __main__:1654 -      #75 BANDHANBNK   score= 65.0  engines=MOM                          sector=bank                 rank=9
19:43:50 | INFO     | __main__:1654 -      #76 VTL          score= 63.0  engines=MOM                          sector=textiles             rank=10
19:43:50 | INFO     | __main__:1654 -      #77 IPCALAB      score= 63.0  engines=MOM                          sector=healthcare           rank=6
19:43:50 | INFO     | __main__:1654 -      #78 KARURVYSYA   score= 63.0  engines=RVS                          sector=bank                 rank=9
19:43:50 | INFO     | __main__:1654 -      #79 RPOWER       score= 62.0  engines=SEC                          sector=power & utilities    rank=1
19:43:50 | INFO     | __main__:1654 -      #80 JINDALSAW    score= 62.0  engines=SEC                          sector=industrials          rank=3
19:43:50 | INFO     | __main__:1654 -      #81 CARBORUNIV   score= 60.0  engines=SEC                          sector=industrials          rank=3
19:43:50 | INFO     | __main__:1654 -      #82 JPPOWER      score= 60.0  engines=SEC                          sector=power & utilities    rank=1
19:43:50 | INFO     | __main__:1654 -      #83 FEDERALBNK   score= 59.0  engines=RVS                          sector=bank                 rank=9
19:43:50 | INFO     | __main__:1654 -      #84 SCHAEFFLER   score= 59.0  engines=SEC                          sector=industrials          rank=3
19:43:50 | INFO     | __main__:1654 -      #85 BEML         score= 57.0  engines=SEC                          sector=aerospace & defence  rank=4
19:43:50 | INFO     | __main__:1654 -      #86 AXISBANK     score= 57.0  engines=RVS                          sector=bank                 rank=9
19:43:50 | INFO     | __main__:1654 -      #87 TITAGARH     score= 57.0  engines=SEC                          sector=industrials          rank=3
19:43:50 | INFO     | __main__:1654 -      #88 ITI          score= 57.0  engines=SEC                          sector=aerospace & defence  rank=4
19:43:50 | INFO     | __main__:1654 -      #89 GMDCLTD      score= 56.0  engines=SEC                          sector=metals & mining      rank=2
19:43:50 | INFO     | __main__:1654 -      #90 RKFORGE      score= 55.0  engines=SEC                          sector=industrials          rank=3
19:43:50 | INFO     | __main__:1670 -   Multi-engine confirmed: 32/90
19:43:50 | INFO     | __main__:1671 -   Sector distribution: {'power & utilities': 14, 'metals & mining': 17, 'industrials': 28, 'aerospace & defence': 7, 'chemicals': 1, 'bank': 10, 'healthcare': 10, 'transportation': 2, 'textiles': 1}
19:43:50 | INFO     | __main__:1672 -   Engine hits: {'CTL': 26, 'MOM': 45, 'SEC': 51, 'RVS': 12, 'IAD': 1}
19:43:50 | INFO     | __main__:1675 - Pass 4: writing (full mode)...
19:43:51 | SUCCESS  | __main__:1277 - ✓ 90 symbols → master_shortlist
19:43:51 | INFO     | __main__:1490 - Checking master_shortlist completeness...
19:43:51 | INFO     | __main__:1519 - ======================================================================
19:43:51 | INFO     | __main__:1520 - MASTER_SHORTLIST COMPLETENESS REPORT
19:43:51 | INFO     | __main__:1521 - ======================================================================
19:43:51 | WARNING  | __main__:1525 - active_regime             NULL in 49/92 rows (53.3%)
19:43:51 | WARNING  | __main__:1525 - ai_conviction             NULL in 92/92 rows (100.0%)
19:43:51 | WARNING  | __main__:1525 - ai_conviction_reason      NULL in 92/92 rows (100.0%)
19:43:51 | WARNING  | __main__:1525 - ai_fallback_used          NULL in 92/92 rows (100.0%)
19:43:51 | WARNING  | __main__:1525 - ai_note                   NULL in 92/92 rows (100.0%)
19:43:51 | WARNING  | __main__:1525 - ai_provider               NULL in 92/92 rows (100.0%)
19:43:51 | WARNING  | __main__:1525 - ai_risks                  NULL in 92/92 rows (100.0%)
19:43:51 | WARNING  | __main__:1525 - ai_shortlist_rank         NULL in 80/92 rows (87.0%)
19:43:51 | WARNING  | __main__:1525 - ai_shortlist_reason       NULL in 80/92 rows (87.0%)
19:43:51 | WARNING  | __main__:1525 - ai_suggested_action       NULL in 92/92 rows (100.0%)
19:43:51 | WARNING  | __main__:1525 - bb_context                NULL in 49/92 rows (53.3%)
19:43:51 | WARNING  | __main__:1525 - bb_position_pct           NULL in 49/92 rows (53.3%)
19:43:51 | WARNING  | __main__:1525 - bb_squeeze                NULL in 49/92 rows (53.3%)
19:43:51 | WARNING  | __main__:1525 - bb_width_pct              NULL in 49/92 rows (53.3%)
19:43:51 | WARNING  | __main__:1525 - breakout_readiness        NULL in 49/92 rows (53.3%)
19:43:51 | WARNING  | __main__:1525 - company_name              NULL in 22/92 rows (23.9%)
19:43:51 | WARNING  | __main__:1525 - composite_score           NULL in 2/92 rows (2.2%)
19:43:51 | WARNING  | __main__:1525 - computed_at               NULL in 2/92 rows (2.2%)
19:43:51 | WARNING  | __main__:1525 - convergence_pts           NULL in 2/92 rows (2.2%)
19:43:51 | WARNING  | __main__:1525 - days_in_list              NULL in 49/92 rows (53.3%)
19:43:51 | WARNING  | __main__:1525 - days_to_trigger_est       NULL in 49/92 rows (53.3%)
19:43:51 | WARNING  | __main__:1525 - dist_entry_pct            NULL in 49/92 rows (53.3%)
19:43:51 | WARNING  | __main__:1525 - dist_fv_pct               NULL in 49/92 rows (53.3%)
19:43:51 | WARNING  | __main__:1525 - dist_vwap_20d_pct         NULL in 49/92 rows (53.3%)
19:43:51 | WARNING  | __main__:1525 - eap_adjustment            NULL in 2/92 rows (2.2%)
19:43:51 | WARNING  | __main__:1525 - eap_revival               NULL in 92/92 rows (100.0%)
19:43:51 | WARNING  | __main__:1525 - engine_scores_json        NULL in 2/92 rows (2.2%)
19:43:51 | WARNING  | __main__:1525 - engines_count             NULL in 2/92 rows (2.2%)
19:43:51 | WARNING  | __main__:1525 - engines_list              NULL in 2/92 rows (2.2%)
19:43:51 | WARNING  | __main__:1525 - entry_action              NULL in 64/92 rows (69.6%)
19:43:51 | WARNING  | __main__:1525 - entry_mode                NULL in 64/92 rows (69.6%)
19:43:51 | WARNING  | __main__:1525 - entry_ready               NULL in 64/92 rows (69.6%)
19:43:51 | WARNING  | __main__:1525 - entry_timing_type         NULL in 49/92 rows (53.3%)
19:43:51 | WARNING  | __main__:1525 - entry_zone_high           NULL in 49/92 rows (53.3%)
19:43:51 | WARNING  | __main__:1525 - entry_zone_low            NULL in 49/92 rows (53.3%)
19:43:51 | WARNING  | __main__:1525 - event_bias                NULL in 65/92 rows (70.7%)
19:43:51 | WARNING  | __main__:1525 - event_sectors             NULL in 65/92 rows (70.7%)
19:43:51 | WARNING  | __main__:1525 - exec_eligibility          NULL in 64/92 rows (69.6%)
19:43:51 | WARNING  | __main__:1525 - expected_r                NULL in 49/92 rows (53.3%)
19:43:51 | WARNING  | __main__:1525 - fii_flag                  NULL in 49/92 rows (53.3%)
19:43:51 | WARNING  | __main__:1525 - fundamental_quality       NULL in 49/92 rows (53.3%)
19:43:51 | WARNING  | __main__:1525 - fv_high                   NULL in 64/92 rows (69.6%)
19:43:51 | WARNING  | __main__:1525 - fv_low                    NULL in 64/92 rows (69.6%)
19:43:51 | WARNING  | __main__:1525 - ha_signal                 NULL in 49/92 rows (53.3%)
19:43:51 | WARNING  | __main__:1525 - holding_score             NULL in 49/92 rows (53.3%)
19:43:51 | WARNING  | __main__:1525 - institutional_score       NULL in 49/92 rows (53.3%)
19:43:51 | WARNING  | __main__:1525 - is_ipo                    NULL in 64/92 rows (69.6%)
19:43:51 | WARNING  | __main__:1525 - lifecycle                 NULL in 49/92 rows (53.3%)
19:43:51 | WARNING  | __main__:1525 - liquidity_quality         NULL in 49/92 rows (53.3%)
19:43:51 | WARNING  | __main__:1525 - low_liquidity             NULL in 49/92 rows (53.3%)
19:43:51 | WARNING  | __main__:1525 - ma_alignment_score        NULL in 49/92 rows (53.3%)
19:43:51 | WARNING  | __main__:1525 - ma_levels                 NULL in 92/92 rows (100.0%)
19:43:51 | WARNING  | __main__:1525 - macd_crossing_up          NULL in 49/92 rows (53.3%)
19:43:51 | WARNING  | __main__:1525 - macd_direction            NULL in 49/92 rows (53.3%)
19:43:51 | WARNING  | __main__:1525 - market_cap                NULL in 2/92 rows (2.2%)
19:43:51 | WARNING  | __main__:1525 - momentum_phase            NULL in 49/92 rows (53.3%)
19:43:51 | WARNING  | __main__:1525 - momentum_score            NULL in 49/92 rows (53.3%)
19:43:51 | WARNING  | __main__:1525 - momentum_state            NULL in 49/92 rows (53.3%)
19:43:51 | WARNING  | __main__:1525 - notes                     NULL in 92/92 rows (100.0%)
19:43:51 | WARNING  | __main__:1525 - opp_type                  NULL in 64/92 rows (69.6%)
19:43:51 | WARNING  | __main__:1525 - persistent_phase          NULL in 57/92 rows (62.0%)
19:43:51 | WARNING  | __main__:1525 - pos_type                  NULL in 64/92 rows (69.6%)
19:43:51 | WARNING  | __main__:1525 - price_location            NULL in 49/92 rows (53.3%)
19:43:51 | WARNING  | __main__:1525 - priority_rank             NULL in 2/92 rows (2.2%)
19:43:51 | WARNING  | __main__:1525 - psar_dual_confirmed       NULL in 49/92 rows (53.3%)
19:43:51 | WARNING  | __main__:1525 - rank_vel_3d               NULL in 63/92 rows (68.5%)
19:43:51 | WARNING  | __main__:1525 - reentry_mode              NULL in 49/92 rows (53.3%)
19:43:51 | WARNING  | __main__:1525 - risk_score                NULL in 49/92 rows (53.3%)
19:43:51 | WARNING  | __main__:1525 - rsi_extended_thresh       NULL in 49/92 rows (53.3%)
19:43:51 | WARNING  | __main__:1525 - score_vel_5d              NULL in 67/92 rows (72.8%)
19:43:51 | WARNING  | __main__:1525 - screener_source           NULL in 2/92 rows (2.2%)
19:43:51 | WARNING  | __main__:1525 - sector_rank               NULL in 2/92 rows (2.2%)
19:43:51 | WARNING  | __main__:1525 - st_cushion_pct            NULL in 52/92 rows (56.5%)
19:43:51 | WARNING  | __main__:1525 - stoch_context             NULL in 49/92 rows (53.3%)
19:43:51 | WARNING  | __main__:1525 - struct_edge               NULL in 49/92 rows (53.3%)
19:43:51 | WARNING  | __main__:1525 - suggested                 NULL in 64/92 rows (69.6%)
19:43:51 | WARNING  | __main__:1525 - trade_allowed             NULL in 64/92 rows (69.6%)
19:43:51 | WARNING  | __main__:1525 - trend_maturity            NULL in 49/92 rows (53.3%)
19:43:51 | WARNING  | __main__:1525 - upcoming_news             NULL in 91/92 rows (98.9%)
19:43:51 | WARNING  | __main__:1525 - validity_score            NULL in 49/92 rows (53.3%)
19:43:51 | WARNING  | __main__:1525 - velocity_state            NULL in 49/92 rows (53.3%)
19:43:51 | WARNING  | __main__:1525 - volume_trend              NULL in 49/92 rows (53.3%)
19:43:51 | WARNING  | __main__:1525 - vwap_alignment            NULL in 49/92 rows (53.3%)
19:43:51 | WARNING  | __main__:1525 - weekly_structure          NULL in 49/92 rows (53.3%)
19:43:51 | INFO     | __main__:1527 - ======================================================================
19:43:51 | ERROR    | __main__:1532 - Columns never populated by script:
19:43:51 | ERROR    | __main__:1534 -    -> ai_conviction
19:43:51 | ERROR    | __main__:1534 -    -> ai_conviction_reason
19:43:51 | ERROR    | __main__:1534 -    -> ai_fallback_used
19:43:51 | ERROR    | __main__:1534 -    -> ai_note
19:43:51 | ERROR    | __main__:1534 -    -> ai_provider
19:43:51 | ERROR    | __main__:1534 -    -> ai_risks
19:43:51 | ERROR    | __main__:1534 -    -> ai_suggested_action
19:43:51 | ERROR    | __main__:1534 -    -> eap_revival
19:43:51 | ERROR    | __main__:1534 -    -> ma_levels
19:43:51 | ERROR    | __main__:1534 -    -> notes
19:43:51 | SUCCESS  | __main__:1536 - Completeness check finished.
19:43:51 | INFO     | __main__:1302 -   EAP revival: no penalized stocks found yesterday — skipping
19:43:51 | INFO     | __main__:1397 -   Outcomes: no msl_computed data for 2026-04-25 — skipping 5d
19:43:51 | INFO     | __main__:1397 -   Outcomes: no msl_computed data for 2026-04-20 — skipping 10d
19:43:51 | INFO     | __main__:1397 -   Outcomes: no msl_computed data for 2026-04-15 — skipping 15d
19:43:51 | INFO     | __main__:1426 -   Outcomes: nothing to log (no past data aligns with today)
19:44:31 | INFO     | config:189 - TradeOS v6 config loaded | Capital=₹200,000 | DRY_RUN=False | Phase=2
19:44:31 | INFO     | __main__:2443 - ======================================================================
19:44:31 | INFO     | __main__:2444 - STEP [14]: Compute MSL v3.0 | 2026-05-03 | mode=FULL
19:44:31 | INFO     | __main__:2448 - ======================================================================
19:44:31 | INFO     | __main__:2450 - Pass 1: loading data (9 bulk queries)...
19:44:31 | WARNING  | __main__:303 -   master_shortlist: falling back to 2026-05-01
19:44:31 | INFO     | __main__:307 -   Source table: master_shortlist (44 symbols)
19:44:31 | WARNING  | __main__:367 -   stock_data_daily: falling back to 2026-04-30
19:44:32 | WARNING  | __main__:511 -   sector_strength: falling back to 2026-05-01
19:44:32 | INFO     | __main__:636 -   market_news: 61 items | window 2026-05-01 → 2026-05-03
19:44:32 | INFO     | __main__:648 -   Loaded: 44 symbols | 44 stock_data | 493 history | 24 sectors | regime=NEUTRAL | 0 open positions | blocked=0 | FII=SELLING | news B:1/b:21
19:44:32 | INFO     | __main__:2472 - Pass 2: computing all fields...
19:44:32 | INFO     | __main__:2159 -   Regime context: NEUTRAL | RSI extended @72 | regime_boost=+0 | macro_boost=-1.0 | VIX=18.46 | breadth=44% | FII=SELLING | GIFT=+0.00%
19:44:32 | INFO     | __main__:2344 -   Computed: 44 | skipped: 0
19:44:32 | INFO     | __main__:2482 -   Results: 44 symbols
19:44:32 | INFO     | __main__:2483 -   Avg final_score:         51.5
19:44:32 | INFO     | __main__:2484 -   Avg momentum_score:      67.6
19:44:32 | INFO     | __main__:2485 -   Avg institutional_score: 36.1
19:44:32 | INFO     | __main__:2486 -   Avg breakout_readiness:  25.1
19:44:32 | INFO     | __main__:2487 -   Avg risk_score:          22.3
19:44:32 | INFO     | __main__:2488 -   Avg holding_score:       65.5
19:44:32 | INFO     | __main__:2489 -   Avg MA alignment:        5.1/6
19:44:32 | INFO     | __main__:2491 -   Momentum state:   {'HOT': 22, 'BUILDING': 14, 'WEAK': 6, 'STABLE': 2}
19:44:32 | INFO     | __main__:2492 -   Momentum phase:   {'EXPANSION': 20, 'EXTENDED': 6, 'FLAT': 11, 'EARLY': 2, 'EXHAUSTED': 5}
19:44:32 | INFO     | __main__:2493 -   Trend maturity:   {'LATE': 13, 'DEVELOPING': 11, 'FRESH': 6, 'FLAT': 10, 'EXHAUSTED': 4}
19:44:32 | INFO     | __main__:2494 -   Lifecycle:        {'HOLD': 33, 'EXIT': 8, 'ADD': 3}
19:44:32 | INFO     | __main__:2495 -   Entry timing:     {'CHASING': 6, 'REENTRY': 26, 'EXTENDED': 7, 'OPTIMAL': 5}
19:44:32 | INFO     | __main__:2496 -   Weekly structure: {'STRONG': 26, 'WEAK': 6, 'CONSOLIDATING': 4, 'CAUTION': 8}
19:44:32 | INFO     | __main__:2497 -   BB context:       {'UPPER_HALF': 27, 'RIDING_UPPER': 7, 'MIDDLE': 7, 'LOWER_HALF': 2, 'NEAR_LOWER': 1}
19:44:32 | INFO     | __main__:2498 -   VWAP alignment:   {'ABOVE_ALL': 16, 'ABOVE_ALL_EXTENDED': 7, 'ABOVE_20D': 17, 'MIXED': 4}
19:44:32 | INFO     | __main__:2499 -   Volume trend:     {'CONTRACTING': 9, 'STABLE': 26, 'EXPANDING': 7, 'DECLINING': 2}
19:44:32 | INFO     | __main__:2500 -   Fund quality:     {'STABLE': 42, 'LOSS_MAKING': 1, 'WEAK': 1}
19:44:32 | INFO     | __main__:2510 -   Score distribution: {'≥70': 0, '55-70': 18, '40-55': 19, '<40': 7}
19:44:32 | WARNING  | __main__:2512 -   ⚠ Less than 2 stocks scoring ≥70 — regime/data issue or regime is RISK OFF?
19:44:32 | INFO     | __main__:2516 -   Top 6 by final_score:
19:44:32 | INFO     | __main__:2520 -     GVT&D        final= 68.8  hold= 78.3  mom=HOT      phase=EXTENDED   MA=6/6  BB=UPPER_HALF           risk=30.0  struct=YES
19:44:32 | INFO     | __main__:2520 -     SAIL         final= 65.6  hold= 86.8  mom=HOT      phase=EXTENDED   MA=6/6  BB=RIDING_UPPER         risk=23.0  struct=YES
19:44:32 | INFO     | __main__:2520 -     CGPOWER      final= 64.3  hold= 72.8  mom=HOT      phase=EXPANSION  MA=6/6  BB=UPPER_HALF           risk=25.0  struct=YES
19:44:32 | INFO     | __main__:2520 -     CUMMINSIND   final= 64.1  hold= 79.7  mom=HOT      phase=EXPANSION  MA=6/6  BB=UPPER_HALF           risk=27.0  struct=YES
19:44:32 | INFO     | __main__:2520 -     KIRLOSENG    final= 63.3  hold= 86.1  mom=HOT      phase=EXTENDED   MA=6/6  BB=UPPER_HALF           risk=27.0  struct=YES
19:44:32 | INFO     | __main__:2520 -     TATAPOWER    final= 63.2  hold= 86.6  mom=HOT      phase=EXPANSION  MA=6/6  BB=UPPER_HALF           risk=24.0  struct=YES
19:44:32 | INFO     | __main__:2537 -   ★ HOT + in zone (new opportunities): ['TATAPOWER', 'HINDALCO', 'NMDC', 'ABB', 'SIEMENS', 'BHARATFORG', 'CGPOWER', 'POWERGRID', 'KIRLOSENG', 'KEI', 'SOLARINDS', 'SAIL']
19:44:32 | INFO     | __main__:2547 -   🌱 FRESH trend + struct_edge: ['JSWSTEEL', 'SCHAEFFLER', 'TATASTEEL', 'SARDAEN', 'NTPC']
19:44:32 | WARNING  | __main__:2569 -   Sheet comparison: falling back to 2026-05-01
19:44:32 | INFO     | __main__:2596 -   Sheet vs computed divergences (24), top 40 by rank:
19:44:32 | INFO     | __main__:2598 -     #1 POWERINDIA: mom HOT→HOT  score 96→47.4
19:44:32 | INFO     | __main__:2598 -     #2 GVT&D: mom HOT→HOT  score 93→68.8
19:44:32 | INFO     | __main__:2598 -     #3 KIRLOSENG: mom HOT→HOT  score 83→63.3
19:44:32 | INFO     | __main__:2598 -     #4 ADANIPOWER: mom HOT→HOT  score 70→50.4
19:44:32 | INFO     | __main__:2598 -     #5 WELCORP: mom HOT→HOT  score 63→42.6
19:44:32 | INFO     | __main__:2598 -     #6 BHARATFORG: mom STABLE→HOT  score 60→59.2
19:44:32 | INFO     | __main__:2598 -     #8 CUMMINSIND: mom STABLE→HOT  score 59→64.1
19:44:32 | INFO     | __main__:2598 -     #10 HINDALCO: mom STABLE→HOT  score 55→61.9
19:44:32 | INFO     | __main__:2598 -     #12 ABB: mom STABLE→HOT  score 53→58.1
19:44:32 | INFO     | __main__:2598 -     #13 KEI: mom BUILDING→HOT  score 49→62.7
19:44:32 | INFO     | __main__:2598 -     #14 TATASTEEL: mom STABLE→BUILDING  score 48→52.4
19:44:32 | INFO     | __main__:2598 -     #15 GPIL: mom WEAK→BUILDING  score 47→49.2
19:44:32 | INFO     | __main__:2598 -     #16 NMDC: mom BUILDING→HOT  score 47→62.1
19:44:32 | INFO     | __main__:2598 -     #17 COALINDIA: mom BUILDING→HOT  score 44→60.3
19:44:32 | INFO     | __main__:2598 -     #18 SIEMENS: mom STABLE→HOT  score 44→57.4
19:44:32 | INFO     | __main__:2598 -     #19 THERMAX: mom STABLE→BUILDING  score 43→52.8
19:44:32 | INFO     | __main__:2598 -     #21 CGPOWER: mom BUILDING→HOT  score 42→64.3
19:44:32 | INFO     | __main__:2598 -     #22 NTPC: mom BUILDING→BUILDING  score 40→54.9
19:44:32 | INFO     | __main__:2598 -     #23 SARDAEN: mom STABLE→BUILDING  score 40→55.7
19:44:32 | INFO     | __main__:2598 -     #24 TATAPOWER: mom STABLE→HOT  score 39→63.2
19:44:32 | INFO     | __main__:2598 -     #25 SOLARINDS: mom STABLE→HOT  score 38→57.7
19:44:32 | INFO     | __main__:2598 -     #26 JSWSTEEL: mom STABLE→BUILDING  score 38→59.0
19:44:32 | INFO     | __main__:2598 -     #27 POWERGRID: mom STABLE→HOT  score 35→62.1
19:44:32 | INFO     | __main__:2598 -     #28 JAINREC: mom WEAK→BUILDING  score 17→46.8
19:44:32 | INFO     | __main__:2614 - Pass 3: writing results...
19:44:32 | SUCCESS  | __main__:2424 - ✓ full: 44 → master_shortlist
19:50:04 | INFO     | config:189 - TradeOS v6 config loaded | Capital=₹200,000 | DRY_RUN=False | Phase=2
19:50:04 | INFO     | __main__:277 -   Resolving trading day from 2026-05-03 (holidays loaded: 26)
19:50:04 | INFO     | __main__:307 -   Trading day resolved: 2026-05-03 → 2026-04-30
19:50:04 | INFO     | __main__:2520 - ======================================================================
19:50:04 | INFO     | __main__:2521 - STEP [14]: Compute MSL v3.0 | 2026-04-30 | mode=FULL
19:50:04 | INFO     | __main__:2525 - ======================================================================
19:50:04 | INFO     | __main__:2527 - Pass 1: loading data (9 bulk queries)...
19:50:05 | INFO     | __main__:374 -   Source table: master_shortlist (92 symbols)
19:50:06 | INFO     | __main__:703 -   market_news: 39 items | window 2026-04-30 → 2026-04-30
19:50:06 | INFO     | __main__:715 -   Loaded: 92 symbols | 92 stock_data | 528 history | 24 sectors | regime=NEUTRAL | 0 open positions | blocked=0 | FII=SELLING | news B:0/b:3
19:50:06 | INFO     | __main__:2549 - Pass 2: computing all fields...
19:50:06 | INFO     | __main__:2226 -   Regime context: NEUTRAL | RSI extended @72 | regime_boost=+0 | macro_boost=-1.0 | VIX=18.46 | breadth=44% | FII=SELLING | GIFT=+0.00%
19:50:06 | INFO     | __main__:2411 -   Computed: 92 | skipped: 0
19:50:06 | INFO     | __main__:2559 -   Results: 92 symbols
19:50:06 | INFO     | __main__:2560 -   Avg final_score:         51.8
19:50:06 | INFO     | __main__:2561 -   Avg momentum_score:      68.4
19:50:06 | INFO     | __main__:2562 -   Avg institutional_score: 35.7
19:50:06 | INFO     | __main__:2563 -   Avg breakout_readiness:  24.6
19:50:06 | INFO     | __main__:2564 -   Avg risk_score:          22.5
19:50:06 | INFO     | __main__:2565 -   Avg holding_score:       69.9
19:50:06 | INFO     | __main__:2566 -   Avg MA alignment:        5.1/6
19:50:06 | INFO     | __main__:2568 -   Momentum state:   {'HOT': 50, 'BUILDING': 32, 'WEAK': 7, 'STABLE': 3}
19:50:06 | INFO     | __main__:2569 -   Momentum phase:   {'EXPANSION': 42, 'FLAT': 15, 'EXTENDED': 27, 'EXHAUSTED': 5, 'EARLY': 3}
19:50:06 | INFO     | __main__:2570 -   Trend maturity:   {'LATE': 36, 'DEVELOPING': 23, 'FLAT': 12, 'FRESH': 17, 'EXHAUSTED': 4}
19:50:06 | INFO     | __main__:2571 -   Lifecycle:        {'HOLD': 74, 'EXIT': 12, 'ADD': 6}
19:50:06 | INFO     | __main__:2572 -   Entry timing:     {'REENTRY': 66, 'OPTIMAL': 5, 'CHASING': 9, 'EXTENDED': 12}
19:50:06 | INFO     | __main__:2573 -   Weekly structure: {'CAUTION': 17, 'CONSOLIDATING': 12, 'STRONG': 52, 'WEAK': 11}
19:50:06 | INFO     | __main__:2574 -   BB context:       {'RIDING_UPPER': 18, 'UPPER_HALF': 55, 'LOWER_HALF': 3, 'MIDDLE': 15, 'NEAR_LOWER': 1}
19:50:06 | INFO     | __main__:2575 -   VWAP alignment:   {'ABOVE_20D': 42, 'ABOVE_ALL': 28, 'MIXED': 10, 'ABOVE_ALL_EXTENDED': 12}
19:50:06 | INFO     | __main__:2576 -   Volume trend:     {'EXPANDING': 27, 'DECLINING': 5, 'STABLE': 46, 'CONTRACTING': 14}
19:50:06 | INFO     | __main__:2577 -   Fund quality:     {'STABLE': 88, 'WEAK': 2, 'LOSS_MAKING': 2}
19:50:06 | INFO     | __main__:2587 -   Score distribution: {'≥70': 0, '55-70': 38, '40-55': 41, '<40': 13}
19:50:06 | WARNING  | __main__:2589 -   ⚠ Less than 2 stocks scoring ≥70 — regime/data issue or regime is RISK OFF?
19:50:06 | INFO     | __main__:2593 -   Top 6 by final_score:
19:50:06 | INFO     | __main__:2597 -     GVT&D        final= 67.3  hold= 78.3  mom=HOT      phase=EXTENDED   MA=6/6  BB=UPPER_HALF           risk=30.0  struct=YES
19:50:06 | INFO     | __main__:2597 -     SAIL         final= 67.2  hold= 86.8  mom=HOT      phase=EXTENDED   MA=6/6  BB=RIDING_UPPER         risk=23.0  struct=YES
19:50:06 | INFO     | __main__:2597 -     CGPOWER      final= 66.5  hold= 72.8  mom=HOT      phase=EXPANSION  MA=6/6  BB=UPPER_HALF           risk=25.0  struct=YES
19:50:06 | INFO     | __main__:2597 -     CUMMINSIND   final= 65.8  hold= 79.7  mom=HOT      phase=EXPANSION  MA=6/6  BB=UPPER_HALF           risk=27.0  struct=YES
19:50:06 | INFO     | __main__:2597 -     TATAPOWER    final= 65.6  hold= 86.6  mom=HOT      phase=EXPANSION  MA=6/6  BB=UPPER_HALF           risk=24.0  struct=YES
19:50:06 | INFO     | __main__:2597 -     KEI          final= 64.7  hold= 80.4  mom=HOT      phase=EXPANSION  MA=5/6  BB=UPPER_HALF           risk=18.0  struct=YES
19:50:06 | INFO     | __main__:2614 -   ★ HOT + in zone (new opportunities): ['HINDALCO', 'SIEMENS', 'SAIL', 'BHARATFORG', 'KEI', 'TATAPOWER', 'POWERGRID', 'ABB', 'CGPOWER', 'NMDC', 'SOLARINDS', 'KIRLOSENG']
19:50:06 | INFO     | __main__:2624 -   🌱 FRESH trend + struct_edge: ['INDUSINDBK', 'ASTERDM', 'JSWSTEEL', 'SCHAEFFLER', 'NTPC', 'AIAENG', 'USHAMART', 'SARDAEN', 'TATASTEEL', 'GRAPHITE', 'AUBANK', 'IPCALAB']
19:50:06 | INFO     | __main__:2673 -   Sheet vs computed divergences (89), top 40 by rank:
19:50:06 | INFO     | __main__:2675 -     #1 NTPC: mom BUILDING→BUILDING  score 131→57.3
19:50:06 | INFO     | __main__:2675 -     #2 HINDALCO: mom BUILDING→HOT  score 130→63.7
19:50:06 | INFO     | __main__:2675 -     #3 TATAPOWER: mom HOT→HOT  score 124→65.6
19:50:06 | INFO     | __main__:2675 -     #4 CUMMINSIND: mom HOT→HOT  score 124→65.8
19:50:06 | INFO     | __main__:2675 -     #5 KEI: mom HOT→HOT  score 124→64.7
19:50:06 | INFO     | __main__:2675 -     #6 BHARATFORG: mom BUILDING→HOT  score 122→60.7
19:50:06 | INFO     | __main__:2675 -     #7 POWERGRID: mom HOT→HOT  score 122→64.6
19:50:06 | INFO     | __main__:2675 -     #8 ABB: mom HOT→HOT  score 120→59.9
19:50:06 | INFO     | __main__:2675 -     #9 CGPOWER: mom HOT→HOT  score 119→66.5
19:50:06 | INFO     | __main__:2675 -     #10 SAIL: mom HOT→HOT  score 119→67.2
19:50:06 | INFO     | __main__:2675 -     #11 JSWSTEEL: mom BUILDING→BUILDING  score 117→61.3
19:50:06 | INFO     | __main__:2675 -     #12 NMDC: mom BUILDING→HOT  score 115→64.0
19:50:06 | INFO     | __main__:2675 -     #13 COALINDIA: mom BUILDING→HOT  score 113→62.5
19:50:06 | INFO     | __main__:2675 -     #14 POLYCAB: mom None→HOT  score 109→59.2
19:50:06 | INFO     | __main__:2675 -     #15 SARDAEN: mom BUILDING→BUILDING  score 109→57.6
19:50:06 | INFO     | __main__:2675 -     #16 SIEMENS: mom HOT→HOT  score 107→59.4
19:50:06 | INFO     | __main__:2675 -     #17 LLOYDSME: mom BUILDING→HOT  score 105→53.2
19:50:06 | INFO     | __main__:2675 -     #18 ELGIEQUIP: mom None→HOT  score 105→58.1
19:50:06 | INFO     | __main__:2675 -     #19 APARINDS: mom None→HOT  score 104→59.0
19:50:06 | INFO     | __main__:2675 -     #20 SOLARINDS: mom HOT→HOT  score 102→59.8
19:50:06 | INFO     | __main__:2675 -     #21 ADANIPOWER: mom BUILDING→HOT  score 101→51.6
19:50:06 | INFO     | __main__:2675 -     #22 KIRLOSENG: mom HOT→HOT  score 101→63.2
19:50:06 | INFO     | __main__:2675 -     #23 TATASTEEL: mom BUILDING→BUILDING  score 100→54.1
19:50:06 | INFO     | __main__:2675 -     #24 TORNTPOWER: mom None→HOT  score 99→61.8
19:50:06 | INFO     | __main__:2675 -     #25 WELCORP: mom BUILDING→HOT  score 99→44.1
19:50:06 | INFO     | __main__:2675 -     #26 BHEL: mom HOT→HOT  score 99→58.0
19:50:06 | INFO     | __main__:2675 -     #27 AIAENG: mom None→BUILDING  score 98→48.1
19:50:06 | INFO     | __main__:2675 -     #28 GPIL: mom BUILDING→BUILDING  score 95→50.7
19:50:06 | INFO     | __main__:2675 -     #29 ATUL: mom None→HOT  score 95→55.2
19:50:06 | INFO     | __main__:2675 -     #30 GRAPHITE: mom None→BUILDING  score 93→49.1
19:50:06 | INFO     | __main__:2675 -     #31 HINDZINC: mom BUILDING→BUILDING  score 92→48.7
19:50:06 | INFO     | __main__:2675 -     #32 ZENTEC: mom None→HOT  score 92→56.9
19:50:06 | INFO     | __main__:2675 -     #33 NLCINDIA: mom None→HOT  score 90→57.9
19:50:06 | INFO     | __main__:2675 -     #34 AUBANK: mom None→BUILDING  score 90→46.7
19:50:06 | INFO     | __main__:2675 -     #35 CESC: mom None→HOT  score 89→52.9
19:50:06 | INFO     | __main__:2675 -     #36 DRREDDY: mom None→HOT  score 89→50.0
19:50:06 | INFO     | __main__:2675 -     #37 TORNTPHARM: mom WEAK→WEAK  score 88→45.5
19:50:06 | INFO     | __main__:2675 -     #38 DATAPATTNS: mom None→HOT  score 87→56.3
19:50:06 | INFO     | __main__:2675 -     #39 RRKABEL: mom HOT→HOT  score 86→54.2
19:50:06 | INFO     | __main__:2675 -     #40 INDUSINDBK: mom None→HOT  score 84→48.3
19:50:06 | INFO     | __main__:2691 - Pass 3: writing results...
19:50:06 | SUCCESS  | __main__:2491 - ✓ full: 92 → master_shortlist
19:57:53 | INFO     | config:189 - TradeOS v6 config loaded | Capital=₹200,000 | DRY_RUN=False | Phase=2
19:57:53 | INFO     | __main__:1158 - ============================================================
19:57:53 | INFO     | __main__:1159 - STEP [15]: Generate Signals v5 — Dynamic Thresholds
19:57:53 | INFO     | __main__:1160 - ============================================================
19:57:54 | INFO     | __main__:231 -   Resolving trading day from 2026-05-03 (holidays loaded: 26)
19:57:54 | INFO     | __main__:260 -   Trading day resolved: 2026-05-03 → 2026-04-30
19:57:54 | INFO     | __main__:839 -   Thresholds loaded: risk_block=80.0 holding_exit=30.0 min_rr=1.0 min_score_adj=45.0 prime_breakout_min=55.0
20:00:28 | INFO     | config:189 - TradeOS v6 config loaded | Capital=₹200,000 | DRY_RUN=False | Phase=2
20:00:28 | INFO     | __main__:1158 - ============================================================
20:00:28 | INFO     | __main__:1159 - STEP [15]: Generate Signals v5 — Dynamic Thresholds
20:00:28 | INFO     | __main__:1160 - ============================================================
20:00:28 | INFO     | __main__:231 -   Resolving trading day from 2026-05-03 (holidays loaded: 26)
20:00:28 | INFO     | __main__:260 -   Trading day resolved: 2026-05-03 → 2026-04-30
20:00:28 | INFO     | __main__:839 -   Thresholds loaded: risk_block=80.0 holding_exit=30.0 min_rr=1.0 min_score_adj=45.0 prime_breakout_min=55.0
20:00:29 | INFO     | __main__:326 -   MSL: 92 rows | compute_source: {'screen_stocks': 90, 'ingest_sheets': 2}
20:00:29 | INFO     | __main__:1168 - Signal breakdown:  {'WATCH': 54, 'BLOCKED_ASM': 1}
20:00:29 | INFO     | __main__:1169 - Subtype breakdown: {}
20:00:29 | INFO     | __main__:1179 -   BUY: 0 (PRIME:0 REENTRY:0)
20:00:29 | INFO     | __main__:1180 -   EXIT:0 REDUCE:0 WATCH:54 (near_miss:49)
20:00:29 | INFO     | __main__:1186 -     target_already_reached: 11 — JSWSTEEL, BHARATFORG, KEI, NTPC
20:00:29 | INFO     | __main__:1186 -     extended_timing_no_reentry: 4 — ADANIPOWER, ADANIPORTS, BHEL, LLOYDSME
20:00:29 | INFO     | __main__:1186 -     chase_2.5atrs_limit_1.3: 3 — HINDALCO, CUMMINSIND, GRANULES
20:00:29 | INFO     | __main__:1186 -     chase_3.2atrs_limit_1.3: 1 — RRKABEL
20:00:29 | INFO     | __main__:1186 -     chase_3.7atrs_limit_1.3: 1 — JSWENERGY
20:00:29 | INFO     | __main__:1186 -     chase_3.2atrs_limit_1.0: 1 — TIINDIA
20:00:29 | INFO     | __main__:1186 -     chase_3.9atrs_limit_0.5: 1 — GMDCLTD
20:00:29 | INFO     | __main__:1186 -     chase_5.3atrs_limit_2.9: 1 — FINCABLES
20:00:29 | INFO     | __main__:1186 -     chase_3.6atrs_limit_0.5: 1 — SIEMENS
20:00:29 | INFO     | __main__:1186 -     chase_3.6atrs_limit_1.6: 1 — SAIL
20:00:29 | INFO     | __main__:1196 -   💡 Near misses for step 19 upgrade evaluation:
20:00:29 | INFO     | __main__:1200 -     RRKABEL: atr_chase — {'blocked_by': 'atr_chase', 'dist_atrs': 3.23, 'max_atrs': 1.3, 'gap_atrs': 1.93}
20:00:29 | INFO     | __main__:1200 -     JSWENERGY: atr_chase — {'blocked_by': 'atr_chase', 'dist_atrs': 3.68, 'max_atrs': 1.3, 'gap_atrs': 2.38}
20:00:29 | INFO     | __main__:1200 -     TIINDIA: atr_chase — {'blocked_by': 'atr_chase', 'dist_atrs': 3.17, 'max_atrs': 1.0, 'gap_atrs': 2.17}
20:00:29 | INFO     | __main__:1200 -     GMDCLTD: atr_chase — {'blocked_by': 'atr_chase', 'dist_atrs': 3.86, 'max_atrs': 0.5, 'gap_atrs': 3.36}
20:00:29 | INFO     | __main__:1200 -     FINCABLES: atr_chase — {'blocked_by': 'atr_chase', 'dist_atrs': 5.34, 'max_atrs': 2.9, 'gap_atrs': 2.44}
20:00:29 | INFO     | __main__:1146 - ✓ 55 signals written to signal_log
20:02:49 | INFO     | config:189 - TradeOS v6 config loaded | Capital=₹200,000 | DRY_RUN=False | Phase=2
20:02:49 | INFO     | __main__:46 - STEP: Append MSL + Regime History Snapshot
20:03:09 | INFO     | config:189 - TradeOS v6 config loaded | Capital=₹200,000 | DRY_RUN=False | Phase=2
20:03:09 | INFO     | __main__:105 - STEP: Append MSL + Regime History Snapshot
20:03:09 | INFO     | __main__:58 -   Resolving trading day from 2026-05-03 (holidays loaded: 26)
20:03:09 | INFO     | __main__:87 -   Trading day resolved: 2026-05-03 → 2026-04-30
20:03:09 | INFO     | __main__:120 - History snapshot already exists for 2026-04-30 — skipping
20:03:59 | INFO     | config:189 - TradeOS v6 config loaded | Capital=₹200,000 | DRY_RUN=False | Phase=2
20:03:59 | INFO     | __main__:105 - STEP: Append MSL + Regime History Snapshot
20:03:59 | INFO     | __main__:58 -   Resolving trading day from 2026-05-03 (holidays loaded: 26)
20:03:59 | INFO     | __main__:87 -   Trading day resolved: 2026-05-03 → 2026-04-30
20:06:42 | INFO     | config:189 - TradeOS v6 config loaded | Capital=₹200,000 | DRY_RUN=False | Phase=2
20:06:42 | INFO     | __main__:105 - STEP: Append MSL + Regime History Snapshot
20:06:42 | INFO     | __main__:58 -   Resolving trading day from 2026-05-03 (holidays loaded: 26)
20:06:43 | INFO     | __main__:87 -   Trading day resolved: 2026-05-03 → 2026-04-30
20:09:09 | INFO     | config:189 - TradeOS v6 config loaded | Capital=₹200,000 | DRY_RUN=False | Phase=2
20:09:09 | INFO     | __main__:105 - STEP: Append MSL + Regime History Snapshot
20:09:09 | INFO     | __main__:58 -   Resolving trading day from 2026-05-03 (holidays loaded: 26)
20:09:10 | INFO     | __main__:87 -   Trading day resolved: 2026-05-03 → 2026-04-30
20:09:10 | INFO     | __main__:186 - ✓ MSL History: 92 rows snapshotted for 2026-04-30
20:09:10 | WARNING  | __main__:250 - regime_history snapshot failed (non-fatal): {'code': 'PGRST204', 'details': None, 'hint': None, 'message': "Could not find the 'banknifty_weekly_rsi' column of 'regime_history' in the schema cache"}
20:10:32 | INFO     | config:189 - TradeOS v6 config loaded | Capital=₹200,000 | DRY_RUN=False | Phase=2
20:10:32 | INFO     | __main__:105 - STEP: Append MSL + Regime History Snapshot
20:10:32 | INFO     | __main__:58 -   Resolving trading day from 2026-05-03 (holidays loaded: 26)
20:10:32 | INFO     | __main__:87 -   Trading day resolved: 2026-05-03 → 2026-04-30
20:10:32 | INFO     | __main__:120 - History snapshot already exists for 2026-04-30 — skipping
20:10:59 | INFO     | config:189 - TradeOS v6 config loaded | Capital=₹200,000 | DRY_RUN=False | Phase=2
20:10:59 | INFO     | __main__:105 - STEP: Append MSL + Regime History Snapshot
20:10:59 | INFO     | __main__:58 -   Resolving trading day from 2026-05-03 (holidays loaded: 26)
20:10:59 | INFO     | __main__:87 -   Trading day resolved: 2026-05-03 → 2026-04-30
20:11:00 | INFO     | __main__:186 - ✓ MSL History: 92 rows snapshotted for 2026-04-30
20:11:00 | INFO     | __main__:243 - ✓ regime_history snapshot: regime=NEUTRAL nifty_5d=0.94 ad_ratio=0.34 for 2026-04-30
20:18:46 | INFO     | config:189 - TradeOS v6 config loaded | Capital=₹200,000 | DRY_RUN=False | Phase=2
20:18:46 | INFO     | __main__:105 - STEP: Append MSL + Regime History Snapshot
20:18:46 | INFO     | __main__:58 -   Resolving trading day from 2026-05-03 (holidays loaded: 26)
20:18:46 | INFO     | __main__:87 -   Trading day resolved: 2026-05-03 → 2026-04-30
20:18:46 | INFO     | __main__:120 - History snapshot already exists for 2026-04-30 — skipping
20:19:03 | INFO     | config:189 - TradeOS v6 config loaded | Capital=₹200,000 | DRY_RUN=False | Phase=2
20:19:03 | INFO     | __main__:1439 - =================================================================
20:19:03 | INFO     | __main__:1440 - STEP: Compute Regime v2.0 | 2026-05-03 | mode=FULL
20:19:03 | INFO     | __main__:1442 - =================================================================
20:19:03 | INFO     | __main__:110 -   stock_data_daily last trading date: 2026-04-30
20:19:03 | INFO     | __main__:140 -   2026-05-03 is non-trading — effective date is 2026-04-30
20:19:03 | INFO     | __main__:1450 -   Non-trading day — computing for last trading date: 2026-04-30
20:19:03 | INFO     | __main__:1453 - Pass 1: loading data...
20:19:03 | INFO     | __main__:451 -   Nifty Supabase: price=23997.55 | dma50=24173.825 | dma200=25108.484599609375 | weekly_rsi=42.98
20:19:03 | INFO     | __main__:479 -   BankNifty: price=55403.6015625 | weekly_rsi=41.7 | Nifty weekly_rsi=42.98
20:19:04 | INFO     | __main__:566 -   VIX: current=18.46 | rows_fetched=6 | vix_5d_delta=0.08 | ✓ delta computed
20:19:04 | INFO     | __main__:601 -   GIFT Nifty=23997.55 | prev_close=24177.650390625 | premium=-0.74%
20:19:04 | INFO     | __main__:656 -   DB fallback from: 2026-04-30
20:19:04 | INFO     | __main__:690 -   Loaded: regime_history=10 days | VIX=18.46 (macro_indicators) | FII flag=CAUTION | Nifty=23997.55 | above200dma=43.96%
20:19:04 | INFO     | __main__:1466 - Pass 2: scoring pillars...
20:19:04 | INFO     | __main__:1489 -   Pillar scores:
20:19:04 | INFO     | __main__:1490 -     Price structure:    1.0/25
20:19:04 | INFO     | __main__:1491 -     Breadth:           14.0/25
20:19:04 | INFO     | __main__:1492 -     Momentum:           4.0/20
20:19:04 | INFO     | __main__:1493 -     Volatility/VIX:     5.0/15  (VIX=18.46, Δ5d=+0.08)
20:19:04 | INFO     | __main__:1495 -     FII flows:          3.0/15
20:19:04 | INFO     | __main__:1496 -     Global modifier:   +1.0/±5  (S&P500 5d=+1.0%)
20:19:04 | INFO     | __main__:1498 -     ─────────────────────────────────────
20:19:04 | INFO     | __main__:1499 -     TOTAL:             28.0/100
20:19:04 | INFO     | __main__:1509 - Pass 3: applying hysteresis...
20:19:04 | INFO     | __main__:1517 -   Computed: NEUTRAL | Score: 28.0/100 | ✅ AGREE
20:19:04 | INFO     | __main__:1531 - Pass 4: writing (full mode)...
20:19:04 | SUCCESS  | __main__:1357 - ✓ market_regime UPSERT | computed_regime=NEUTRAL | score=28.0 | date=2026-04-30
20:19:04 | INFO     | __main__:1360 -   FULL MODE: regime field updated → Sheet decommissioned
20:20:28 | INFO     | config:189 - TradeOS v6 config loaded | Capital=₹200,000 | DRY_RUN=False | Phase=2
20:20:28 | INFO     | __main__:821 - ============================================================
20:20:28 | INFO     | __main__:822 - STEP 18: AI Market Intelligence 
20:20:28 | INFO     | __main__:823 - ============================================================
20:20:28 | INFO     | __main__:828 - Today: 2026-05-03 | Last trading day: 2026-04-30
20:20:28 | INFO     | __main__:831 - Pass 1: building market context...
20:20:29 | INFO     | __main__:172 -   market_news: 40 items | window 2026-05-01 → 2026-05-03
20:20:30 | INFO     | __main__:833 -   0 signal candidates | 40 news | 24 sectors | 10 macro indicators | 5 historical echoes
20:20:30 | INFO     | __main__:870 - Calling AI...
20:21:22 | INFO     | config:189 - TradeOS v6 config loaded | Capital=₹200,000 | DRY_RUN=False | Phase=2
20:21:22 | INFO     | __main__:772 - ============================================================
20:21:22 | INFO     | __main__:773 - STEP 19: AI Decision Engine 
20:21:22 | INFO     | __main__:774 - ============================================================
20:21:22 | INFO     | __main__:780 - Loading context...
20:21:22 | WARNING  | __main__:147 - No gate-passed signals found for 2026-05-03
20:21:22 | WARNING  | __main__:784 - No candidates available — step 19 skipped
20:30:20 | INFO     | config:189 - TradeOS v6 config loaded | Capital=₹200,000 | DRY_RUN=False | Phase=2
20:30:20 | INFO     | __main__:815 - ============================================================
20:30:20 | INFO     | __main__:816 - STEP 19: AI Decision Engine 
20:30:20 | INFO     | __main__:817 - ============================================================
20:30:20 | INFO     | __main__:823 - Non-trading day detected — rolling back to last trading date: 2026-04-30
20:30:20 | INFO     | __main__:826 - Loading context...
20:30:21 | WARNING  | __main__:192 - No gate-passed signals found for 2026-04-30
20:30:21 | WARNING  | __main__:830 - No candidates available — step 19 skipped
20:36:22 | INFO     | config:189 - TradeOS v6 config loaded | Capital=₹200,000 | DRY_RUN=False | Phase=2
20:36:22 | INFO     | __main__:71 - ════════════════════════════════════════════════════════════
20:36:22 | INFO     | __main__:72 -   TradeOS v6 Pipeline | Phase 2
20:36:22 | INFO     | __main__:73 - ════════════════════════════════════════════════════════════
20:36:22 | INFO     | __main__:22 - 
────────────────────────────────────────────────────────────
20:36:22 | INFO     | __main__:23 -   01_market_news
20:36:22 | INFO     | __main__:24 - ────────────────────────────────────────────────────────────
20:36:22 | INFO     | ingestion.ingest_market_news:618 - Market News Ingestion starting 
20:36:25 | INFO     | ingestion.ingest_market_news:641 -   NSE_CIRCULAR: 8 items
20:36:25 | INFO     | ingestion.ingest_market_news:641 -   RBI: 8 items
20:36:28 | INFO     | ingestion.ingest_market_news:641 -   NSE_BULK_DEAL: 17 items
20:36:29 | INFO     | ingestion.ingest_market_news:641 -   ET_MARKETS: 12 items
20:36:35 | INFO     | ingestion.ingest_market_news:641 -   GOOGLE_NEWS: 18 items
20:36:39 | INFO     | ingestion.ingest_market_news:641 -   SEBI: 8 items
20:36:39 | INFO     | ingestion.ingest_market_news:641 -   INVESTING_COMMODITIES: 10 items
20:36:41 | INFO     | ingestion.ingest_market_news:641 -   INVESTING_MACRO: 11 items
20:36:42 | SUCCESS  | ingestion.ingest_market_news:648 - Market News done: 92 scraped → 68 written | Sources: {'NSE_CIRCULAR': 8, 'RBI': 8, 'NSE_BULK_DEAL': 17, 'ET_MARKETS': 12, 'GOOGLE_NEWS': 18, 'SEBI': 8, 'INVESTING_COMMODITIES': 10, 'INVESTING_MACRO': 11}
20:36:42 | INFO     | __main__:29 - ✓ 01_market_news done in 19.7s
20:36:42 | INFO     | __main__:22 - 
────────────────────────────────────────────────────────────
20:36:42 | INFO     | __main__:23 -   02_macro_indicators
20:36:42 | INFO     | __main__:24 - ────────────────────────────────────────────────────────────
20:36:42 | INFO     | ingestion.ingest_macro_indicators:381 - Macro Indicators Ingestion starting 
20:36:42 | INFO     | ingestion.ingest_macro_indicators:389 -   RBI DBIE: 5 indicators
20:36:44 | INFO     | ingestion.ingest_macro_indicators:397 -   MOSPI: 2 indicators
20:36:44 | INFO     | ingestion.ingest_macro_indicators:412 -   Yahoo US_10YR_YIELD: 4.378
20:36:44 | INFO     | ingestion.ingest_macro_indicators:412 -   Yahoo SILVER_PRICE: 76.431
20:36:45 | INFO     | ingestion.ingest_macro_indicators:423 -   India VIX: 18.46
20:36:46 | INFO     | ingestion.ingest_macro_indicators:220 -   Nifty PCR: zero OI detected (market closed) — using last stored value
20:36:46 | WARNING  | ingestion.ingest_macro_indicators:269 -   Nifty PCR: no cached value found — using neutral default 1.0
20:36:46 | INFO     | ingestion.ingest_macro_indicators:432 -   Nifty PCR: 1.0 (source=DEFAULT_NEUTRAL)
20:36:48 | INFO     | ingestion.ingest_macro_indicators:442 -   ET RSS CPI/WPI: 2 indicators
20:36:48 | WARNING  | ingestion.ingest_macro_indicators:354 - macro_indicators write failed for NIFTY_PCR: {'code': 'PGRST204', 'details': None, 'hint': None, 'message': "Could not find the 'is_cached' column of 'macro_indicators' in the schema cache"}
20:36:48 | SUCCESS  | ingestion.ingest_macro_indicators:448 - Macro Indicators done: 13 fetched → 12 written
20:36:48 | INFO     | __main__:29 - ✓ 02_macro_indicators done in 6.8s
20:36:48 | INFO     | __main__:22 - 
────────────────────────────────────────────────────────────
20:36:48 | INFO     | __main__:23 -   03_global_cues
20:36:48 | INFO     | __main__:24 - ────────────────────────────────────────────────────────────
20:36:48 | INFO     | ingestion.ingest_global_cues:121 - Global Cues Ingestion — EVENING
20:36:50 | SUCCESS  | ingestion.ingest_global_cues:262 - [EVENING] Global cues saved: Gift=23997.55 | USD/INR=94.88 | Crude=108.17 | DOW=49499.27 (+0.07%) | S&P=7230.12 | Gap=FLAT +0.00% | Bias=RISK_ON
20:36:50 | INFO     | __main__:29 - ✓ 03_global_cues done in 1.2s
20:36:50 | INFO     | __main__:22 - 
────────────────────────────────────────────────────────────
20:36:50 | INFO     | __main__:23 -   04_fetch_chartink
20:36:50 | INFO     | __main__:24 - ────────────────────────────────────────────────────────────
20:37:03 | INFO     | ingestion.fetch_chartink:76 - Navigating to Chartink login...
20:37:06 | INFO     | ingestion.fetch_chartink:82 - ✓ Login submitted
20:37:06 | INFO     | ingestion.fetch_chartink:85 - Navigating to Swing dashboard...
20:37:14 | INFO     | ingestion.fetch_chartink:87 - Waiting for widgets to render...
20:37:26 | WARNING  | ingestion.fetch_chartink:108 - 4 widgets failed to load — retrying page...
20:37:45 | INFO     | ingestion.fetch_chartink:128 - Widget box: {'x': 928, 'y': 533, 'width': 441, 'height': 334}
20:37:46 | INFO     | ingestion.fetch_chartink:133 - Widget box after scroll: {'x': 928, 'y': 281, 'width': 441, 'height': 334}
20:37:46 | INFO     | ingestion.fetch_chartink:141 - Moving mouse: neutral → title (988,296) → CSV (1319,296)
20:37:51 | INFO     | ingestion.fetch_chartink:150 - Clicking CSV button...
20:37:51 | INFO     | ingestion.fetch_chartink:156 - ✓ CSV downloaded: 500 rows
20:37:52 | INFO     | ingestion.fetch_chartink:177 - Writing 500 rows to 'Chartink Raw Data_Nifty 500'...
20:37:56 | INFO     | ingestion.fetch_chartink:193 - ✓ Written to 'Chartink Raw Data_Nifty 500': 500 rows, 51 columns
20:37:56 | INFO     | ingestion.fetch_chartink:199 - Upserting 500 rows to Supabase chartink_raw_data...
20:37:58 | INFO     | ingestion.fetch_chartink:265 - ✓ Upserted to chartink_raw_data: 500 rows
20:37:58 | INFO     | __main__:29 - ✓ 04_fetch_chartink done in 68.2s
20:37:58 | INFO     | __main__:22 - 
────────────────────────────────────────────────────────────
20:37:58 | INFO     | __main__:23 -   05_ingest_bhavcopy
20:37:58 | INFO     | __main__:24 - ────────────────────────────────────────────────────────────
20:37:58 | INFO     | ingestion.ingest_bhavcopy:523 - ════════════════════════════════════════════════════════════
20:37:58 | INFO     | ingestion.ingest_bhavcopy:524 -   STEP: Ingest Bhavcopy (NSE primary + BSE fallback)
20:37:58 | INFO     | ingestion.ingest_bhavcopy:525 - ════════════════════════════════════════════════════════════
20:37:58 | INFO     | ingestion.ingest_bhavcopy:115 -   2026-05-01 is an NSE holiday — stepping back
20:37:58 | INFO     | ingestion.ingest_bhavcopy:530 - Trade date: 2026-04-30
20:37:58 | INFO     | ingestion.ingest_bhavcopy:553 - Already complete for 2026-04-30 — raw_prices: 2455 rows | stock_data_daily: 500 rows — skipping
20:37:58 | INFO     | __main__:29 - ✓ 05_ingest_bhavcopy done in 0.5s
20:37:58 | INFO     | __main__:22 - 
────────────────────────────────────────────────────────────
20:37:58 | INFO     | __main__:23 -   06_ingest_sheets
20:37:58 | INFO     | __main__:24 - ────────────────────────────────────────────────────────────
20:37:58 | INFO     | ingestion.ingest_sheets:736 - ============================================================
20:37:58 | INFO     | ingestion.ingest_sheets:737 - STEP 1: Google Sheets Ingestion
20:37:58 | INFO     | ingestion.ingest_sheets:738 - ============================================================
20:37:58 | INFO     | ingestion.ingest_sheets:673 - Ingesting strategy configs...
20:38:25 | INFO     | ingestion.ingest_sheets:725 - ✓ STRATEGY_CONFIG: 4 strategies loaded
20:38:25 | INFO     | ingestion.ingest_sheets:155 - Ingesting MASTER_SHORTLIST...
20:38:26 | INFO     | ingestion.ingest_sheets:239 - ✓ MASTER_SHORTLIST: 28 rows upserted
20:38:26 | INFO     | ingestion.ingest_sheets:253 - No removed MSL symbols to reconcile
20:38:26 | INFO     | ingestion.ingest_sheets:260 - Ingesting OPEN_POSITIONS...
20:38:26 | INFO     | ingestion.ingest_sheets:319 - No rows to upsert
20:38:26 | INFO     | ingestion.ingest_sheets:370 - No removed symbols to reconcile
20:38:26 | INFO     | ingestion.ingest_sheets:394 - Ingesting CLOSED_POSITIONS...
20:38:29 | INFO     | ingestion.ingest_sheets:441 - ✓ CLOSED_POSITIONS: 69 rows upserted
20:38:29 | INFO     | ingestion.ingest_sheets:446 - Ingesting SECTOR_STRENGTH...
20:38:30 | INFO     | ingestion.ingest_sheets:477 - ✓ SECTOR_STRENGTH: 23 sectors upserted
20:38:30 | INFO     | ingestion.ingest_sheets:481 - Ingesting INDUSTRY_STRENGTH...
20:38:30 | INFO     | ingestion.ingest_sheets:513 - ✓ INDUSTRY_STRENGTH: 22 industries upserted
20:38:30 | INFO     | ingestion.ingest_sheets:565 - Ingesting EVENT_CALENDAR...
20:38:31 | INFO     | ingestion.ingest_sheets:599 - ✓ EVENT_CALENDAR: 53 events upserted
20:38:31 | INFO     | ingestion.ingest_sheets:604 - Ingesting LESSONS_LEARNED...
20:38:32 | INFO     | ingestion.ingest_sheets:647 - ✓ LESSONS_LEARNED: 0 new lessons added
20:38:32 | INFO     | ingestion.ingest_sheets:652 - Ingesting NSE_HOLIDAYS...
20:38:32 | INFO     | ingestion.ingest_sheets:667 - ✓ NSE_HOLIDAYS: 25 holidays
20:38:32 | INFO     | ingestion.ingest_sheets:764 - 
✓ Ingestion complete: 224 total rows across 9 tables
20:38:32 | INFO     | __main__:29 - ✓ 06_ingest_sheets done in 33.8s
20:38:32 | INFO     | __main__:22 - 
────────────────────────────────────────────────────────────
20:38:32 | INFO     | __main__:23 -   07_fii_dii
20:38:32 | INFO     | __main__:24 - ────────────────────────────────────────────────────────────
20:38:32 | INFO     | ingestion.ingest_fii_dii:149 - FII/DII Ingestion starting
20:38:34 | SUCCESS  | ingestion.ingest_fii_dii:169 - FII/DII saved: net=-8048Cr, flag=CAUTION
20:38:34 | INFO     | __main__:29 - ✓ 07_fii_dii done in 1.4s
20:38:34 | INFO     | __main__:22 - 
────────────────────────────────────────────────────────────
20:38:34 | INFO     | __main__:23 -   08_nse_events
20:38:34 | INFO     | __main__:24 - ────────────────────────────────────────────────────────────
20:38:34 | INFO     | ingestion.ingest_nse_events:87 - NSE Events Ingestion starting
20:38:35 | INFO     | ingestion.ingest_nse_events:101 - Fetched 367 raw events from NSE
20:38:35 | INFO     | ingestion.ingest_nse_events:123 -   Deduped: 367 → 361 events
20:38:35 | SUCCESS  | ingestion.ingest_nse_events:132 - NSE events saved: 361 events (next 90 days, 6 dupes dropped)
20:38:35 | INFO     | __main__:29 - ✓ 08_nse_events done in 1.6s
20:38:35 | INFO     | __main__:22 - 
────────────────────────────────────────────────────────────
20:38:35 | INFO     | __main__:23 -   09_asm_gsm
20:38:35 | INFO     | __main__:24 - ────────────────────────────────────────────────────────────
20:38:35 | INFO     | ingestion.ingest_asm_gsm:233 - Safety Lists Ingestion starting 
20:38:38 | INFO     | ingestion.ingest_asm_gsm:243 - ASM: 259 | GSM: 52 | F&O Ban: 0
20:38:49 | INFO     | ingestion.ingest_asm_gsm:223 - stock_data_daily flags: 311 asm_flag, 0 fo_ban_flag
20:38:49 | SUCCESS  | ingestion.ingest_asm_gsm:266 - Safety lists saved: 311 total entries
20:38:49 | INFO     | __main__:29 - ✓ 09_asm_gsm done in 13.9s
20:38:49 | INFO     | __main__:22 - 
────────────────────────────────────────────────────────────
20:38:49 | INFO     | __main__:23 -   10_compute_indicators
20:38:49 | INFO     | __main__:24 - ────────────────────────────────────────────────────────────
20:38:49 | INFO     | compute.compute_indicators:1123 - compute_indicators v2.3 — 2026-05-03 — COMPUTE_ONLY
20:38:49 | INFO     | compute.compute_indicators:1092 -   Resolved trading date: 2026-05-03 → 2026-04-30
20:38:49 | INFO     | compute.compute_indicators:1136 - Pass 1: bulk data fetch...
20:38:49 | INFO     | compute.compute_indicators:559 -   chartink_raw_data: 500 rows
20:38:49 | INFO     | compute.compute_indicators:211 -   fetch_bulk_history_yf: checking price_history_yf cache (500 symbols) | cutoff=2025-01-15...
20:38:51 | INFO     | compute.compute_indicators:260 -   Today OHLCV seeded from chartink: 500 symbols | tail calls eliminated for current symbols
20:38:51 | INFO     | compute.compute_indicators:341 -   Young listings skipping yfinance (32 symbols):
20:38:51 | INFO     | compute.compute_indicators:342 -   Symbol           Listed Since    Cached  Expected  Complete  Reason
20:38:51 | INFO     | compute.compute_indicators:343 -   ----------------------------------------------------------------------
20:38:51 | INFO     | compute.compute_indicators:354 -   ABLBL            2025-06-23         210       213      99%  needs 50 more sessions (~72d) to reach 260
20:38:51 | INFO     | compute.compute_indicators:354 -   ACUTAAS          2025-06-02         226       227     100%  needs 34 more sessions (~49d) to reach 260
20:38:51 | INFO     | compute.compute_indicators:354 -   AEGISVOPAK       2025-06-02         227       227     100%  needs 33 more sessions (~48d) to reach 260
20:38:51 | INFO     | compute.compute_indicators:354 -   ANTHEM           2025-07-21         192       194      99%  needs 68 more sessions (~99d) to reach 260
20:38:51 | INFO     | compute.compute_indicators:354 -   ATHERENERG       2025-05-06         246       246     100%  needs 14 more sessions (~20d) to reach 260
20:38:51 | INFO     | compute.compute_indicators:354 -   BELRISE          2025-05-28         230       231     100%  needs 30 more sessions (~43d) to reach 260
20:38:51 | INFO     | compute.compute_indicators:354 -   CANHLIFE         2025-10-17         129       133      97%  needs 131 more sessions (~191d) to reach 260
20:38:51 | INFO     | compute.compute_indicators:354 -   CEMPRO           2025-09-10         156       159      98%  needs 104 more sessions (~151d) to reach 260
20:38:51 | INFO     | compute.compute_indicators:354 -   COHANCE          2025-05-08         243       244     100%  needs 17 more sessions (~24d) to reach 260
20:38:51 | INFO     | compute.compute_indicators:354 -   CPPLUS           2025-08-05         181       183      99%  needs 79 more sessions (~115d) to reach 260
20:38:51 | INFO     | compute.compute_indicators:354 -   EMMVEE           2025-11-18         111       111     100%  needs 149 more sessions (~217d) to reach 260
20:38:51 | INFO     | compute.compute_indicators:354 -   ENRIN            2025-06-19         212       216      98%  needs 48 more sessions (~70d) to reach 260
20:38:51 | INFO     | compute.compute_indicators:354 -   GROWW            2025-11-12         115       115     100%  needs 145 more sessions (~211d) to reach 260
20:38:51 | INFO     | compute.compute_indicators:354 -   HDBFS            2025-07-02         205       207      99%  needs 55 more sessions (~80d) to reach 260
20:38:51 | INFO     | compute.compute_indicators:354 -   HEALTHCARE       2026-02-16          49        50      98%  needs 211 more sessions (~307d) to reach 260
20:38:51 | INFO     | compute.compute_indicators:354 -   ICICIAMC         2025-12-19          88        90      98%  needs 172 more sessions (~250d) to reach 260
20:38:51 | INFO     | compute.compute_indicators:354 -   JAINREC          2025-10-01         140       144      97%  needs 120 more sessions (~175d) to reach 260
20:38:51 | INFO     | compute.compute_indicators:354 -   JSWCEMENT        2025-08-14         174       177      98%  needs 86 more sessions (~125d) to reach 260
20:38:51 | INFO     | compute.compute_indicators:354 -   LENSKART         2025-11-10         117       117     100%  needs 143 more sessions (~208d) to reach 260
20:38:51 | INFO     | compute.compute_indicators:354 -   LGEINDIA         2025-10-14         134       135      99%  needs 126 more sessions (~183d) to reach 260
20:38:51 | INFO     | compute.compute_indicators:354 -   LTM              2026-02-18          47        48      98%  needs 213 more sessions (~310d) to reach 260
20:38:51 | INFO     | compute.compute_indicators:354 -   MEESHO           2025-12-10          95        96      99%  needs 165 more sessions (~240d) to reach 260
20:38:51 | INFO     | compute.compute_indicators:354 -   PINELABS         2025-11-14         113       114      99%  needs 147 more sessions (~214d) to reach 260
20:38:51 | INFO     | compute.compute_indicators:354 -   PIRAMALFIN       2025-11-07         116       119      97%  needs 144 more sessions (~210d) to reach 260
20:38:51 | INFO     | compute.compute_indicators:354 -   PWL              2025-11-18         110       111      99%  needs 150 more sessions (~218d) to reach 260
20:38:51 | INFO     | compute.compute_indicators:354 -   TATACAP          2025-10-13         135       136      99%  needs 125 more sessions (~182d) to reach 260
20:38:51 | INFO     | compute.compute_indicators:354 -   TENNIND          2025-11-19         110       111      99%  needs 150 more sessions (~218d) to reach 260
20:38:51 | INFO     | compute.compute_indicators:354 -   THELEELA         2025-06-02         225       227      99%  needs 35 more sessions (~51d) to reach 260
20:38:51 | INFO     | compute.compute_indicators:354 -   TMCV             2025-11-12         115       115     100%  needs 145 more sessions (~211d) to reach 260
20:38:51 | INFO     | compute.compute_indicators:354 -   TMPV             2025-10-15         132       135      98%  needs 128 more sessions (~186d) to reach 260
20:38:51 | INFO     | compute.compute_indicators:354 -   TRAVELFOOD       2025-07-14         197       198      99%  needs 63 more sessions (~91d) to reach 260
20:38:51 | INFO     | compute.compute_indicators:354 -   URBANCO          2025-09-17         152       154      99%  needs 108 more sessions (~157d) to reach 260
20:38:51 | INFO     | compute.compute_indicators:359 -   ----------------------------------------------------------------------
20:38:51 | INFO     | compute.compute_indicators:364 -   price_history_yf: 468 sufficient | 0 tail-refresh | 0 gap-fill (genuine cache gaps) | 32 young listings (cache complete, skipping yfinance) | 0 full fetch (new symbols)
  ✓ yfinance not needed — all symbols sufficient and current
20:38:58 | INFO     | compute.compute_indicators:545 -   fetch_bulk_history_yf complete: 500 symbols loaded | 154116 total sessions | 0 symbols fetched from yfinance
20:38:58 | INFO     | compute.compute_indicators:595 -   Upcoming events: 348 symbols with events in next 30d
20:38:58 | INFO     | compute.compute_indicators:619 -   MSL symbols: 92 in shortlist
20:38:59 | INFO     | compute.compute_indicators:643 -   Index membership: 600 symbols mapped
20:38:59 | INFO     | compute.compute_indicators:681 -   raw_prices: 499 symbols with delivery/value data
20:38:59 | INFO     | compute.compute_indicators:1170 -   Nifty 1M return: 3.8203%
20:38:59 | INFO     | compute.compute_indicators:1177 - Pass 2: computing and reconciling...
20:38:59 | INFO     | compute.compute_indicators:1230 - =================================================================
20:38:59 | INFO     | compute.compute_indicators:1231 - COMPUTE INDICATORS SUMMARY — 2026-04-30 — COMPUTE_ONLY
20:38:59 | INFO     | compute.compute_indicators:1232 -   Symbols: 500 processed | 0 skipped
20:38:59 | INFO     | compute.compute_indicators:1256 - =================================================================
20:38:59 | INFO     | compute.compute_indicators:1272 - Pass 3: writing 500 rows to stock_data_daily...
20:39:00 | SUCCESS  | compute.compute_indicators:1280 - compute_indicators: 500 written | 0 skipped | 0 diverged field types requiring review
20:39:00 | INFO     | __main__:29 - ✓ 10_compute_indicators done in 10.7s
20:39:00 | INFO     | __main__:22 - 
────────────────────────────────────────────────────────────
20:39:00 | INFO     | __main__:23 -   11_compute_regime
20:39:00 | INFO     | __main__:24 - ────────────────────────────────────────────────────────────
20:39:00 | INFO     | compute.compute_regime:1439 - =================================================================
20:39:00 | INFO     | compute.compute_regime:1440 - STEP: Compute Regime v2.0 | 2026-05-03 | mode=FULL
20:39:00 | INFO     | compute.compute_regime:1442 - =================================================================
20:39:00 | INFO     | compute.compute_regime:110 -   stock_data_daily last trading date: 2026-04-30
20:39:00 | INFO     | compute.compute_regime:140 -   2026-05-03 is non-trading — effective date is 2026-04-30
20:39:00 | INFO     | compute.compute_regime:1450 -   Non-trading day — computing for last trading date: 2026-04-30
20:39:00 | INFO     | compute.compute_regime:1453 - Pass 1: loading data...
20:39:00 | INFO     | compute.compute_regime:451 -   Nifty Supabase: price=23997.55 | dma50=24173.825 | dma200=25108.484599609375 | weekly_rsi=42.98
20:39:00 | INFO     | compute.compute_regime:479 -   BankNifty: price=55403.6015625 | weekly_rsi=41.7 | Nifty weekly_rsi=42.98
20:39:00 | INFO     | compute.compute_regime:566 -   VIX: current=18.46 | rows_fetched=6 | vix_5d_delta=0.08 | ✓ delta computed
20:39:00 | INFO     | compute.compute_regime:601 -   GIFT Nifty=23997.55 | prev_close=24177.650390625 | premium=-0.74%
20:39:00 | INFO     | compute.compute_regime:656 -   DB fallback from: 2026-04-30
20:39:00 | INFO     | compute.compute_regime:690 -   Loaded: regime_history=10 days | VIX=18.46 (macro_indicators) | FII flag=CAUTION | Nifty=23997.55 | above200dma=43.96%
20:39:00 | INFO     | compute.compute_regime:1466 - Pass 2: scoring pillars...
20:39:00 | INFO     | compute.compute_regime:1489 -   Pillar scores:
20:39:00 | INFO     | compute.compute_regime:1490 -     Price structure:    1.0/25
20:39:00 | INFO     | compute.compute_regime:1491 -     Breadth:           14.0/25
20:39:00 | INFO     | compute.compute_regime:1492 -     Momentum:           4.0/20
20:39:00 | INFO     | compute.compute_regime:1493 -     Volatility/VIX:     5.0/15  (VIX=18.46, Δ5d=+0.08)
20:39:00 | INFO     | compute.compute_regime:1495 -     FII flows:          3.0/15
20:39:00 | INFO     | compute.compute_regime:1496 -     Global modifier:   +1.0/±5  (S&P500 5d=+1.5%)
20:39:00 | INFO     | compute.compute_regime:1498 -     ─────────────────────────────────────
20:39:00 | INFO     | compute.compute_regime:1499 -     TOTAL:             28.0/100
20:39:00 | INFO     | compute.compute_regime:1509 - Pass 3: applying hysteresis...
20:39:00 | INFO     | compute.compute_regime:1517 -   Computed: NEUTRAL | Score: 28.0/100 | ✅ AGREE
20:39:00 | INFO     | compute.compute_regime:1531 - Pass 4: writing (full mode)...
20:39:00 | SUCCESS  | compute.compute_regime:1357 - ✓ market_regime UPSERT | computed_regime=NEUTRAL | score=28.0 | date=2026-04-30
20:39:00 | INFO     | compute.compute_regime:1360 -   FULL MODE: regime field updated → Sheet decommissioned
20:39:00 | INFO     | __main__:29 - ✓ 11_compute_regime done in 0.6s
20:39:00 | INFO     | __main__:22 - 
────────────────────────────────────────────────────────────
20:39:00 | INFO     | __main__:23 -   12_regime_predict
20:39:00 | INFO     | __main__:24 - ────────────────────────────────────────────────────────────
16:09:03 | INFO     | config:189 - TradeOS v6 config loaded | Capital=₹200,000 | DRY_RUN=False | Phase=2
16:09:03 | WARNING  | __main__:622 - Model not found at C:\Users\vkshu\CRITICAL\Equity Indian Market Framework\tradeos-v6-complete\tradeos-v6\backend\models\ml_regime_model.pkl.
Run --train or wait for Sunday evolution_weekly.yml W2.
Manual regime from ingest_sheets controls until model exists.
20:39:03 | INFO     | __main__:29 - ✓ 12_regime_predict done in 2.4s
20:39:03 | INFO     | __main__:22 - 
────────────────────────────────────────────────────────────
20:39:03 | INFO     | __main__:23 -   13_screen_stocks
20:39:03 | INFO     | __main__:24 - ────────────────────────────────────────────────────────────
20:39:03 | INFO     | signals.screen_stocks:158 -   Resolved trading date: 2026-05-03 → 2026-04-30
20:39:03 | INFO     | signals.screen_stocks:1563 - =================================================================
20:39:03 | INFO     | signals.screen_stocks:1564 - STEP: Screen Stocks v1.1 | 2026-04-30 | mode=FULL
20:39:03 | INFO     | signals.screen_stocks:1566 - =================================================================
20:39:03 | INFO     | signals.screen_stocks:1568 - Pass 1: loading data...
20:39:03 | INFO     | signals.screen_stocks:220 -   ingest_sheets symbols merged into force_include: 2
20:39:03 | INFO     | signals.screen_stocks:228 -   Loaded: 500 stocks | 24 sectors | regime=NEUTRAL | asm=311 | fii=CAUTION | forced=28
20:39:03 | INFO     | signals.screen_stocks:1600 - Pass 2: running engines (regime=NEUTRAL)...
20:39:03 | INFO     | signals.screen_stocks:358 -   CTL: 27 candidates
20:39:03 | INFO     | signals.screen_stocks:439 -   SBS: 0 candidates
20:39:03 | INFO     | signals.screen_stocks:519 -   TPO: 0 candidates
20:39:03 | INFO     | signals.screen_stocks:596 -   VBD: 0 candidates
20:39:03 | INFO     | signals.screen_stocks:661 -   IAD: 1 candidates
20:39:03 | INFO     | signals.screen_stocks:715 -   RSB: 0 candidates
20:39:03 | INFO     | signals.screen_stocks:818 -   MOM: 47 candidates
20:39:03 | INFO     | signals.screen_stocks:933 -   RVS: 13 candidates
20:39:03 | INFO     | signals.screen_stocks:1009 -   SEC: 54 candidates
20:39:03 | INFO     | signals.screen_stocks:1629 -   Engine totals: CTL=27 SBS=0 TPO=0 VBD=0 IAD=1 RSB=0 MOM=47 RVS=13 SEC=54 | Total unique=94
20:39:03 | INFO     | signals.screen_stocks:1637 - Pass 3: aggregating and ranking...
20:39:03 | INFO     | signals.screen_stocks:1056 -   Regime weights (NEUTRAL):  (all 1.0x)
20:39:03 | INFO     | signals.screen_stocks:1172 -   Aggregated: 95 total unique | 91 after hard filters | 90 final
20:39:03 | INFO     | signals.screen_stocks:1651 - 
  ═══ TOP 90 SCREENED SYMBOLS (NEUTRAL) ═══
20:39:03 | INFO     | signals.screen_stocks:1654 -      # 1 NTPC         score=131.4  engines=CTL,MOM,SEC                  sector=power & utilities    rank=1
20:39:03 | INFO     | signals.screen_stocks:1654 -      # 2 HINDALCO     score=130.0  engines=CTL,MOM,SEC                  sector=metals & mining      rank=2
20:39:03 | INFO     | signals.screen_stocks:1654 -      # 3 TATAPOWER    score=124.4  engines=CTL,MOM,SEC                  sector=power & utilities    rank=1
20:39:03 | INFO     | signals.screen_stocks:1654 -      # 4 CUMMINSIND   score=124.1  engines=CTL,MOM,SEC                  sector=industrials          rank=3
20:39:03 | INFO     | signals.screen_stocks:1654 -      # 5 KEI          score=124.0  engines=CTL,MOM,SEC                  sector=industrials          rank=3
20:39:03 | INFO     | signals.screen_stocks:1654 -      # 6 BHARATFORG   score=122.2  engines=CTL,MOM,SEC                  sector=industrials          rank=3
20:39:03 | INFO     | signals.screen_stocks:1654 -      # 7 POWERGRID    score=122.2  engines=CTL,MOM,SEC                  sector=power & utilities    rank=1
20:39:03 | INFO     | signals.screen_stocks:1654 -      # 8 ABB          score=120.2  engines=CTL,MOM,SEC                  sector=industrials          rank=3
20:39:03 | INFO     | signals.screen_stocks:1654 -      # 9 CGPOWER      score=119.2  engines=CTL,MOM,SEC                  sector=industrials          rank=3
20:39:03 | INFO     | signals.screen_stocks:1654 -      #10 SAIL         score=118.8  engines=CTL,MOM                      sector=metals & mining      rank=2
20:39:03 | INFO     | signals.screen_stocks:1654 -      #11 JSWSTEEL     score=117.3  engines=CTL,MOM,SEC                  sector=metals & mining      rank=2
20:39:03 | INFO     | signals.screen_stocks:1654 -      #12 NMDC         score=114.9  engines=CTL,MOM,SEC                  sector=metals & mining      rank=2
20:39:03 | INFO     | signals.screen_stocks:1654 -      #13 COALINDIA    score=113.0  engines=CTL,MOM                      sector=metals & mining      rank=2
20:39:03 | INFO     | signals.screen_stocks:1654 -      #14 POLYCAB      score=109.3  engines=MOM,SEC                      sector=industrials          rank=3
20:39:03 | INFO     | signals.screen_stocks:1654 -      #15 SARDAEN      score=108.6  engines=CTL,MOM,SEC                  sector=metals & mining      rank=2
20:39:03 | INFO     | signals.screen_stocks:1654 -      #16 SIEMENS      score=107.0  engines=CTL,MOM                      sector=industrials          rank=3
20:39:03 | INFO     | signals.screen_stocks:1654 -      #17 LLOYDSME     score=105.0  engines=CTL                          sector=metals & mining      rank=2
20:39:03 | INFO     | signals.screen_stocks:1654 -      #18 ELGIEQUIP    score=105.0  engines=MOM,SEC                      sector=industrials          rank=3
20:39:03 | INFO     | signals.screen_stocks:1654 -      #19 APARINDS     score=103.5  engines=MOM,SEC                      sector=industrials          rank=3
20:39:03 | INFO     | signals.screen_stocks:1654 -      #20 SOLARINDS    score=102.2  engines=CTL,MOM                      sector=aerospace & defence  rank=4
20:39:03 | INFO     | signals.screen_stocks:1654 -      #21 ADANIPOWER   score=101.0  engines=CTL                          sector=power & utilities    rank=1
20:39:03 | INFO     | signals.screen_stocks:1654 -      #22 KIRLOSENG    score=100.6  engines=CTL,MOM,SEC                  sector=industrials          rank=3
20:39:03 | INFO     | signals.screen_stocks:1654 -      #23 TATASTEEL    score=100.1  engines=CTL,SEC                      sector=metals & mining      rank=2
20:39:03 | INFO     | signals.screen_stocks:1654 -      #24 TORNTPOWER   score= 99.2  engines=MOM,SEC                      sector=power & utilities    rank=1
20:39:03 | INFO     | signals.screen_stocks:1654 -      #25 WELCORP      score= 99.0  engines=CTL                          sector=industrials          rank=3
20:39:03 | INFO     | signals.screen_stocks:1654 -      #26 BHEL         score= 99.0  engines=CTL                          sector=industrials          rank=3
20:39:03 | INFO     | signals.screen_stocks:1654 -      #27 AIAENG       score= 97.6  engines=MOM,SEC                      sector=industrials          rank=3
20:39:03 | INFO     | signals.screen_stocks:1654 -      #28 GPIL         score= 95.3  engines=CTL,SEC                      sector=metals & mining      rank=2
20:39:03 | INFO     | signals.screen_stocks:1654 -      #29 ATUL         score= 95.0  engines=MOM                          sector=chemicals            rank=8
20:39:03 | INFO     | signals.screen_stocks:1654 -      #30 GRAPHITE     score= 92.8  engines=MOM,SEC                      sector=industrials          rank=3
20:39:03 | INFO     | signals.screen_stocks:1654 -      #31 HINDZINC     score= 92.3  engines=MOM,SEC                      sector=metals & mining      rank=2
20:39:03 | INFO     | signals.screen_stocks:1654 -      #32 ZENTEC       score= 91.9  engines=MOM,SEC                      sector=aerospace & defence  rank=4
20:39:03 | INFO     | signals.screen_stocks:1654 -      #33 NLCINDIA     score= 90.5  engines=MOM,SEC                      sector=power & utilities    rank=1
20:39:03 | INFO     | signals.screen_stocks:1654 -      #34 AUBANK       score= 90.0  engines=MOM                          sector=bank                 rank=9
20:39:03 | INFO     | signals.screen_stocks:1654 -      #35 CESC         score= 89.0  engines=CTL                          sector=power & utilities    rank=1
20:39:03 | INFO     | signals.screen_stocks:1654 -      #36 DRREDDY      score= 89.0  engines=MOM                          sector=healthcare           rank=6
20:39:03 | INFO     | signals.screen_stocks:1654 -      #37 TORNTPHARM   score= 88.0  engines=RVS                          sector=healthcare           rank=6
20:39:03 | INFO     | signals.screen_stocks:1654 -      #38 DATAPATTNS   score= 87.0  engines=MOM                          sector=aerospace & defence  rank=4
20:39:03 | INFO     | signals.screen_stocks:1654 -      #39 RRKABEL      score= 85.5  engines=MOM,SEC                      sector=industrials          rank=3
20:39:03 | INFO     | signals.screen_stocks:1654 -      #40 INDUSINDBK   score= 84.0  engines=MOM                          sector=bank                 rank=9
20:39:03 | INFO     | signals.screen_stocks:1654 -      #41 FINCABLES    score= 84.0  engines=MOM                          sector=industrials          rank=3
20:39:03 | INFO     | signals.screen_stocks:1654 -      #42 ASTERDM      score= 83.0  engines=MOM                          sector=healthcare           rank=6
20:39:03 | INFO     | signals.screen_stocks:1654 -      #43 THERMAX      score= 82.7  engines=CTL,SEC                      sector=industrials          rank=3
20:39:03 | INFO     | signals.screen_stocks:1654 -      #44 POWERINDIA   score= 82.0  engines=CTL                          sector=industrials          rank=3
20:39:03 | INFO     | signals.screen_stocks:1654 -      #45 AJANTPHARM   score= 82.0  engines=RVS                          sector=healthcare           rank=6
20:39:03 | INFO     | signals.screen_stocks:1654 -      #46 SBIN         score= 82.0  engines=RVS                          sector=bank                 rank=9
20:39:03 | INFO     | signals.screen_stocks:1654 -      #47 GRANULES     score= 81.0  engines=MOM                          sector=healthcare           rank=6
20:39:03 | INFO     | signals.screen_stocks:1654 -      #48 CUB          score= 81.0  engines=MOM                          sector=bank                 rank=9
20:39:03 | INFO     | signals.screen_stocks:1654 -      #49 MAHABANK     score= 81.0  engines=MOM                          sector=bank                 rank=9
20:39:03 | INFO     | signals.screen_stocks:1654 -      #50 ADANIPORTS   score= 80.0  engines=MOM                          sector=transportation       rank=7
20:39:03 | INFO     | signals.screen_stocks:1654 -      #51 RBLBANK      score= 80.0  engines=MOM                          sector=bank                 rank=9
20:39:03 | INFO     | signals.screen_stocks:1654 -      #52 SJVN         score= 77.0  engines=SEC                          sector=power & utilities    rank=1
20:39:03 | INFO     | signals.screen_stocks:1654 -      #53 NATIONALUM   score= 76.0  engines=RVS                          sector=metals & mining      rank=2
20:39:03 | INFO     | signals.screen_stocks:1654 -      #54 HEG          score= 75.1  engines=RVS,SEC                      sector=industrials          rank=3
20:39:03 | INFO     | signals.screen_stocks:1654 -      #55 JINDALSTEL   score= 75.0  engines=RVS                          sector=metals & mining      rank=2
20:39:03 | INFO     | signals.screen_stocks:1654 -      #56 BEL          score= 74.0  engines=RVS                          sector=aerospace & defence  rank=4
20:39:03 | INFO     | signals.screen_stocks:1654 -      #57 GLENMARK     score= 74.0  engines=MOM                          sector=healthcare           rank=6
20:39:03 | INFO     | signals.screen_stocks:1654 -      #58 TIMKEN       score= 73.8  engines=RVS,SEC                      sector=industrials          rank=3
20:39:03 | INFO     | signals.screen_stocks:1654 -      #59 USHAMART     score= 73.0  engines=SEC                          sector=metals & mining      rank=2
20:39:03 | INFO     | signals.screen_stocks:1654 -      #60 NSLNISP      score= 73.0  engines=SEC                          sector=metals & mining      rank=2
20:39:03 | INFO     | signals.screen_stocks:1654 -      #61 NTPCGREEN    score= 72.0  engines=SEC                          sector=power & utilities    rank=1
20:39:03 | INFO     | signals.screen_stocks:1654 -      #62 EMMVEE       score= 72.0  engines=SEC                          sector=industrials          rank=3
20:39:03 | INFO     | signals.screen_stocks:1654 -      #63 TIINDIA      score= 72.0  engines=SEC                          sector=industrials          rank=3
20:39:03 | INFO     | signals.screen_stocks:1654 -      #64 NHPC         score= 72.0  engines=SEC                          sector=power & utilities    rank=1
20:39:03 | INFO     | signals.screen_stocks:1654 -      #65 SUNPHARMA    score= 71.0  engines=MOM                          sector=healthcare           rank=6
20:39:03 | INFO     | signals.screen_stocks:1654 -      #66 GLAND        score= 70.0  engines=IAD                          sector=healthcare           rank=6
20:39:03 | INFO     | signals.screen_stocks:1654 -      #67 LUPIN        score= 70.0  engines=RVS                          sector=healthcare           rank=6
20:39:03 | INFO     | signals.screen_stocks:1654 -      #68 ENRIN        score= 70.0  engines=SEC                          sector=power & utilities    rank=1
20:39:03 | INFO     | signals.screen_stocks:1654 -      #69 INOXWIND     score= 70.0  engines=SEC                          sector=industrials          rank=3
20:39:03 | INFO     | signals.screen_stocks:1654 -      #70 GESHIP       score= 68.0  engines=MOM                          sector=transportation       rank=7
20:39:03 | INFO     | signals.screen_stocks:1654 -      #71 SHYAMMETL    score= 68.0  engines=SEC                          sector=metals & mining      rank=2
20:39:03 | INFO     | signals.screen_stocks:1654 -      #72 GRAVITA      score= 68.0  engines=SEC                          sector=metals & mining      rank=2
20:39:03 | INFO     | signals.screen_stocks:1654 -      #73 HAL          score= 67.0  engines=SEC                          sector=aerospace & defence  rank=4
20:39:03 | INFO     | signals.screen_stocks:1654 -      #74 JSWENERGY    score= 67.0  engines=SEC                          sector=power & utilities    rank=1
20:39:03 | INFO     | signals.screen_stocks:1654 -      #75 BANDHANBNK   score= 65.0  engines=MOM                          sector=bank                 rank=9
20:39:03 | INFO     | signals.screen_stocks:1654 -      #76 VTL          score= 63.0  engines=MOM                          sector=textiles             rank=10
20:39:03 | INFO     | signals.screen_stocks:1654 -      #77 IPCALAB      score= 63.0  engines=MOM                          sector=healthcare           rank=6
20:39:03 | INFO     | signals.screen_stocks:1654 -      #78 KARURVYSYA   score= 63.0  engines=RVS                          sector=bank                 rank=9
20:39:03 | INFO     | signals.screen_stocks:1654 -      #79 RPOWER       score= 62.0  engines=SEC                          sector=power & utilities    rank=1
20:39:03 | INFO     | signals.screen_stocks:1654 -      #80 JINDALSAW    score= 62.0  engines=SEC                          sector=industrials          rank=3
20:39:03 | INFO     | signals.screen_stocks:1654 -      #81 CARBORUNIV   score= 60.0  engines=SEC                          sector=industrials          rank=3
20:39:03 | INFO     | signals.screen_stocks:1654 -      #82 JPPOWER      score= 60.0  engines=SEC                          sector=power & utilities    rank=1
20:39:03 | INFO     | signals.screen_stocks:1654 -      #83 FEDERALBNK   score= 59.0  engines=RVS                          sector=bank                 rank=9
20:39:03 | INFO     | signals.screen_stocks:1654 -      #84 SCHAEFFLER   score= 59.0  engines=SEC                          sector=industrials          rank=3
20:39:03 | INFO     | signals.screen_stocks:1654 -      #85 BEML         score= 57.0  engines=SEC                          sector=aerospace & defence  rank=4
20:39:03 | INFO     | signals.screen_stocks:1654 -      #86 AXISBANK     score= 57.0  engines=RVS                          sector=bank                 rank=9
20:39:03 | INFO     | signals.screen_stocks:1654 -      #87 TITAGARH     score= 57.0  engines=SEC                          sector=industrials          rank=3
20:39:03 | INFO     | signals.screen_stocks:1654 -      #88 ITI          score= 57.0  engines=SEC                          sector=aerospace & defence  rank=4
20:39:03 | INFO     | signals.screen_stocks:1654 -      #89 GMDCLTD      score= 56.0  engines=SEC                          sector=metals & mining      rank=2
20:39:03 | INFO     | signals.screen_stocks:1654 -      #90 RKFORGE      score= 55.0  engines=SEC                          sector=industrials          rank=3
20:39:03 | INFO     | signals.screen_stocks:1670 -   Multi-engine confirmed: 32/90
20:39:03 | INFO     | signals.screen_stocks:1671 -   Sector distribution: {'power & utilities': 14, 'metals & mining': 17, 'industrials': 28, 'aerospace & defence': 7, 'chemicals': 1, 'bank': 10, 'healthcare': 10, 'transportation': 2, 'textiles': 1}
20:39:03 | INFO     | signals.screen_stocks:1672 -   Engine hits: {'CTL': 26, 'MOM': 45, 'SEC': 51, 'RVS': 12, 'IAD': 1}
20:39:03 | INFO     | signals.screen_stocks:1675 - Pass 4: writing (full mode)...
20:39:04 | SUCCESS  | signals.screen_stocks:1277 - ✓ 90 symbols → master_shortlist
20:39:04 | INFO     | signals.screen_stocks:1490 - Checking master_shortlist completeness...
20:39:04 | INFO     | signals.screen_stocks:1519 - ======================================================================
20:39:04 | INFO     | signals.screen_stocks:1520 - MASTER_SHORTLIST COMPLETENESS REPORT
20:39:04 | INFO     | signals.screen_stocks:1521 - ======================================================================
20:39:04 | WARNING  | signals.screen_stocks:1525 - ai_conviction             NULL in 92/92 rows (100.0%)
20:39:04 | WARNING  | signals.screen_stocks:1525 - ai_conviction_reason      NULL in 92/92 rows (100.0%)
20:39:04 | WARNING  | signals.screen_stocks:1525 - ai_fallback_used          NULL in 92/92 rows (100.0%)
20:39:04 | WARNING  | signals.screen_stocks:1525 - ai_note                   NULL in 92/92 rows (100.0%)
20:39:04 | WARNING  | signals.screen_stocks:1525 - ai_provider               NULL in 92/92 rows (100.0%)
20:39:04 | WARNING  | signals.screen_stocks:1525 - ai_risks                  NULL in 92/92 rows (100.0%)
20:39:04 | WARNING  | signals.screen_stocks:1525 - ai_shortlist_rank         NULL in 80/92 rows (87.0%)
20:39:04 | WARNING  | signals.screen_stocks:1525 - ai_shortlist_reason       NULL in 80/92 rows (87.0%)
20:39:04 | WARNING  | signals.screen_stocks:1525 - ai_suggested_action       NULL in 92/92 rows (100.0%)
20:39:04 | WARNING  | signals.screen_stocks:1525 - company_name              NULL in 22/92 rows (23.9%)
20:39:04 | WARNING  | signals.screen_stocks:1525 - composite_score           NULL in 2/92 rows (2.2%)
20:39:04 | WARNING  | signals.screen_stocks:1525 - computed_at               NULL in 2/92 rows (2.2%)
20:39:04 | WARNING  | signals.screen_stocks:1525 - convergence_pts           NULL in 2/92 rows (2.2%)
20:39:04 | WARNING  | signals.screen_stocks:1525 - eap_adjustment            NULL in 2/92 rows (2.2%)
20:39:04 | WARNING  | signals.screen_stocks:1525 - eap_revival               NULL in 92/92 rows (100.0%)
20:39:04 | WARNING  | signals.screen_stocks:1525 - engine_scores_json        NULL in 2/92 rows (2.2%)
20:39:04 | WARNING  | signals.screen_stocks:1525 - engines_count             NULL in 2/92 rows (2.2%)
20:39:04 | WARNING  | signals.screen_stocks:1525 - engines_list              NULL in 2/92 rows (2.2%)
20:39:04 | WARNING  | signals.screen_stocks:1525 - entry_action              NULL in 64/92 rows (69.6%)
20:39:04 | WARNING  | signals.screen_stocks:1525 - entry_mode                NULL in 64/92 rows (69.6%)
20:39:04 | WARNING  | signals.screen_stocks:1525 - entry_ready               NULL in 64/92 rows (69.6%)
20:39:04 | WARNING  | signals.screen_stocks:1525 - event_bias                NULL in 65/92 rows (70.7%)
20:39:04 | WARNING  | signals.screen_stocks:1525 - event_sectors             NULL in 65/92 rows (70.7%)
20:39:04 | WARNING  | signals.screen_stocks:1525 - exec_eligibility          NULL in 64/92 rows (69.6%)
20:39:04 | WARNING  | signals.screen_stocks:1525 - fv_high                   NULL in 64/92 rows (69.6%)
20:39:04 | WARNING  | signals.screen_stocks:1525 - fv_low                    NULL in 64/92 rows (69.6%)
20:39:04 | WARNING  | signals.screen_stocks:1525 - is_ipo                    NULL in 64/92 rows (69.6%)
20:39:04 | WARNING  | signals.screen_stocks:1525 - ma_levels                 NULL in 92/92 rows (100.0%)
20:39:04 | WARNING  | signals.screen_stocks:1525 - market_cap                NULL in 2/92 rows (2.2%)
20:39:04 | WARNING  | signals.screen_stocks:1525 - notes                     NULL in 92/92 rows (100.0%)
20:39:04 | WARNING  | signals.screen_stocks:1525 - opp_type                  NULL in 64/92 rows (69.6%)
20:39:04 | WARNING  | signals.screen_stocks:1525 - persistent_phase          NULL in 35/92 rows (38.0%)
20:39:04 | WARNING  | signals.screen_stocks:1525 - pos_type                  NULL in 64/92 rows (69.6%)
20:39:04 | WARNING  | signals.screen_stocks:1525 - priority_rank             NULL in 2/92 rows (2.2%)
20:39:04 | WARNING  | signals.screen_stocks:1525 - rank_vel_3d               NULL in 51/92 rows (55.4%)
20:39:04 | WARNING  | signals.screen_stocks:1525 - score_vel_5d              NULL in 60/92 rows (65.2%)
20:39:04 | WARNING  | signals.screen_stocks:1525 - screener_source           NULL in 2/92 rows (2.2%)
20:39:04 | WARNING  | signals.screen_stocks:1525 - sector_rank               NULL in 2/92 rows (2.2%)
20:39:04 | WARNING  | signals.screen_stocks:1525 - st_cushion_pct            NULL in 4/92 rows (4.3%)
20:39:04 | WARNING  | signals.screen_stocks:1525 - suggested                 NULL in 64/92 rows (69.6%)
20:39:04 | WARNING  | signals.screen_stocks:1525 - trade_allowed             NULL in 64/92 rows (69.6%)
20:39:04 | WARNING  | signals.screen_stocks:1525 - upcoming_news             NULL in 91/92 rows (98.9%)
20:39:04 | INFO     | signals.screen_stocks:1527 - ======================================================================
20:39:04 | ERROR    | signals.screen_stocks:1532 - Columns never populated by script:
20:39:04 | ERROR    | signals.screen_stocks:1534 -    -> ai_conviction
20:39:04 | ERROR    | signals.screen_stocks:1534 -    -> ai_conviction_reason
20:39:04 | ERROR    | signals.screen_stocks:1534 -    -> ai_fallback_used
20:39:04 | ERROR    | signals.screen_stocks:1534 -    -> ai_note
20:39:04 | ERROR    | signals.screen_stocks:1534 -    -> ai_provider
20:39:04 | ERROR    | signals.screen_stocks:1534 -    -> ai_risks
20:39:04 | ERROR    | signals.screen_stocks:1534 -    -> ai_suggested_action
20:39:04 | ERROR    | signals.screen_stocks:1534 -    -> eap_revival
20:39:04 | ERROR    | signals.screen_stocks:1534 -    -> ma_levels
20:39:04 | ERROR    | signals.screen_stocks:1534 -    -> notes
20:39:04 | SUCCESS  | signals.screen_stocks:1536 - Completeness check finished.
20:39:04 | INFO     | signals.screen_stocks:1302 -   EAP revival: no penalized stocks found yesterday — skipping
20:39:04 | INFO     | signals.screen_stocks:1397 -   Outcomes: no msl_computed data for 2026-04-25 — skipping 5d
20:39:04 | INFO     | signals.screen_stocks:1397 -   Outcomes: no msl_computed data for 2026-04-20 — skipping 10d
20:39:04 | INFO     | signals.screen_stocks:1397 -   Outcomes: no msl_computed data for 2026-04-15 — skipping 15d
20:39:04 | INFO     | signals.screen_stocks:1426 -   Outcomes: nothing to log (no past data aligns with today)
20:39:04 | INFO     | __main__:29 - ✓ 13_screen_stocks done in 1.0s
20:39:04 | INFO     | __main__:22 - 
────────────────────────────────────────────────────────────
20:39:04 | INFO     | __main__:23 -   14_compute_msl
20:39:04 | INFO     | __main__:24 - ────────────────────────────────────────────────────────────
20:39:04 | INFO     | compute.compute_msl:277 -   Resolving trading day from 2026-05-03 (holidays loaded: 26)
20:39:04 | INFO     | compute.compute_msl:307 -   Trading day resolved: 2026-05-03 → 2026-04-30
20:39:04 | INFO     | compute.compute_msl:2520 - ======================================================================
20:39:04 | INFO     | compute.compute_msl:2521 - STEP [14]: Compute MSL v3.0 | 2026-04-30 | mode=FULL
20:39:04 | INFO     | compute.compute_msl:2525 - ======================================================================
20:39:04 | INFO     | compute.compute_msl:2527 - Pass 1: loading data (9 bulk queries)...
20:39:04 | INFO     | compute.compute_msl:374 -   Source table: master_shortlist (92 symbols)
20:39:05 | INFO     | compute.compute_msl:703 -   market_news: 39 items | window 2026-04-30 → 2026-04-30
20:39:05 | INFO     | compute.compute_msl:715 -   Loaded: 92 symbols | 92 stock_data | 577 history | 24 sectors | regime=NEUTRAL | 0 open positions | blocked=0 | FII=SELLING | news B:0/b:3
20:39:05 | INFO     | compute.compute_msl:2549 - Pass 2: computing all fields...
20:39:05 | INFO     | compute.compute_msl:2226 -   Regime context: NEUTRAL | RSI extended @72 | regime_boost=+0 | macro_boost=-3.0 | VIX=18.46 | breadth=44% | FII=SELLING | GIFT=+0.00%
20:39:05 | INFO     | compute.compute_msl:2411 -   Computed: 92 | skipped: 0
20:39:05 | INFO     | compute.compute_msl:2559 -   Results: 92 symbols
20:39:05 | INFO     | compute.compute_msl:2560 -   Avg final_score:         49.8
20:39:05 | INFO     | compute.compute_msl:2561 -   Avg momentum_score:      68.4
20:39:05 | INFO     | compute.compute_msl:2562 -   Avg institutional_score: 35.7
20:39:05 | INFO     | compute.compute_msl:2563 -   Avg breakout_readiness:  24.6
20:39:05 | INFO     | compute.compute_msl:2564 -   Avg risk_score:          22.6
20:39:05 | INFO     | compute.compute_msl:2565 -   Avg holding_score:       69.9
20:39:05 | INFO     | compute.compute_msl:2566 -   Avg MA alignment:        5.1/6
20:39:05 | INFO     | compute.compute_msl:2568 -   Momentum state:   {'BUILDING': 32, 'HOT': 50, 'WEAK': 7, 'STABLE': 3}
20:39:05 | INFO     | compute.compute_msl:2569 -   Momentum phase:   {'EXPANSION': 42, 'EXTENDED': 27, 'EXHAUSTED': 5, 'EARLY': 3, 'FLAT': 15}
20:39:05 | INFO     | compute.compute_msl:2570 -   Trend maturity:   {'DEVELOPING': 23, 'LATE': 36, 'FRESH': 17, 'EXHAUSTED': 4, 'FLAT': 12}
20:39:05 | INFO     | compute.compute_msl:2571 -   Lifecycle:        {'HOLD': 74, 'ADD': 6, 'EXIT': 12}
20:39:05 | INFO     | compute.compute_msl:2572 -   Entry timing:     {'OPTIMAL': 5, 'REENTRY': 66, 'CHASING': 9, 'EXTENDED': 12}
20:39:05 | INFO     | compute.compute_msl:2573 -   Weekly structure: {'CAUTION': 17, 'STRONG': 52, 'CONSOLIDATING': 12, 'WEAK': 11}
20:39:05 | INFO     | compute.compute_msl:2574 -   BB context:       {'RIDING_UPPER': 18, 'UPPER_HALF': 55, 'MIDDLE': 15, 'NEAR_LOWER': 1, 'LOWER_HALF': 3}
20:39:05 | INFO     | compute.compute_msl:2575 -   VWAP alignment:   {'MIXED': 10, 'ABOVE_ALL': 28, 'ABOVE_ALL_EXTENDED': 12, 'ABOVE_20D': 42}
20:39:05 | INFO     | compute.compute_msl:2576 -   Volume trend:     {'STABLE': 46, 'CONTRACTING': 14, 'EXPANDING': 27, 'DECLINING': 5}
20:39:05 | INFO     | compute.compute_msl:2577 -   Fund quality:     {'STABLE': 88, 'WEAK': 2, 'LOSS_MAKING': 2}
20:39:05 | INFO     | compute.compute_msl:2587 -   Score distribution: {'≥70': 0, '55-70': 34, '40-55': 43, '<40': 15}
20:39:05 | WARNING  | compute.compute_msl:2589 -   ⚠ Less than 2 stocks scoring ≥70 — regime/data issue or regime is RISK OFF?
20:39:05 | INFO     | compute.compute_msl:2593 -   Top 6 by final_score:
20:39:05 | INFO     | compute.compute_msl:2597 -     GVT&D        final= 65.3  hold= 78.3  mom=HOT      phase=EXTENDED   MA=6/6  BB=UPPER_HALF           risk=30.0  struct=YES
20:39:05 | INFO     | compute.compute_msl:2597 -     SAIL         final= 65.2  hold= 86.8  mom=HOT      phase=EXTENDED   MA=6/6  BB=RIDING_UPPER         risk=23.0  struct=YES
20:39:05 | INFO     | compute.compute_msl:2597 -     CGPOWER      final= 64.5  hold= 72.8  mom=HOT      phase=EXPANSION  MA=6/6  BB=UPPER_HALF           risk=25.0  struct=YES
20:39:05 | INFO     | compute.compute_msl:2597 -     CUMMINSIND   final= 63.8  hold= 79.7  mom=HOT      phase=EXPANSION  MA=6/6  BB=UPPER_HALF           risk=27.0  struct=YES
20:39:05 | INFO     | compute.compute_msl:2597 -     TATAPOWER    final= 63.6  hold= 86.6  mom=HOT      phase=EXPANSION  MA=6/6  BB=UPPER_HALF           risk=24.0  struct=YES
20:39:05 | INFO     | compute.compute_msl:2597 -     KEI          final= 62.7  hold= 80.4  mom=HOT      phase=EXPANSION  MA=5/6  BB=UPPER_HALF           risk=18.0  struct=YES
20:39:05 | INFO     | compute.compute_msl:2614 -   ★ HOT + in zone (new opportunities): ['TATAPOWER', 'POWERGRID', 'ABB', 'NMDC', 'HINDALCO', 'SIEMENS', 'SAIL', 'SOLARINDS', 'KIRLOSENG', 'BHARATFORG', 'KEI', 'CGPOWER']
20:39:05 | INFO     | compute.compute_msl:2624 -   🌱 FRESH trend + struct_edge: ['SARDAEN', 'TATASTEEL', 'JSWSTEEL', 'AIAENG', 'SCHAEFFLER', 'INDUSINDBK', 'ASTERDM', 'USHAMART', 'NTPC', 'GRAPHITE', 'AUBANK', 'IPCALAB']
20:39:05 | INFO     | compute.compute_msl:2673 -   Sheet vs computed divergences (84), top 40 by rank:
20:39:05 | INFO     | compute.compute_msl:2675 -     #1 NTPC: mom BUILDING→BUILDING  score 131→55.3
20:39:05 | INFO     | compute.compute_msl:2675 -     #2 HINDALCO: mom HOT→HOT  score 130→61.7
20:39:05 | INFO     | compute.compute_msl:2675 -     #3 TATAPOWER: mom HOT→HOT  score 124→63.6
20:39:05 | INFO     | compute.compute_msl:2675 -     #4 CUMMINSIND: mom HOT→HOT  score 124→63.8
20:39:05 | INFO     | compute.compute_msl:2675 -     #5 KEI: mom HOT→HOT  score 124→62.7
20:39:05 | INFO     | compute.compute_msl:2675 -     #6 BHARATFORG: mom HOT→HOT  score 122→58.7
20:39:05 | INFO     | compute.compute_msl:2675 -     #7 POWERGRID: mom HOT→HOT  score 122→62.6
20:39:05 | INFO     | compute.compute_msl:2675 -     #8 ABB: mom HOT→HOT  score 120→57.9
20:39:05 | INFO     | compute.compute_msl:2675 -     #9 CGPOWER: mom HOT→HOT  score 119→64.5
20:39:05 | INFO     | compute.compute_msl:2675 -     #10 SAIL: mom HOT→HOT  score 119→65.2
20:39:05 | INFO     | compute.compute_msl:2675 -     #11 JSWSTEEL: mom BUILDING→BUILDING  score 117→59.3
20:39:05 | INFO     | compute.compute_msl:2675 -     #12 NMDC: mom HOT→HOT  score 115→62.0
20:39:05 | INFO     | compute.compute_msl:2675 -     #13 COALINDIA: mom HOT→HOT  score 113→60.5
20:39:05 | INFO     | compute.compute_msl:2675 -     #14 POLYCAB: mom HOT→HOT  score 109→57.2
20:39:05 | INFO     | compute.compute_msl:2675 -     #15 SARDAEN: mom BUILDING→BUILDING  score 109→55.6
20:39:05 | INFO     | compute.compute_msl:2675 -     #16 SIEMENS: mom HOT→HOT  score 107→57.4
20:39:05 | INFO     | compute.compute_msl:2675 -     #17 LLOYDSME: mom HOT→HOT  score 105→51.2
20:39:05 | INFO     | compute.compute_msl:2675 -     #18 ELGIEQUIP: mom HOT→HOT  score 105→56.1
20:39:05 | INFO     | compute.compute_msl:2675 -     #19 APARINDS: mom HOT→HOT  score 104→57.0
20:39:05 | INFO     | compute.compute_msl:2675 -     #20 SOLARINDS: mom HOT→HOT  score 102→57.8
20:39:05 | INFO     | compute.compute_msl:2675 -     #21 ADANIPOWER: mom HOT→HOT  score 101→49.6
20:39:05 | INFO     | compute.compute_msl:2675 -     #22 KIRLOSENG: mom HOT→HOT  score 101→61.2
20:39:05 | INFO     | compute.compute_msl:2675 -     #23 TATASTEEL: mom BUILDING→BUILDING  score 100→52.1
20:39:05 | INFO     | compute.compute_msl:2675 -     #24 TORNTPOWER: mom HOT→HOT  score 99→59.8
20:39:05 | INFO     | compute.compute_msl:2675 -     #25 WELCORP: mom HOT→HOT  score 99→42.1
20:39:05 | INFO     | compute.compute_msl:2675 -     #26 BHEL: mom HOT→HOT  score 99→56.0
20:39:05 | INFO     | compute.compute_msl:2675 -     #27 AIAENG: mom BUILDING→BUILDING  score 98→46.1
20:39:05 | INFO     | compute.compute_msl:2675 -     #28 GPIL: mom BUILDING→BUILDING  score 95→48.7
20:39:05 | INFO     | compute.compute_msl:2675 -     #29 ATUL: mom HOT→HOT  score 95→53.2
20:39:05 | INFO     | compute.compute_msl:2675 -     #30 GRAPHITE: mom BUILDING→BUILDING  score 93→47.1
20:39:05 | INFO     | compute.compute_msl:2675 -     #31 HINDZINC: mom BUILDING→BUILDING  score 92→46.7
20:39:05 | INFO     | compute.compute_msl:2675 -     #32 ZENTEC: mom HOT→HOT  score 92→54.9
20:39:05 | INFO     | compute.compute_msl:2675 -     #33 NLCINDIA: mom HOT→HOT  score 90→55.9
20:39:05 | INFO     | compute.compute_msl:2675 -     #34 AUBANK: mom BUILDING→BUILDING  score 90→44.7
20:39:05 | INFO     | compute.compute_msl:2675 -     #35 CESC: mom HOT→HOT  score 89→50.9
20:39:05 | INFO     | compute.compute_msl:2675 -     #36 DRREDDY: mom HOT→HOT  score 89→48.0
20:39:05 | INFO     | compute.compute_msl:2675 -     #37 TORNTPHARM: mom WEAK→WEAK  score 88→43.5
20:39:05 | INFO     | compute.compute_msl:2675 -     #38 DATAPATTNS: mom HOT→HOT  score 87→54.3
20:39:05 | INFO     | compute.compute_msl:2675 -     #39 RRKABEL: mom HOT→HOT  score 86→52.2
20:39:05 | INFO     | compute.compute_msl:2675 -     #40 INDUSINDBK: mom HOT→HOT  score 84→46.3
20:39:05 | INFO     | compute.compute_msl:2691 - Pass 3: writing results...
20:39:05 | SUCCESS  | compute.compute_msl:2491 - ✓ full: 92 → master_shortlist
20:39:05 | INFO     | __main__:29 - ✓ 14_compute_msl done in 1.0s
20:39:05 | INFO     | __main__:22 - 
────────────────────────────────────────────────────────────
20:39:05 | INFO     | __main__:23 -   15_signals
20:39:05 | INFO     | __main__:24 - ────────────────────────────────────────────────────────────
20:39:05 | INFO     | signals.generate_signals:1158 - ============================================================
20:39:05 | INFO     | signals.generate_signals:1159 - STEP [15]: Generate Signals v5 — Dynamic Thresholds
20:39:05 | INFO     | signals.generate_signals:1160 - ============================================================
20:39:05 | INFO     | signals.generate_signals:231 -   Resolving trading day from 2026-05-03 (holidays loaded: 26)
20:39:05 | INFO     | signals.generate_signals:260 -   Trading day resolved: 2026-05-03 → 2026-04-30
20:39:05 | INFO     | signals.generate_signals:839 -   Thresholds loaded: risk_block=80.0 holding_exit=30.0 min_rr=1.0 min_score_adj=45.0 prime_breakout_min=55.0
20:39:05 | INFO     | signals.generate_signals:326 -   MSL: 92 rows | compute_source: {'ingest_sheets': 2, 'screen_stocks': 90}
20:39:05 | INFO     | signals.generate_signals:1168 - Signal breakdown:  {'WATCH': 48, 'BLOCKED_ASM': 1}
20:39:05 | INFO     | signals.generate_signals:1169 - Subtype breakdown: {}
20:39:05 | INFO     | signals.generate_signals:1179 -   BUY: 0 (PRIME:0 REENTRY:0)
20:39:05 | INFO     | signals.generate_signals:1180 -   EXIT:0 REDUCE:0 WATCH:48 (near_miss:44)
20:39:05 | INFO     | signals.generate_signals:1186 -     target_already_reached: 10 — POWERGRID, NMDC, COALINDIA, TATASTEEL
20:39:05 | INFO     | signals.generate_signals:1186 -     chase_2.5atrs_limit_1.3: 3 — HINDALCO, CUMMINSIND, GRANULES
20:39:05 | INFO     | signals.generate_signals:1186 -     extended_timing_no_reentry: 3 — LLOYDSME, BHEL, ADANIPORTS
20:39:05 | INFO     | signals.generate_signals:1186 -     chase_3.1atrs_limit_2.9: 1 — TATAPOWER
20:39:05 | INFO     | signals.generate_signals:1186 -     chase_3.6atrs_limit_0.5: 1 — SIEMENS
20:39:05 | INFO     | signals.generate_signals:1186 -     chase_2.0atrs_limit_1.8: 1 — SARDAEN
20:39:05 | INFO     | signals.generate_signals:1186 -     chase_3.6atrs_limit_1.6: 1 — SAIL
20:39:05 | INFO     | signals.generate_signals:1186 -     chase_3.0atrs_limit_1.3: 1 — KIRLOSENG
20:39:05 | INFO     | signals.generate_signals:1186 -     chase_2.5atrs_limit_0.8: 1 — NLCINDIA
20:39:05 | INFO     | signals.generate_signals:1186 -     chase_3.8atrs_limit_1.6: 1 — DATAPATTNS
20:39:05 | INFO     | signals.generate_signals:1196 -   💡 Near misses for step 19 upgrade evaluation:
20:39:05 | INFO     | signals.generate_signals:1200 -     TATAPOWER: atr_chase — {'blocked_by': 'atr_chase', 'dist_atrs': 3.08, 'max_atrs': 2.9, 'gap_atrs': 0.18}
20:39:05 | INFO     | signals.generate_signals:1200 -     POWERGRID: target_reached — {'blocked_by': 'target_reached', 'target': 311.15228, 'cp': 318.35}
20:39:05 | INFO     | signals.generate_signals:1200 -     NMDC: target_reached — {'blocked_by': 'target_reached', 'target': 84.641742, 'cp': 90.37}
20:39:05 | INFO     | signals.generate_signals:1200 -     HINDALCO: atr_chase — {'blocked_by': 'atr_chase', 'dist_atrs': 2.46, 'max_atrs': 1.3, 'gap_atrs': 1.16}
20:39:05 | INFO     | signals.generate_signals:1200 -     CUMMINSIND: atr_chase — {'blocked_by': 'atr_chase', 'dist_atrs': 2.47, 'max_atrs': 1.3, 'gap_atrs': 1.17}
20:39:05 | INFO     | signals.generate_signals:1146 - ✓ 49 signals written to signal_log
20:39:05 | INFO     | __main__:29 - ✓ 15_signals done in 0.6s
20:39:05 | INFO     | __main__:22 - 
────────────────────────────────────────────────────────────
20:39:05 | INFO     | __main__:23 -   16_history
20:39:05 | INFO     | __main__:24 - ────────────────────────────────────────────────────────────
20:39:05 | INFO     | history.append_history:105 - STEP: Append MSL + Regime History Snapshot
20:39:06 | INFO     | history.append_history:58 -   Resolving trading day from 2026-05-03 (holidays loaded: 26)
20:39:06 | INFO     | history.append_history:87 -   Trading day resolved: 2026-05-03 → 2026-04-30
20:39:06 | INFO     | history.append_history:120 - History snapshot already exists for 2026-04-30 — skipping
20:39:06 | INFO     | __main__:29 - ✓ 16_history done in 0.1s
20:39:06 | INFO     | __main__:22 - 
────────────────────────────────────────────────────────────
20:39:06 | INFO     | __main__:23 -   17_post_trade
20:39:06 | INFO     | __main__:24 - ────────────────────────────────────────────────────────────
20:39:06 | INFO     | ai.post_trade_analysis:1334 - No recent closed trades to analyze
20:39:06 | INFO     | __main__:29 - ✓ 17_post_trade done in 0.0s
20:39:06 | INFO     | __main__:22 - 
────────────────────────────────────────────────────────────
20:39:06 | INFO     | __main__:23 -   18_ai_market_intel
20:39:06 | INFO     | __main__:24 - ────────────────────────────────────────────────────────────
20:39:06 | INFO     | ai.market_intelligence_engine:821 - ============================================================
20:39:06 | INFO     | ai.market_intelligence_engine:822 - STEP 18: AI Market Intelligence 
20:39:06 | INFO     | ai.market_intelligence_engine:823 - ============================================================
20:39:06 | INFO     | ai.market_intelligence_engine:828 - Today: 2026-05-03 | Last trading day: 2026-04-30
20:39:06 | INFO     | ai.market_intelligence_engine:831 - Pass 1: building market context...
20:39:06 | INFO     | ai.market_intelligence_engine:172 -   market_news: 40 items | window 2026-05-01 → 2026-05-03
20:39:06 | INFO     | ai.market_intelligence_engine:833 -   0 signal candidates | 40 news | 24 sectors | 10 macro indicators | 5 historical echoes
20:39:06 | INFO     | ai.market_intelligence_engine:870 - Calling AI...
20:39:25 | INFO     | ai.market_intelligence_engine:798 - ai_context __MARKET_INTEL__ written
20:39:25 | SUCCESS  | ai.market_intelligence_engine:891 - Step 18 done: 0 scores updated | 2 lessons | Sizing: MINIMAL | FII 5-session: SELLING | Echo: Compared to 2026-04-30 (FII -21,819Cr, HALF sizing), FII selling has deepened (-
20:39:25 | INFO     | __main__:29 - ✓ 18_ai_market_intel done in 19.4s
20:39:25 | INFO     | __main__:22 - 
────────────────────────────────────────────────────────────
20:39:25 | INFO     | __main__:23 -   19_ai_decision_engine
20:39:25 | INFO     | __main__:24 - ────────────────────────────────────────────────────────────
20:39:25 | INFO     | ai.ai_decision_engine:815 - ============================================================
20:39:25 | INFO     | ai.ai_decision_engine:816 - STEP 19: AI Decision Engine 
20:39:25 | INFO     | ai.ai_decision_engine:817 - ============================================================
20:39:25 | INFO     | ai.ai_decision_engine:823 - Non-trading day detected — rolling back to last trading date: 2026-04-30
20:39:25 | INFO     | ai.ai_decision_engine:826 - Loading context...
20:39:25 | WARNING  | ai.ai_decision_engine:192 - No gate-passed signals found for 2026-04-30
20:39:25 | WARNING  | ai.ai_decision_engine:830 - No candidates available — step 19 skipped
20:39:25 | INFO     | __main__:29 - ✓ 19_ai_decision_engine done in 0.2s
20:39:25 | INFO     | __main__:22 - 
────────────────────────────────────────────────────────────
20:39:25 | INFO     | __main__:23 -   20_alerts
20:39:25 | INFO     | __main__:24 - ────────────────────────────────────────────────────────────
20:39:25 | INFO     | alerts.send_alerts:806 - send_alerts v3 | argv=['run_pipeline.py']
20:39:26 | INFO     | alerts.send_alerts:824 - Data loaded: step19=❌ fallback | 55 signals | 0 positions
20:39:26 | SUCCESS  | alerts.send_alerts:849 - Telegram (structured) sent: T1:0 T2:0 exit:0 add:0 pos:0 | step19:fallback
20:39:26 | INFO     | __main__:29 - ✓ 20_alerts done in 1.2s
20:39:26 | INFO     | __main__:22 - 
────────────────────────────────────────────────────────────
20:39:26 | INFO     | __main__:23 -   21_quality_check
20:39:26 | INFO     | __main__:24 - ────────────────────────────────────────────────────────────
20:39:27 | INFO     | compute.data_quality_monitor:821 - data_quality_monitor v3: 17 checks | 5-state regime | today=2026-05-03 | LTD=2026-04-30
20:39:27 | INFO     | compute.data_quality_monitor:855 -   🔴 C01_chartink_row_count: chartink_raw_data: 0 rows (expected 450–510)
20:39:27 | INFO     | compute.data_quality_monitor:855 -   ✅ C02_rsi_range: 0 stocks with RSI outside 0–100
20:39:27 | INFO     | compute.data_quality_monitor:855 -   ✅ C03_vol_ratio_cap: All vol_ratio values within cap
20:39:27 | INFO     | compute.data_quality_monitor:855 -   ✅ C04_delivery_pct_bounds: 0 stocks with delivery_pct outside 0–100
20:39:27 | INFO     | compute.data_quality_monitor:855 -   ✅ C05_signal_score_range: 0 signals with score outside 0–120
20:39:27 | WARNING  | compute.data_quality_monitor:857 - C06 threw exception: {'code': '42703', 'details': None, 'hint': None, 'message': 'column master_shortlist.score does not exist'}
20:39:28 | INFO     | compute.data_quality_monitor:855 -   🔴 C07_pipeline_completeness: 13/17 steps missing data: ['02_macro_indicators', '03_global_cues', '04_fetch_chartink', '05_ingest_
20:39:28 | WARNING  | compute.data_quality_monitor:857 - C08 threw exception: {'code': '42703', 'details': None, 'hint': None, 'message': 'column ai_context.context_json does not exist'}
20:39:29 | INFO     | compute.data_quality_monitor:855 -   ✅ C09_regime_ml_vs_manual: No market_regime row today — ingest_sheets may not have run
20:39:29 | INFO     | compute.data_quality_monitor:855 -   ✅ C10_positions_vs_regime_cap: Open positions: 0/6 for NEUTRAL regime
20:39:29 | INFO     | compute.data_quality_monitor:855 -   🔴 C11_shortlist_validity: No __SHORTLIST__ in ai_context for 2026-04-30 — generate_shortlist failed or wrote wrong date
20:39:29 | INFO     | compute.data_quality_monitor:855 -   🔴 C12_market_intel_validity: __MARKET_INTEL__ issues — missing keys: ['top_3_candidates']; top_3_candidates is empty
20:39:29 | WARNING  | compute.data_quality_monitor:857 - C13 threw exception: {'code': '42703', 'details': None, 'hint': None, 'message': 'column ai_context.id does not exist'}
20:39:29 | WARNING  | compute.data_quality_monitor:857 - C14 threw exception: {'code': '42703', 'details': None, 'hint': None, 'message': 'column ai_context.context_json does not exist'}
20:39:29 | INFO     | compute.data_quality_monitor:855 -   ✅ C15_fii_regime_consistency: FII/regime/sizing consistent: regime=NEUTRAL, sizing=MINIMAL, fii=CAUTION
20:39:29 | INFO     | compute.data_quality_monitor:855 -   ✅ C16_lesson_quality: All 10 AI:market_intel lessons well-formed
20:39:29 | INFO     | compute.data_quality_monitor:855 -   🔴 C17_signal_enrich_coverage: ai_enrich coverage: 5/55 signals enriched (9%) — below 50% threshold
20:39:29 | WARNING  | compute.data_quality_monitor:807 - Quality Telegram alert failed: cannot import name 'send_telegram_message' from 'alerts.send_alerts' (C:\Users\vkshu\CRITICAL\Equity Indian Market Framework\tradeos-v6-complete\tradeos-v6\backend\alerts\send_alerts.py)
20:39:29 | SUCCESS  | compute.data_quality_monitor:885 - Quality v3: ✅8 OK | ⚠️4 WARN | 🔴5 ERROR | 17 checks | LTD=2026-04-30
20:39:29 | INFO     | __main__:29 - ✓ 21_quality_check done in 2.5s
20:39:29 | INFO     | __main__:42 - 
════════════════════════════════════════════════════════════
20:39:29 | INFO     | __main__:43 -   TradeOS v6 Pipeline — 2026-05-03 IST
20:39:29 | INFO     | __main__:44 - ════════════════════════════════════════════════════════════
20:39:29 | INFO     | __main__:47 -   ✅ OK  01_market_news                      19.7s
20:39:29 | INFO     | __main__:47 -   ✅ OK  02_macro_indicators                 6.8s
20:39:29 | INFO     | __main__:47 -   ✅ OK  03_global_cues                      1.2s
20:39:29 | INFO     | __main__:47 -   ✅ OK  04_fetch_chartink                   68.2s
20:39:29 | INFO     | __main__:47 -   ✅ OK  05_ingest_bhavcopy                  0.5s
20:39:29 | INFO     | __main__:47 -   ✅ OK  06_ingest_sheets                    33.8s
20:39:29 | INFO     | __main__:47 -   ✅ OK  07_fii_dii                          1.4s
20:39:29 | INFO     | __main__:47 -   ✅ OK  08_nse_events                       1.6s
20:39:29 | INFO     | __main__:47 -   ✅ OK  09_asm_gsm                          13.9s
20:39:29 | INFO     | __main__:47 -   ✅ OK  10_compute_indicators               10.7s
20:39:29 | INFO     | __main__:47 -   ✅ OK  11_compute_regime                   0.6s
20:39:29 | INFO     | __main__:47 -   ✅ OK  12_regime_predict                   2.4s
20:39:29 | INFO     | __main__:47 -   ✅ OK  13_screen_stocks                    1.0s
20:39:29 | INFO     | __main__:47 -   ✅ OK  14_compute_msl                      1.0s
20:39:29 | INFO     | __main__:47 -   ✅ OK  15_signals                          0.6s
20:39:29 | INFO     | __main__:47 -   ✅ OK  16_history                          0.1s
20:39:29 | INFO     | __main__:47 -   ✅ OK  17_post_trade                       0.0s
20:39:29 | INFO     | __main__:47 -   ✅ OK  18_ai_market_intel                  19.4s
20:39:29 | INFO     | __main__:47 -   ✅ OK  19_ai_decision_engine               0.2s
20:39:29 | INFO     | __main__:47 -   ✅ OK  20_alerts                           1.2s
20:39:29 | INFO     | __main__:47 -   ✅ OK  21_quality_check                    2.5s
20:39:29 | INFO     | __main__:48 - ────────────────────────────────────────────────────────────
20:39:29 | INFO     | __main__:49 -   Total: 187.1s | ✅ 21 OK | ❌ 0 Failed
20:39:29 | INFO     | __main__:50 - ════════════════════════════════════════════════════════════

21:53:14 | INFO     | config:189 - TradeOS v6 config loaded | Capital=₹200,000 | DRY_RUN=False | Phase=2
21:53:14 | INFO     | __main__:845 - Smart mode: model absent, stale, or outdated schema — training now.
21:53:14 | INFO     | __main__:492 - ============================================================
21:53:14 | INFO     | __main__:493 - ML Regime Classifier — Training (v3 — 5-state, 9 features)
21:53:14 | INFO     | __main__:494 - ============================================================
21:53:14 | INFO     | __main__:495 - 
Data health check:
21:53:14 | INFO     | __main__:134 -   [✓] regime_history             35 rows  latest=2026-04-30  (need 20)
21:53:14 | INFO     | __main__:134 -   [✓] market_regime              31 rows  latest=2026-04-30  (need 30)
21:53:14 | INFO     | __main__:134 -   [✓] fii_dii_flow               43 rows  latest=2026-05-03  (need 20)
21:53:14 | INFO     | __main__:134 -   [✓] sector_strength           974 rows  latest=2026-05-03  (need 10)
21:53:15 | INFO     | __main__:134 -   [✓] nifty_total_market        600 rows  latest=THELEELA  (need 100)
21:53:16 | INFO     | __main__:134 -   [✓] stock_data_daily        19967 rows  latest=2026-04-30  (need 100)
21:53:16 | INFO     | __main__:134 -   [✓] master_shortlist          646 rows  latest=2026-05-03  (need 1)
21:53:16 | SUCCESS  | __main__:153 - All critical tables meet minimum data thresholds.
21:53:16 | INFO     | __main__:497 - 
21:53:18 | INFO     | __main__:444 - Training candidates: 35 labelled rows (cutoff=2025-05-03)
21:53:22 | INFO     | __main__:474 - Training rows built: 30 usable, 5 skipped | Label distribution: {'RISK OFF': 22, 'RECOVERING': 7, 'NEUTRAL': 1}
21:53:22 | INFO     | __main__:479 -   Skip reasons: {'nifty_5d_null': 5}
21:53:22 | WARNING  | __main__:527 - Sparse label classes (< 3 samples): [('NEUTRAL', 1)] — CV accuracy for these classes will be noisy. More data needed.
21:53:24 | SUCCESS  | __main__:596 - 
✓ Regime classifier v3 trained: 30 samples, CV accuracy=93.3% ±8.2%
  Label distribution: {'TRENDING': 0, 'RISK ON': 0, 'NEUTRAL': 1, 'RECOVERING': 7, 'RISK OFF': 22}
  Top features: india_vix(0.314) > fii_net_5d(0.174) > avg_sector_breadth(0.168)
  Model saved → C:\Users\vkshu\CRITICAL\Equity Indian Market Framework\tradeos-v6-complete\tradeos-v6\backend\models\ml_regime_model.pkl
21:53:24 | INFO     | __main__:657 - Model v3: 30 samples, CV=93.3%, trained=2026-05-03
21:58:28 | INFO     | config:189 - TradeOS v6 config loaded | Capital=₹200,000 | DRY_RUN=False | Phase=2
21:58:29 | INFO     | __main__:657 - Model v3: 30 samples, CV=93.3%, trained=2026-05-03
21:58:30 | INFO     | __main__:688 - Regime probability distribution: {'TRENDING': 0.0, 'RISK ON': 0.0, 'NEUTRAL': 0.5321, 'RECOVERING': 0.333, 'RISK OFF': 0.1349}
22:01:50 | INFO     | config:189 - TradeOS v6 config loaded | Capital=₹200,000 | DRY_RUN=False | Phase=2
22:01:51 | INFO     | __main__:657 - Model v3: 30 samples, CV=93.3%, trained=2026-05-03
22:01:51 | INFO     | __main__:688 - Regime probability distribution: {'TRENDING': 0.0, 'RISK ON': 0.0, 'NEUTRAL': 0.5321, 'RECOVERING': 0.333, 'RISK OFF': 0.1349}
22:01:51 | INFO     | __main__:713 - market_regime updated: predicted_regime=NEUTRAL, confidence=53.2%
22:01:51 | SUCCESS  | __main__:729 - Regime prediction: NEUTRAL (conf=53.2%) | manual=UNKNOWN
22:06:56 | INFO     | config:189 - TradeOS v6 config loaded | Capital=₹200,000 | DRY_RUN=False | Phase=2
22:06:57 | INFO     | __main__:688 - Model v3: 30 samples, CV=93.3%, trained=2026-05-03
22:06:58 | INFO     | __main__:719 - Regime probability distribution: {'TRENDING': 0.0, 'RISK ON': 0.0, 'NEUTRAL': 0.5731, 'RECOVERING': 0.4093, 'RISK OFF': 0.0176}
22:06:58 | INFO     | __main__:744 - market_regime updated: predicted_regime=NEUTRAL, confidence=57.3%
22:06:58 | INFO     | __main__:782 - stock_data_daily.predicted_regime=NEUTRAL denormalised to 500 rows for 2026-04-30
22:06:58 | SUCCESS  | __main__:760 - Regime prediction: NEUTRAL (conf=57.3%) | manual=NEUTRAL
22:34:22 | INFO     | config:189 - TradeOS v6 config loaded | Capital=₹200,000 | DRY_RUN=False | Phase=2
22:34:22 | INFO     | __main__:825 - ============================================================
22:34:22 | INFO     | __main__:826 - STEP 18: AI Market Intelligence 
22:34:22 | INFO     | __main__:827 - ============================================================
22:34:22 | INFO     | __main__:832 - Today: 2026-05-03 | Last trading day: 2026-04-30
22:34:22 | INFO     | __main__:835 - Pass 1: building market context...
22:34:23 | INFO     | __main__:172 -   market_news: 40 items | window 2026-05-01 → 2026-05-03
22:34:24 | INFO     | __main__:837 -   0 signal candidates | 40 news | 24 sectors | 10 macro indicators | 5 historical echoes
22:34:24 | INFO     | __main__:847 - Pass 2: fetching news for 15 candidates (BUY:0 WATCH:15)...
22:34:47 | INFO     | __main__:865 - Pass 2 done: 45 headlines across 15 stocks
22:34:47 | INFO     | __main__:875 - Calling AI...
22:35:21 | INFO     | __main__:749 - sentiment_modifier: 0 signal_log scores updated
22:35:21 | INFO     | __main__:802 - ai_context __MARKET_INTEL__ written
22:35:22 | SUCCESS  | __main__:896 - Step 18 done: 0 scores updated | 3 lessons | Sizing: REDUCED_25PCT | FII 5-session: SELLING | Echo: Compared to the April 30 echo (FII selling -₹22,599Cr/5d, DII buying, global ris
23:32:12 | INFO     | config:189 - TradeOS v6 config loaded | Capital=₹200,000 | DRY_RUN=False | Phase=2
23:32:12 | INFO     | __main__:1160 - ============================================================
23:32:12 | INFO     | __main__:1161 - STEP [15]: Generate Signals v5 — Dynamic Thresholds
23:32:12 | INFO     | __main__:1162 - ============================================================
23:32:12 | INFO     | __main__:231 -   Resolving trading day from 2026-05-03 (holidays loaded: 26)
23:32:12 | INFO     | __main__:260 -   Trading day resolved: 2026-05-03 → 2026-04-30
23:32:12 | INFO     | __main__:839 -   Thresholds loaded: risk_block=80.0 holding_exit=30.0 min_rr=1.0 min_score_adj=45.0 prime_breakout_min=55.0
23:32:13 | INFO     | __main__:326 -   MSL: 92 rows | compute_source: {'ingest_sheets': 2, 'screen_stocks': 90}
23:32:13 | INFO     | __main__:1170 - Signal breakdown:  {'WATCH': 48, 'BLOCKED_ASM': 1}
23:32:13 | INFO     | __main__:1171 - Subtype breakdown: {}
23:32:13 | INFO     | __main__:1181 -   BUY: 0 (PRIME:0 REENTRY:0)
23:32:13 | INFO     | __main__:1182 -   EXIT:0 REDUCE:0 WATCH:48 (near_miss:44)
23:32:13 | INFO     | __main__:1188 -     target_already_reached: 10 — POWERGRID, NMDC, COALINDIA, TATASTEEL
23:32:13 | INFO     | __main__:1188 -     chase_2.5atrs_limit_1.3: 3 — HINDALCO, CUMMINSIND, GRANULES
23:32:13 | INFO     | __main__:1188 -     extended_timing_no_reentry: 3 — LLOYDSME, BHEL, ADANIPORTS
23:32:13 | INFO     | __main__:1188 -     chase_3.1atrs_limit_2.9: 1 — TATAPOWER
23:32:13 | INFO     | __main__:1188 -     chase_3.6atrs_limit_0.5: 1 — SIEMENS
23:32:13 | INFO     | __main__:1188 -     chase_2.0atrs_limit_1.8: 1 — SARDAEN
23:32:13 | INFO     | __main__:1188 -     chase_3.6atrs_limit_1.6: 1 — SAIL
23:32:13 | INFO     | __main__:1188 -     chase_3.0atrs_limit_1.3: 1 — KIRLOSENG
23:32:13 | INFO     | __main__:1188 -     chase_2.5atrs_limit_0.8: 1 — NLCINDIA
23:32:13 | INFO     | __main__:1188 -     chase_3.8atrs_limit_1.6: 1 — DATAPATTNS
23:32:13 | INFO     | __main__:1198 -   💡 Near misses for step 19 upgrade evaluation:
23:32:13 | INFO     | __main__:1202 -     TATAPOWER: atr_chase — {'blocked_by': 'atr_chase', 'dist_atrs': 3.08, 'max_atrs': 2.9, 'gap_atrs': 0.18}
23:32:13 | INFO     | __main__:1202 -     POWERGRID: target_reached — {'blocked_by': 'target_reached', 'target': 311.15228, 'cp': 318.35}
23:32:13 | INFO     | __main__:1202 -     NMDC: target_reached — {'blocked_by': 'target_reached', 'target': 84.641742, 'cp': 90.37}
23:32:14 | INFO     | __main__:1202 -     HINDALCO: atr_chase — {'blocked_by': 'atr_chase', 'dist_atrs': 2.46, 'max_atrs': 1.3, 'gap_atrs': 1.16}
23:32:14 | INFO     | __main__:1202 -     CUMMINSIND: atr_chase — {'blocked_by': 'atr_chase', 'dist_atrs': 2.47, 'max_atrs': 1.3, 'gap_atrs': 1.17}
23:32:14 | INFO     | __main__:1148 - ✓ 49 signals written to signal_log
23:34:19 | INFO     | config:189 - TradeOS v6 config loaded | Capital=₹200,000 | DRY_RUN=False | Phase=2
23:34:19 | INFO     | __main__:856 - ============================================================
23:34:19 | INFO     | __main__:857 - STEP 18: AI Market Intelligence 
23:34:19 | INFO     | __main__:858 - ============================================================
23:34:19 | INFO     | __main__:863 - Today: 2026-04-30 | Last trading day: 2026-04-30
23:34:19 | INFO     | __main__:866 - Pass 1: building market context...
23:34:21 | INFO     | __main__:172 -   market_news: 39 items | window 2026-04-30 → 2026-04-30
23:34:21 | WARNING  | __main__:194 - Zero buy candidates for 2026-04-30 — promoting top near-miss WATCH signals as provisional candidates for AI analysis
23:34:21 | INFO     | __main__:868 -   20 signal candidates | 39 news | 24 sectors | 10 macro indicators | 5 historical echoes
23:34:21 | INFO     | __main__:878 - Pass 2: fetching news for 20 candidates (BUY:20 WATCH:15)...
23:34:51 | INFO     | __main__:896 - Pass 2 done: 60 headlines across 20 stocks
23:34:51 | INFO     | __main__:906 - Calling AI...
23:35:28 | INFO     | __main__:780 - sentiment_modifier: 20 signal_log scores updated
23:35:28 | INFO     | __main__:833 - ai_context __MARKET_INTEL__ written
23:35:28 | SUCCESS  | __main__:927 - Step 18 done: 20 scores updated | 2 lessons | Sizing: REDUCED_25PCT | FII 5-session: SELLING | Echo: Compared to prior calls on 2026-04-30 and 2026-04-28, FII selling remains heavy 
23:37:44 | INFO     | config:189 - TradeOS v6 config loaded | Capital=₹200,000 | DRY_RUN=False | Phase=2
23:37:44 | INFO     | __main__:868 - ============================================================
23:37:44 | INFO     | __main__:869 - STEP 19: AI Decision Engine 
23:37:44 | INFO     | __main__:870 - ============================================================
23:37:44 | INFO     | __main__:876 - Non-trading day detected — rolling back to last trading date: 2026-04-30
23:37:44 | INFO     | __main__:879 - Loading context...
23:37:44 | WARNING  | __main__:193 - No gate-passed buy signals for 2026-04-30 — falling back to near-miss WATCH signals
23:37:45 | INFO     | __main__:893 -   20 candidates | 0 open positions | 12 lessons | 0 echoes | Sizing from step 18: REDUCED_25PCT
23:37:45 | INFO     | __main__:909 - Calling AI (single batch, 20 candidates)...
23:37:45 | INFO     | __main__:683 - Step 19 AI call via provider: deepseek
23:38:59 | INFO     | __main__:918 - AI responded in 74.2s
23:39:02 | INFO     | __main__:789 - signal_log + master_shortlist: 20 candidates enriched
23:39:02 | INFO     | __main__:820 - ai_context __FINAL_PICKS__ written
23:39:02 | SUCCESS  | __main__:933 - Step 19 done in 74.2s | TIER_1:1 TIER_2:2 TIER_3:17 | Enriched:20 | New rules:2 | Sizing:REDUCED_25PCT
23:39:02 | INFO     | __main__:939 -   Guidance: Max 2 new entries today (TATAPOWER at 6% and COALINDIA at 3%) given CAUTION regime and REDUCED_25PCT sizing. Combined allocation: 9% of available capital (36% of normal).
23:39:02 | INFO     | __main__:940 -   Overweight: ['power & utilities'] | Underweight: ['industrials', 'aerospace & defence', 'bank', 'i.t']
23:39:02 | INFO     | __main__:948 -   ★ TIER_1: TATAPOWER(HIGH,6%)
23:39:02 | INFO     | __main__:952 -   ⚠ power & utilities: 4 candidates, allow 2 — Cap to best 2: TATAPOWER (TIER_1) and POWERGRID (TIER_2). Others (TORNTPOWER, NLCINDIA, ENRIN) are SKIP due to high distance and days_to_trigger.
23:39:02 | INFO     | __main__:952 -   ⚠ industrials: 7 candidates, allow 0 — Sector is EXTENDED – avoid new entries. All candidates in this sector are TIER_3 or SKIP.
23:39:02 | INFO     | __main__:952 -   ⚠ metals & mining: 4 candidates, allow 1 — Cap to best 1: COALINDIA (TIER_2). Others are SKIP due to RSI extension or high distance.
23:39:02 | INFO     | __main__:952 -   ⚠ aerospace & defence: 2 candidates, allow 0 — Sector not in top 3 – avoid entries. All candidates SKIP.
23:39:02 | INFO     | __main__:959 -   ⚡ Cluster [Power & Utilities Large-cap]: ['TATAPOWER', 'POWERGRID'] — Take both as they are different tiers: TATAPOWER (TIER_1) for momentum, POWERGRID (TIER_2) for value. No need to cap further as they have distinct roles.
23:39:02 | INFO     | __main__:959 -   ⚡ Cluster [Metals & Mining Large-cap]: ['COALINDIA', 'SAIL', 'NMDC', 'HINDALCO'] — Take best 1 only: COALINDIA (TIER_2) has lowest distance and strongest HoldScore. Others SKIP.
23:57:14 | INFO     | config:189 - TradeOS v6 config loaded | Capital=₹200,000 | DRY_RUN=False | Phase=2
23:57:14 | INFO     | __main__:1160 - ============================================================
23:57:14 | INFO     | __main__:1161 - STEP [15]: Generate Signals v5 — Dynamic Thresholds
23:57:14 | INFO     | __main__:1162 - ============================================================
23:57:14 | INFO     | __main__:231 -   Resolving trading day from 2026-05-03 (holidays loaded: 26)
23:57:14 | INFO     | __main__:260 -   Trading day resolved: 2026-05-03 → 2026-04-30
23:57:14 | INFO     | __main__:839 -   Thresholds loaded: risk_block=80.0 holding_exit=30.0 min_rr=1.0 min_score_adj=45.0 prime_breakout_min=55.0
23:57:15 | INFO     | __main__:326 -   MSL: 92 rows | compute_source: {'ingest_sheets': 2, 'screen_stocks': 90}
23:57:15 | INFO     | __main__:1170 - Signal breakdown:  {'WATCH': 48, 'BLOCKED_ASM': 1}
23:57:15 | INFO     | __main__:1171 - Subtype breakdown: {}
23:57:15 | INFO     | __main__:1181 -   BUY: 0 (PRIME:0 REENTRY:0)
23:57:15 | INFO     | __main__:1182 -   EXIT:0 REDUCE:0 WATCH:48 (near_miss:44)
23:57:15 | INFO     | __main__:1188 -     target_already_reached: 10 — POWERGRID, NMDC, COALINDIA, TATASTEEL
23:57:15 | INFO     | __main__:1188 -     chase_2.5atrs_limit_1.3: 3 — HINDALCO, CUMMINSIND, GRANULES
23:57:15 | INFO     | __main__:1188 -     extended_timing_no_reentry: 3 — LLOYDSME, BHEL, ADANIPORTS
23:57:15 | INFO     | __main__:1188 -     chase_3.1atrs_limit_2.9: 1 — TATAPOWER
23:57:15 | INFO     | __main__:1188 -     chase_3.0atrs_limit_1.0: 1 — ABB
23:57:15 | INFO     | __main__:1188 -     chase_3.6atrs_limit_0.5: 1 — SIEMENS
23:57:15 | INFO     | __main__:1188 -     chase_2.0atrs_limit_1.8: 1 — SARDAEN
23:57:15 | INFO     | __main__:1188 -     chase_3.6atrs_limit_1.6: 1 — SAIL
23:57:15 | INFO     | __main__:1188 -     chase_3.0atrs_limit_1.3: 1 — KIRLOSENG
23:57:15 | INFO     | __main__:1188 -     chase_2.5atrs_limit_0.8: 1 — NLCINDIA
23:57:15 | INFO     | __main__:1198 -   💡 Near misses for step 19 upgrade evaluation:
23:57:15 | INFO     | __main__:1202 -     TATAPOWER: atr_chase — {'blocked_by': 'atr_chase', 'dist_atrs': 3.08, 'max_atrs': 2.9, 'gap_atrs': 0.18}
23:57:15 | INFO     | __main__:1202 -     ABB: atr_chase — {'blocked_by': 'atr_chase', 'dist_atrs': 2.95, 'max_atrs': 1.0, 'gap_atrs': 1.95}
23:57:15 | INFO     | __main__:1202 -     POWERGRID: target_reached — {'blocked_by': 'target_reached', 'target': 311.15228, 'cp': 318.35}
23:57:15 | INFO     | __main__:1202 -     NMDC: target_reached — {'blocked_by': 'target_reached', 'target': 84.641742, 'cp': 90.37}
23:57:15 | INFO     | __main__:1202 -     HINDALCO: atr_chase — {'blocked_by': 'atr_chase', 'dist_atrs': 2.46, 'max_atrs': 1.3, 'gap_atrs': 1.16}
23:57:15 | INFO     | __main__:1148 - ✓ 49 signals written to signal_log
19:44:54 | INFO     | config:189 - TradeOS v6 config loaded | Capital=₹200,000 | DRY_RUN=False | Phase=2
19:44:56 | INFO     | __main__:688 - Model v3: 30 samples, CV=93.3%, trained=2026-05-03
19:44:56 | INFO     | __main__:719 - Regime probability distribution: {'TRENDING': 0.0, 'RISK ON': 0.0, 'NEUTRAL': 0.5644, 'RECOVERING': 0.3948, 'RISK OFF': 0.0407}
19:44:56 | INFO     | __main__:744 - market_regime updated: predicted_regime=NEUTRAL, confidence=56.4%
19:44:56 | SUCCESS  | __main__:760 - Regime prediction: NEUTRAL (conf=56.4%) | manual=UNKNOWN
19:49:41 | INFO     | config:189 - TradeOS v6 config loaded | Capital=₹200,000 | DRY_RUN=False | Phase=2
19:49:42 | INFO     | __main__:688 - Model v3: 30 samples, CV=93.3%, trained=2026-05-03
19:49:42 | WARNING  | __main__:696 - Cannot build feature vector for 2026-05-04.
nifty_5d_chg_pct missing from market_regime — ensure ingest_sheets or compute_indicators has run first (pipeline step order).
